section,conditioned_on,cell_state,distance_coordinate_units,distance_um,cooccurrence_probability_ratio
26dpb_p2,Fib_K14,B_Mature,518.3039897581684,259.1519948790842,0.9044770036891098
26dpb_p2,Fib_K14,B_Mature,711.3480834332199,355.67404171660996,0.8701024780156363
26dpb_p2,Fib_K14,B_Mature,904.3921771082714,452.1960885541357,0.8447094688440109
26dpb_p2,Fib_K14,B_Mature,1097.436270783323,548.7181353916615,0.8388807124868366
26dpb_p2,Fib_K14,B_Mature,1290.4803644583744,645.2401822291872,0.8654973568978558
26dpb_p2,Fib_K14,B_Mature,1483.524458133426,741.762229066713,0.9063596168597902
26dpb_p2,Fib_K14,B_Mature,1676.5685518084774,838.2842759042387,0.9212470667790317
26dpb_p2,Fib_K14,B_Mature,1869.612645483529,934.8063227417645,0.9291311389242718
26dpb_p2,Fib_K14,B_Mature,2062.6567391585804,1031.3283695792902,0.9285661907608104
26dpb_p2,Fib_K14,B_Mature,2255.700832833632,1127.850416416816,0.9321392611351043
26dpb_p2,Fib_K14,B_Mature,2448.7449265086834,1224.3724632543417,0.9384761313329326
26dpb_p2,Fib_K14,B_Mature,2641.789020183735,1320.8945100918675,0.9482567878384432
26dpb_p2,Fib_K14,B_Mature,2834.8331138587864,1417.4165569293932,0.958552592418865
26dpb_p2,Fib_K14,B_Mature,3027.877207533838,1513.938603766919,0.9632882603501794
26dpb_p2,Fib_K14,B_Mature,3220.9213012088894,1610.4606506044447,0.9697873852401285
26dpb_p2,Fib_K14,B_Mature,3413.965394883941,1706.9826974419705,0.9747143446230381
26dpb_p2,Fib_K14,B_Mature,3607.0094885589924,1803.5047442794962,0.9779938977954444
26dpb_p2,Fib_K14,B_Mature,3800.053582234044,1900.026791117022,0.978943598996144
26dpb_p2,Fib_K14,B_Mature,3993.0976759090954,1996.5488379545477,0.9836785119368034
26dpb_p2,Fib_K14,B_Mature,4186.1417695841465,2093.0708847920732,0.9888053044583361
26dpb_p2,Fib_K14,B_Mature,4379.185863259198,2189.592931629599,0.9895417651077965
26dpb_p2,Fib_K14,B_Mature,4572.2299569342495,2286.1149784671247,0.9881430476464399
26dpb_p2,Fib_K14,B_Mature,4765.274050609301,2382.6370253046507,0.983243443000725
26dpb_p2,Fib_K14,B_Mature,4958.3181442843525,2479.1590721421762,0.9810561607082005
26dpb_p2,Fib_K14,B_Mature,5151.3622379594035,2575.6811189797018,0.9827141219035638
26dpb_p2,Fib_K14,B_Mature,5344.4063316344555,2672.2031658172277,0.9836107917473006
26dpb_p2,Fib_K14,B_Mature,5537.450425309507,2768.7252126547537,0.9822212101377065
26dpb_p2,Fib_K14,B_Mature,5730.494518984558,2865.247259492279,0.9809194406006524
26dpb_p2,Fib_K14,B_Mature,5923.5386126596095,2961.7693063298047,0.9809527277870598
26dpb_p2,Fib_K14,B_Mature,6116.582706334661,3058.2913531673307,0.9788093855817838
26dpb_p2,Fib_K14,B_Mature,6309.626800009713,3154.8134000048567,0.979298006101326
26dpb_p2,Fib_K14,B_Mature,6502.670893684764,3251.335446842382,0.9827104261754279
26dpb_p2,Fib_K14,B_Mature,6695.7149873598155,3347.8574936799077,0.9861925138710711
26dpb_p2,Fib_K14,B_Mature,6888.759081034867,3444.3795405174337,0.9879990461731251
26dpb_p2,Fib_K14,B_Mature,7081.803174709919,3540.9015873549597,0.9870015873162481
26dpb_p2,Fib_K14,B_Mature,7274.84726838497,3637.423634192485,0.9875374952629539
26dpb_p2,Fib_K14,B_Mature,7467.8913620600215,3733.9456810300107,0.9892130133495542
26dpb_p2,Fib_K14,B_Mature,7660.935455735073,3830.4677278675367,0.9904940822020222
26dpb_p2,Fib_K14,B_Mature,7853.979549410125,3926.9897747050627,0.9923145415530575
26dpb_p2,Fib_K14,B_Mature,8047.023643085176,4023.511821542588,0.992775532576396
26dpb_p2,Fib_K14,B_Mature,8240.067736760227,4120.033868380114,0.99411632693582
26dpb_p2,Fib_K14,B_Mature,8433.11183043528,4216.55591521764,0.9949631130443454
26dpb_p2,Fib_K14,B_Mature,8626.155924110331,4313.077962055166,0.9947122994398523
26dpb_p2,Fib_K14,B_Mature,8819.200017785382,4409.600008892691,0.99396912506109
26dpb_p2,Fib_K14,B_Mature,9012.244111460433,4506.122055730217,0.9943992717711994
26dpb_p2,Fib_K14,B_Mature,9205.288205135486,4602.644102567743,0.9962377133471173
26dpb_p2,Fib_K14,B_Mature,9398.332298810537,4699.166149405269,0.9982945048784603
26dpb_p2,Fib_K14,B_Mature,9591.376392485588,4795.688196242794,0.9991796208883966
26dpb_p2,Fib_K14,B_Mature,9784.42048616064,4892.21024308032,0.9993394857249159
26dpb_p2,Fib_K14,B_Plasma,518.3039897581684,259.1519948790842,0.7333736645523615
26dpb_p2,Fib_K14,B_Plasma,711.3480834332199,355.67404171660996,0.7206444985102516
26dpb_p2,Fib_K14,B_Plasma,904.3921771082714,452.1960885541357,0.719563221619508
26dpb_p2,Fib_K14,B_Plasma,1097.436270783323,548.7181353916615,0.7363340411723803
26dpb_p2,Fib_K14,B_Plasma,1290.4803644583744,645.2401822291872,0.7695171745771101
26dpb_p2,Fib_K14,B_Plasma,1483.524458133426,741.762229066713,0.8065504427541259
26dpb_p2,Fib_K14,B_Plasma,1676.5685518084774,838.2842759042387,0.8395150946378499
26dpb_p2,Fib_K14,B_Plasma,1869.612645483529,934.8063227417645,0.8741200465490944
26dpb_p2,Fib_K14,B_Plasma,2062.6567391585804,1031.3283695792902,0.9034864763507496
26dpb_p2,Fib_K14,B_Plasma,2255.700832833632,1127.850416416816,0.9296434146403786
26dpb_p2,Fib_K14,B_Plasma,2448.7449265086834,1224.3724632543417,0.9479047851833198
26dpb_p2,Fib_K14,B_Plasma,2641.789020183735,1320.8945100918675,0.961651737074241
26dpb_p2,Fib_K14,B_Plasma,2834.8331138587864,1417.4165569293932,0.973168988044257
26dpb_p2,Fib_K14,B_Plasma,3027.877207533838,1513.938603766919,0.9801104429544732
26dpb_p2,Fib_K14,B_Plasma,3220.9213012088894,1610.4606506044447,0.9831165315196649
26dpb_p2,Fib_K14,B_Plasma,3413.965394883941,1706.9826974419705,0.9852671214928471
26dpb_p2,Fib_K14,B_Plasma,3607.0094885589924,1803.5047442794962,0.9858417478588352
26dpb_p2,Fib_K14,B_Plasma,3800.053582234044,1900.026791117022,0.9863202075405983
26dpb_p2,Fib_K14,B_Plasma,3993.0976759090954,1996.5488379545477,0.9870402421042997
26dpb_p2,Fib_K14,B_Plasma,4186.1417695841465,2093.0708847920732,0.9874851309775481
26dpb_p2,Fib_K14,B_Plasma,4379.185863259198,2189.592931629599,0.9883290724317954
26dpb_p2,Fib_K14,B_Plasma,4572.2299569342495,2286.1149784671247,0.989523811170285
26dpb_p2,Fib_K14,B_Plasma,4765.274050609301,2382.6370253046507,0.9924942609207521
26dpb_p2,Fib_K14,B_Plasma,4958.3181442843525,2479.1590721421762,0.9946740156973928
26dpb_p2,Fib_K14,B_Plasma,5151.3622379594035,2575.6811189797018,0.9952258238252143
26dpb_p2,Fib_K14,B_Plasma,5344.4063316344555,2672.2031658172277,0.9956868439040368
26dpb_p2,Fib_K14,B_Plasma,5537.450425309507,2768.7252126547537,0.9958311986972649
26dpb_p2,Fib_K14,B_Plasma,5730.494518984558,2865.247259492279,0.9962670554073745
26dpb_p2,Fib_K14,B_Plasma,5923.5386126596095,2961.7693063298047,0.997110150575867
26dpb_p2,Fib_K14,B_Plasma,6116.582706334661,3058.2913531673307,0.9984690006874604
26dpb_p2,Fib_K14,B_Plasma,6309.626800009713,3154.8134000048567,1.0004909005107863
26dpb_p2,Fib_K14,B_Plasma,6502.670893684764,3251.335446842382,1.0020519200469162
26dpb_p2,Fib_K14,B_Plasma,6695.7149873598155,3347.8574936799077,1.003318541510717
26dpb_p2,Fib_K14,B_Plasma,6888.759081034867,3444.3795405174337,1.0039848259627442
26dpb_p2,Fib_K14,B_Plasma,7081.803174709919,3540.9015873549597,1.0041788423045328
26dpb_p2,Fib_K14,B_Plasma,7274.84726838497,3637.423634192485,1.0042384055779008
26dpb_p2,Fib_K14,B_Plasma,7467.8913620600215,3733.9456810300107,1.0043955770235262
26dpb_p2,Fib_K14,B_Plasma,7660.935455735073,3830.4677278675367,1.0044226181933724
26dpb_p2,Fib_K14,B_Plasma,7853.979549410125,3926.9897747050627,1.00436234422567
26dpb_p2,Fib_K14,B_Plasma,8047.023643085176,4023.511821542588,1.0044999431414576
26dpb_p2,Fib_K14,B_Plasma,8240.067736760227,4120.033868380114,1.0045663242518357
26dpb_p2,Fib_K14,B_Plasma,8433.11183043528,4216.55591521764,1.0046905556185803
26dpb_p2,Fib_K14,B_Plasma,8626.155924110331,4313.077962055166,1.0050834423854718
26dpb_p2,Fib_K14,B_Plasma,8819.200017785382,4409.600008892691,1.0050230838009895
26dpb_p2,Fib_K14,B_Plasma,9012.244111460433,4506.122055730217,1.0047945339447217
26dpb_p2,Fib_K14,B_Plasma,9205.288205135486,4602.644102567743,1.0040419149225952
26dpb_p2,Fib_K14,B_Plasma,9398.332298810537,4699.166149405269,1.0033242724599953
26dpb_p2,Fib_K14,B_Plasma,9591.376392485588,4795.688196242794,1.002768906794241
26dpb_p2,Fib_K14,B_Plasma,9784.42048616064,4892.21024308032,1.002198837198294
26dpb_p2,Fib_K14,CD4_T,518.3039897581684,259.1519948790842,0.9099950345706543
26dpb_p2,Fib_K14,CD4_T,711.3480834332199,355.67404171660996,0.8683362891151782
26dpb_p2,Fib_K14,CD4_T,904.3921771082714,452.1960885541357,0.8583487829407431
26dpb_p2,Fib_K14,CD4_T,1097.436270783323,548.7181353916615,0.8518430005119669
26dpb_p2,Fib_K14,CD4_T,1290.4803644583744,645.2401822291872,0.8523900969900622
26dpb_p2,Fib_K14,CD4_T,1483.524458133426,741.762229066713,0.8593018942616377
26dpb_p2,Fib_K14,CD4_T,1676.5685518084774,838.2842759042387,0.8650610720726749
26dpb_p2,Fib_K14,CD4_T,1869.612645483529,934.8063227417645,0.8735554462443746
26dpb_p2,Fib_K14,CD4_T,2062.6567391585804,1031.3283695792902,0.8904608600969068
26dpb_p2,Fib_K14,CD4_T,2255.700832833632,1127.850416416816,0.9034247752926632
26dpb_p2,Fib_K14,CD4_T,2448.7449265086834,1224.3724632543417,0.9220833697100018
26dpb_p2,Fib_K14,CD4_T,2641.789020183735,1320.8945100918675,0.9386160715593538
26dpb_p2,Fib_K14,CD4_T,2834.8331138587864,1417.4165569293932,0.9474965349581276
26dpb_p2,Fib_K14,CD4_T,3027.877207533838,1513.938603766919,0.955539973628193
26dpb_p2,Fib_K14,CD4_T,3220.9213012088894,1610.4606506044447,0.9636405019933451
26dpb_p2,Fib_K14,CD4_T,3413.965394883941,1706.9826974419705,0.9662125979324221
26dpb_p2,Fib_K14,CD4_T,3607.0094885589924,1803.5047442794962,0.9713788104431247
26dpb_p2,Fib_K14,CD4_T,3800.053582234044,1900.026791117022,0.9710784929332519
26dpb_p2,Fib_K14,CD4_T,3993.0976759090954,1996.5488379545477,0.97091244057393
26dpb_p2,Fib_K14,CD4_T,4186.1417695841465,2093.0708847920732,0.971368203855714
26dpb_p2,Fib_K14,CD4_T,4379.185863259198,2189.592931629599,0.9696206917253114
26dpb_p2,Fib_K14,CD4_T,4572.2299569342495,2286.1149784671247,0.9698527797312102
26dpb_p2,Fib_K14,CD4_T,4765.274050609301,2382.6370253046507,0.9700001602879149
26dpb_p2,Fib_K14,CD4_T,4958.3181442843525,2479.1590721421762,0.970541593670656
26dpb_p2,Fib_K14,CD4_T,5151.3622379594035,2575.6811189797018,0.9726264356068274
26dpb_p2,Fib_K14,CD4_T,5344.4063316344555,2672.2031658172277,0.9709593698464567
26dpb_p2,Fib_K14,CD4_T,5537.450425309507,2768.7252126547537,0.9701191440087081
26dpb_p2,Fib_K14,CD4_T,5730.494518984558,2865.247259492279,0.9718139712946043
26dpb_p2,Fib_K14,CD4_T,5923.5386126596095,2961.7693063298047,0.9729229129818752
26dpb_p2,Fib_K14,CD4_T,6116.582706334661,3058.2913531673307,0.9742597965137325
26dpb_p2,Fib_K14,CD4_T,6309.626800009713,3154.8134000048567,0.975330898867502
26dpb_p2,Fib_K14,CD4_T,6502.670893684764,3251.335446842382,0.9772969464514042
26dpb_p2,Fib_K14,CD4_T,6695.7149873598155,3347.8574936799077,0.9779926986991452
26dpb_p2,Fib_K14,CD4_T,6888.759081034867,3444.3795405174337,0.9777631385816898
26dpb_p2,Fib_K14,CD4_T,7081.803174709919,3540.9015873549597,0.9796609100480878
26dpb_p2,Fib_K14,CD4_T,7274.84726838497,3637.423634192485,0.9801607565156152
26dpb_p2,Fib_K14,CD4_T,7467.8913620600215,3733.9456810300107,0.9804022862941522
26dpb_p2,Fib_K14,CD4_T,7660.935455735073,3830.4677278675367,0.9807368616293153
26dpb_p2,Fib_K14,CD4_T,7853.979549410125,3926.9897747050627,0.9816218094998317
26dpb_p2,Fib_K14,CD4_T,8047.023643085176,4023.511821542588,0.982293691631612
26dpb_p2,Fib_K14,CD4_T,8240.067736760227,4120.033868380114,0.9831450877770498
26dpb_p2,Fib_K14,CD4_T,8433.11183043528,4216.55591521764,0.9844477562964357
26dpb_p2,Fib_K14,CD4_T,8626.155924110331,4313.077962055166,0.9856933803325566
26dpb_p2,Fib_K14,CD4_T,8819.200017785382,4409.600008892691,0.9866286325845377
26dpb_p2,Fib_K14,CD4_T,9012.244111460433,4506.122055730217,0.9874677784528135
26dpb_p2,Fib_K14,CD4_T,9205.288205135486,4602.644102567743,0.9871855432036444
26dpb_p2,Fib_K14,CD4_T,9398.332298810537,4699.166149405269,0.9875907755026841
26dpb_p2,Fib_K14,CD4_T,9591.376392485588,4795.688196242794,0.9883645836225268
26dpb_p2,Fib_K14,CD4_T,9784.42048616064,4892.21024308032,0.9880448787944323
26dpb_p2,Fib_K14,CD8_T,518.3039897581684,259.1519948790842,0.7283784214311532
26dpb_p2,Fib_K14,CD8_T,711.3480834332199,355.67404171660996,0.7671773696964331
26dpb_p2,Fib_K14,CD8_T,904.3921771082714,452.1960885541357,0.7584943804743309
26dpb_p2,Fib_K14,CD8_T,1097.436270783323,548.7181353916615,0.7439778394633164
26dpb_p2,Fib_K14,CD8_T,1290.4803644583744,645.2401822291872,0.7414854223947988
26dpb_p2,Fib_K14,CD8_T,1483.524458133426,741.762229066713,0.7516299043119498
26dpb_p2,Fib_K14,CD8_T,1676.5685518084774,838.2842759042387,0.7581221748487466
26dpb_p2,Fib_K14,CD8_T,1869.612645483529,934.8063227417645,0.7591808899055935
26dpb_p2,Fib_K14,CD8_T,2062.6567391585804,1031.3283695792902,0.7720880954613446
26dpb_p2,Fib_K14,CD8_T,2255.700832833632,1127.850416416816,0.8049090606497057
26dpb_p2,Fib_K14,CD8_T,2448.7449265086834,1224.3724632543417,0.8207158745002372
26dpb_p2,Fib_K14,CD8_T,2641.789020183735,1320.8945100918675,0.8437414707286289
26dpb_p2,Fib_K14,CD8_T,2834.8331138587864,1417.4165569293932,0.8609686835670117
26dpb_p2,Fib_K14,CD8_T,3027.877207533838,1513.938603766919,0.8771633159629681
26dpb_p2,Fib_K14,CD8_T,3220.9213012088894,1610.4606506044447,0.8901389259259526
26dpb_p2,Fib_K14,CD8_T,3413.965394883941,1706.9826974419705,0.8975877605600687
26dpb_p2,Fib_K14,CD8_T,3607.0094885589924,1803.5047442794962,0.9003647236235423
26dpb_p2,Fib_K14,CD8_T,3800.053582234044,1900.026791117022,0.8962533284806419
26dpb_p2,Fib_K14,CD8_T,3993.0976759090954,1996.5488379545477,0.900844170093835
26dpb_p2,Fib_K14,CD8_T,4186.1417695841465,2093.0708847920732,0.9063164407395098
26dpb_p2,Fib_K14,CD8_T,4379.185863259198,2189.592931629599,0.9067857306391104
26dpb_p2,Fib_K14,CD8_T,4572.2299569342495,2286.1149784671247,0.9075819020984991
26dpb_p2,Fib_K14,CD8_T,4765.274050609301,2382.6370253046507,0.9094496647163207
26dpb_p2,Fib_K14,CD8_T,4958.3181442843525,2479.1590721421762,0.9135519400250777
26dpb_p2,Fib_K14,CD8_T,5151.3622379594035,2575.6811189797018,0.9162863545912587
26dpb_p2,Fib_K14,CD8_T,5344.4063316344555,2672.2031658172277,0.9174441838319974
26dpb_p2,Fib_K14,CD8_T,5537.450425309507,2768.7252126547537,0.9214376376761984
26dpb_p2,Fib_K14,CD8_T,5730.494518984558,2865.247259492279,0.9252108891918664
26dpb_p2,Fib_K14,CD8_T,5923.5386126596095,2961.7693063298047,0.9259213716293092
26dpb_p2,Fib_K14,CD8_T,6116.582706334661,3058.2913531673307,0.9268773818221095
26dpb_p2,Fib_K14,CD8_T,6309.626800009713,3154.8134000048567,0.9291669650885125
26dpb_p2,Fib_K14,CD8_T,6502.670893684764,3251.335446842382,0.9338061794598462
26dpb_p2,Fib_K14,CD8_T,6695.7149873598155,3347.8574936799077,0.9371575623222892
26dpb_p2,Fib_K14,CD8_T,6888.759081034867,3444.3795405174337,0.9405311406243362
26dpb_p2,Fib_K14,CD8_T,7081.803174709919,3540.9015873549597,0.9426144493919285
26dpb_p2,Fib_K14,CD8_T,7274.84726838497,3637.423634192485,0.9451965336488585
26dpb_p2,Fib_K14,CD8_T,7467.8913620600215,3733.9456810300107,0.947388862461929
26dpb_p2,Fib_K14,CD8_T,7660.935455735073,3830.4677278675367,0.9482109831209695
26dpb_p2,Fib_K14,CD8_T,7853.979549410125,3926.9897747050627,0.9484408290247722
26dpb_p2,Fib_K14,CD8_T,8047.023643085176,4023.511821542588,0.9486628061246304
26dpb_p2,Fib_K14,CD8_T,8240.067736760227,4120.033868380114,0.9521211483481614
26dpb_p2,Fib_K14,CD8_T,8433.11183043528,4216.55591521764,0.9556302493755531
26dpb_p2,Fib_K14,CD8_T,8626.155924110331,4313.077962055166,0.9593215317858316
26dpb_p2,Fib_K14,CD8_T,8819.200017785382,4409.600008892691,0.963569699118345
26dpb_p2,Fib_K14,CD8_T,9012.244111460433,4506.122055730217,0.9675186055053568
26dpb_p2,Fib_K14,CD8_T,9205.288205135486,4602.644102567743,0.9707913863740584
26dpb_p2,Fib_K14,CD8_T,9398.332298810537,4699.166149405269,0.9716328022525549
26dpb_p2,Fib_K14,CD8_T,9591.376392485588,4795.688196242794,0.9727822781929878
26dpb_p2,Fib_K14,CD8_T,9784.42048616064,4892.21024308032,0.973185846204208
26dpb_p2,Fib_K14,Endo_Arterial,518.3039897581684,259.1519948790842,2.432800039117884
26dpb_p2,Fib_K14,Endo_Arterial,711.3480834332199,355.67404171660996,2.008320848493353
26dpb_p2,Fib_K14,Endo_Arterial,904.3921771082714,452.1960885541357,1.7897651227853375
26dpb_p2,Fib_K14,Endo_Arterial,1097.436270783323,548.7181353916615,1.633713487124096
26dpb_p2,Fib_K14,Endo_Arterial,1290.4803644583744,645.2401822291872,1.5179791443197794
26dpb_p2,Fib_K14,Endo_Arterial,1483.524458133426,741.762229066713,1.4007100493986138
26dpb_p2,Fib_K14,Endo_Arterial,1676.5685518084774,838.2842759042387,1.3346538815817526
26dpb_p2,Fib_K14,Endo_Arterial,1869.612645483529,934.8063227417645,1.2442122268083715
26dpb_p2,Fib_K14,Endo_Arterial,2062.6567391585804,1031.3283695792902,1.1619658883659687
26dpb_p2,Fib_K14,Endo_Arterial,2255.700832833632,1127.850416416816,1.1219223547976984
26dpb_p2,Fib_K14,Endo_Arterial,2448.7449265086834,1224.3724632543417,1.1066662009723294
26dpb_p2,Fib_K14,Endo_Arterial,2641.789020183735,1320.8945100918675,1.10206966251072
26dpb_p2,Fib_K14,Endo_Arterial,2834.8331138587864,1417.4165569293932,1.0935224920101807
26dpb_p2,Fib_K14,Endo_Arterial,3027.877207533838,1513.938603766919,1.0840186057157788
26dpb_p2,Fib_K14,Endo_Arterial,3220.9213012088894,1610.4606506044447,1.0864812019856775
26dpb_p2,Fib_K14,Endo_Arterial,3413.965394883941,1706.9826974419705,1.0889499507043994
26dpb_p2,Fib_K14,Endo_Arterial,3607.0094885589924,1803.5047442794962,1.0824199571772883
26dpb_p2,Fib_K14,Endo_Arterial,3800.053582234044,1900.026791117022,1.0784483047773377
26dpb_p2,Fib_K14,Endo_Arterial,3993.0976759090954,1996.5488379545477,1.0780986383315334
26dpb_p2,Fib_K14,Endo_Arterial,4186.1417695841465,2093.0708847920732,1.0800664471989532
26dpb_p2,Fib_K14,Endo_Arterial,4379.185863259198,2189.592931629599,1.0737587984020127
26dpb_p2,Fib_K14,Endo_Arterial,4572.2299569342495,2286.1149784671247,1.0719261305147267
26dpb_p2,Fib_K14,Endo_Arterial,4765.274050609301,2382.6370253046507,1.0637742008103053
26dpb_p2,Fib_K14,Endo_Arterial,4958.3181442843525,2479.1590721421762,1.0619778454615922
26dpb_p2,Fib_K14,Endo_Arterial,5151.3622379594035,2575.6811189797018,1.0559457291352738
26dpb_p2,Fib_K14,Endo_Arterial,5344.4063316344555,2672.2031658172277,1.0485858449603633
26dpb_p2,Fib_K14,Endo_Arterial,5537.450425309507,2768.7252126547537,1.0441549689149847
26dpb_p2,Fib_K14,Endo_Arterial,5730.494518984558,2865.247259492279,1.0360615897618535
26dpb_p2,Fib_K14,Endo_Arterial,5923.5386126596095,2961.7693063298047,1.0339960628591667
26dpb_p2,Fib_K14,Endo_Arterial,6116.582706334661,3058.2913531673307,1.0333092614566433
26dpb_p2,Fib_K14,Endo_Arterial,6309.626800009713,3154.8134000048567,1.029539359844709
26dpb_p2,Fib_K14,Endo_Arterial,6502.670893684764,3251.335446842382,1.0280917622566355
26dpb_p2,Fib_K14,Endo_Arterial,6695.7149873598155,3347.8574936799077,1.0279439488503672
26dpb_p2,Fib_K14,Endo_Arterial,6888.759081034867,3444.3795405174337,1.02584920430992
26dpb_p2,Fib_K14,Endo_Arterial,7081.803174709919,3540.9015873549597,1.0213789979421806
26dpb_p2,Fib_K14,Endo_Arterial,7274.84726838497,3637.423634192485,1.0200745990944073
26dpb_p2,Fib_K14,Endo_Arterial,7467.8913620600215,3733.9456810300107,1.0166627306471467
26dpb_p2,Fib_K14,Endo_Arterial,7660.935455735073,3830.4677278675367,1.0156577407998786
26dpb_p2,Fib_K14,Endo_Arterial,7853.979549410125,3926.9897747050627,1.0133720908550785
26dpb_p2,Fib_K14,Endo_Arterial,8047.023643085176,4023.511821542588,1.0121290764121575
26dpb_p2,Fib_K14,Endo_Arterial,8240.067736760227,4120.033868380114,1.011410013850903
26dpb_p2,Fib_K14,Endo_Arterial,8433.11183043528,4216.55591521764,1.0079459384400353
26dpb_p2,Fib_K14,Endo_Arterial,8626.155924110331,4313.077962055166,1.0066387983680791
26dpb_p2,Fib_K14,Endo_Arterial,8819.200017785382,4409.600008892691,1.0053085473089858
26dpb_p2,Fib_K14,Endo_Arterial,9012.244111460433,4506.122055730217,1.0022380788983716
26dpb_p2,Fib_K14,Endo_Arterial,9205.288205135486,4602.644102567743,0.9999265182917813
26dpb_p2,Fib_K14,Endo_Arterial,9398.332298810537,4699.166149405269,0.9995483657412532
26dpb_p2,Fib_K14,Endo_Arterial,9591.376392485588,4795.688196242794,0.9989182428633627
26dpb_p2,Fib_K14,Endo_Arterial,9784.42048616064,4892.21024308032,0.9964089678553807
26dpb_p2,Fib_K14,Endo_Capillary,518.3039897581684,259.1519948790842,2.0821554100417083
26dpb_p2,Fib_K14,Endo_Capillary,711.3480834332199,355.67404171660996,1.8067430708856942
26dpb_p2,Fib_K14,Endo_Capillary,904.3921771082714,452.1960885541357,1.6243545284104368
26dpb_p2,Fib_K14,Endo_Capillary,1097.436270783323,548.7181353916615,1.4935437193950152
26dpb_p2,Fib_K14,Endo_Capillary,1290.4803644583744,645.2401822291872,1.400397164598897
26dpb_p2,Fib_K14,Endo_Capillary,1483.524458133426,741.762229066713,1.321290125347529
26dpb_p2,Fib_K14,Endo_Capillary,1676.5685518084774,838.2842759042387,1.2458557453223738
26dpb_p2,Fib_K14,Endo_Capillary,1869.612645483529,934.8063227417645,1.173683555894566
26dpb_p2,Fib_K14,Endo_Capillary,2062.6567391585804,1031.3283695792902,1.1180486836478254
26dpb_p2,Fib_K14,Endo_Capillary,2255.700832833632,1127.850416416816,1.0795612757557527
26dpb_p2,Fib_K14,Endo_Capillary,2448.7449265086834,1224.3724632543417,1.0620671687327143
26dpb_p2,Fib_K14,Endo_Capillary,2641.789020183735,1320.8945100918675,1.053935553484018
26dpb_p2,Fib_K14,Endo_Capillary,2834.8331138587864,1417.4165569293932,1.0474982958866643
26dpb_p2,Fib_K14,Endo_Capillary,3027.877207533838,1513.938603766919,1.0429172926742583
26dpb_p2,Fib_K14,Endo_Capillary,3220.9213012088894,1610.4606506044447,1.0384695612196475
26dpb_p2,Fib_K14,Endo_Capillary,3413.965394883941,1706.9826974419705,1.0362527584545083
26dpb_p2,Fib_K14,Endo_Capillary,3607.0094885589924,1803.5047442794962,1.0379604606988673
26dpb_p2,Fib_K14,Endo_Capillary,3800.053582234044,1900.026791117022,1.0412168142529183
26dpb_p2,Fib_K14,Endo_Capillary,3993.0976759090954,1996.5488379545477,1.0424416805874261
26dpb_p2,Fib_K14,Endo_Capillary,4186.1417695841465,2093.0708847920732,1.0405586548772816
26dpb_p2,Fib_K14,Endo_Capillary,4379.185863259198,2189.592931629599,1.0381333572551836
26dpb_p2,Fib_K14,Endo_Capillary,4572.2299569342495,2286.1149784671247,1.0355658955045963
26dpb_p2,Fib_K14,Endo_Capillary,4765.274050609301,2382.6370253046507,1.0328370291885525
26dpb_p2,Fib_K14,Endo_Capillary,4958.3181442843525,2479.1590721421762,1.0285482777628991
26dpb_p2,Fib_K14,Endo_Capillary,5151.3622379594035,2575.6811189797018,1.0248250621866608
26dpb_p2,Fib_K14,Endo_Capillary,5344.4063316344555,2672.2031658172277,1.0211745078004966
26dpb_p2,Fib_K14,Endo_Capillary,5537.450425309507,2768.7252126547537,1.0186500439243444
26dpb_p2,Fib_K14,Endo_Capillary,5730.494518984558,2865.247259492279,1.0170798847987106
26dpb_p2,Fib_K14,Endo_Capillary,5923.5386126596095,2961.7693063298047,1.0158695450884705
26dpb_p2,Fib_K14,Endo_Capillary,6116.582706334661,3058.2913531673307,1.0148756807206107
26dpb_p2,Fib_K14,Endo_Capillary,6309.626800009713,3154.8134000048567,1.0138002478482642
26dpb_p2,Fib_K14,Endo_Capillary,6502.670893684764,3251.335446842382,1.0119550010593388
26dpb_p2,Fib_K14,Endo_Capillary,6695.7149873598155,3347.8574936799077,1.0099760805152502
26dpb_p2,Fib_K14,Endo_Capillary,6888.759081034867,3444.3795405174337,1.0092522667393327
26dpb_p2,Fib_K14,Endo_Capillary,7081.803174709919,3540.9015873549597,1.008644438371291
26dpb_p2,Fib_K14,Endo_Capillary,7274.84726838497,3637.423634192485,1.0079552225880608
26dpb_p2,Fib_K14,Endo_Capillary,7467.8913620600215,3733.9456810300107,1.0075566729288201
26dpb_p2,Fib_K14,Endo_Capillary,7660.935455735073,3830.4677278675367,1.007501616228696
26dpb_p2,Fib_K14,Endo_Capillary,7853.979549410125,3926.9897747050627,1.0073565077406164
26dpb_p2,Fib_K14,Endo_Capillary,8047.023643085176,4023.511821542588,1.007581303505004
26dpb_p2,Fib_K14,Endo_Capillary,8240.067736760227,4120.033868380114,1.0076975685635594
26dpb_p2,Fib_K14,Endo_Capillary,8433.11183043528,4216.55591521764,1.0075079486147307
26dpb_p2,Fib_K14,Endo_Capillary,8626.155924110331,4313.077962055166,1.006669738308518
26dpb_p2,Fib_K14,Endo_Capillary,8819.200017785382,4409.600008892691,1.006043962093073
26dpb_p2,Fib_K14,Endo_Capillary,9012.244111460433,4506.122055730217,1.0056333011113712
26dpb_p2,Fib_K14,Endo_Capillary,9205.288205135486,4602.644102567743,1.0055619338667037
26dpb_p2,Fib_K14,Endo_Capillary,9398.332298810537,4699.166149405269,1.0055107412580213
26dpb_p2,Fib_K14,Endo_Capillary,9591.376392485588,4795.688196242794,1.0053028504064803
26dpb_p2,Fib_K14,Endo_Capillary,9784.42048616064,4892.21024308032,1.0049216820191684
26dpb_p2,Fib_K14,Endo_Lymphatic,518.3039897581684,259.1519948790842,2.1386306868561764
26dpb_p2,Fib_K14,Endo_Lymphatic,711.3480834332199,355.67404171660996,1.8595811536963893
26dpb_p2,Fib_K14,Endo_Lymphatic,904.3921771082714,452.1960885541357,1.6141839743277555
26dpb_p2,Fib_K14,Endo_Lymphatic,1097.436270783323,548.7181353916615,1.452290788233228
26dpb_p2,Fib_K14,Endo_Lymphatic,1290.4803644583744,645.2401822291872,1.365126734293408
26dpb_p2,Fib_K14,Endo_Lymphatic,1483.524458133426,741.762229066713,1.291863048021115
26dpb_p2,Fib_K14,Endo_Lymphatic,1676.5685518084774,838.2842759042387,1.2127704489194038
26dpb_p2,Fib_K14,Endo_Lymphatic,1869.612645483529,934.8063227417645,1.1409473363891323
26dpb_p2,Fib_K14,Endo_Lymphatic,2062.6567391585804,1031.3283695792902,1.0916095168762676
26dpb_p2,Fib_K14,Endo_Lymphatic,2255.700832833632,1127.850416416816,1.0670459855094212
26dpb_p2,Fib_K14,Endo_Lymphatic,2448.7449265086834,1224.3724632543417,1.0532475879309051
26dpb_p2,Fib_K14,Endo_Lymphatic,2641.789020183735,1320.8945100918675,1.0483743445961968
26dpb_p2,Fib_K14,Endo_Lymphatic,2834.8331138587864,1417.4165569293932,1.045974227967746
26dpb_p2,Fib_K14,Endo_Lymphatic,3027.877207533838,1513.938603766919,1.0388280097067337
26dpb_p2,Fib_K14,Endo_Lymphatic,3220.9213012088894,1610.4606506044447,1.0377491114259205
26dpb_p2,Fib_K14,Endo_Lymphatic,3413.965394883941,1706.9826974419705,1.0420375076370771
26dpb_p2,Fib_K14,Endo_Lymphatic,3607.0094885589924,1803.5047442794962,1.0466845183202227
26dpb_p2,Fib_K14,Endo_Lymphatic,3800.053582234044,1900.026791117022,1.0526006356398065
26dpb_p2,Fib_K14,Endo_Lymphatic,3993.0976759090954,1996.5488379545477,1.0570156883875896
26dpb_p2,Fib_K14,Endo_Lymphatic,4186.1417695841465,2093.0708847920732,1.0562672761718617
26dpb_p2,Fib_K14,Endo_Lymphatic,4379.185863259198,2189.592931629599,1.0529409838786912
26dpb_p2,Fib_K14,Endo_Lymphatic,4572.2299569342495,2286.1149784671247,1.0492649771685558
26dpb_p2,Fib_K14,Endo_Lymphatic,4765.274050609301,2382.6370253046507,1.0457280420403245
26dpb_p2,Fib_K14,Endo_Lymphatic,4958.3181442843525,2479.1590721421762,1.0425571157033793
26dpb_p2,Fib_K14,Endo_Lymphatic,5151.3622379594035,2575.6811189797018,1.0432276114650243
26dpb_p2,Fib_K14,Endo_Lymphatic,5344.4063316344555,2672.2031658172277,1.0425562614225772
26dpb_p2,Fib_K14,Endo_Lymphatic,5537.450425309507,2768.7252126547537,1.0416253059786482
26dpb_p2,Fib_K14,Endo_Lymphatic,5730.494518984558,2865.247259492279,1.0379413944159037
26dpb_p2,Fib_K14,Endo_Lymphatic,5923.5386126596095,2961.7693063298047,1.0354380740389466
26dpb_p2,Fib_K14,Endo_Lymphatic,6116.582706334661,3058.2913531673307,1.0348923320686572
26dpb_p2,Fib_K14,Endo_Lymphatic,6309.626800009713,3154.8134000048567,1.0329804019965942
26dpb_p2,Fib_K14,Endo_Lymphatic,6502.670893684764,3251.335446842382,1.0316085304241005
26dpb_p2,Fib_K14,Endo_Lymphatic,6695.7149873598155,3347.8574936799077,1.0301892437902331
26dpb_p2,Fib_K14,Endo_Lymphatic,6888.759081034867,3444.3795405174337,1.0284010534511716
26dpb_p2,Fib_K14,Endo_Lymphatic,7081.803174709919,3540.9015873549597,1.0275295431523663
26dpb_p2,Fib_K14,Endo_Lymphatic,7274.84726838497,3637.423634192485,1.027052809802984
26dpb_p2,Fib_K14,Endo_Lymphatic,7467.8913620600215,3733.9456810300107,1.0260634504036148
26dpb_p2,Fib_K14,Endo_Lymphatic,7660.935455735073,3830.4677278675367,1.0257072204064044
26dpb_p2,Fib_K14,Endo_Lymphatic,7853.979549410125,3926.9897747050627,1.024742868993305
26dpb_p2,Fib_K14,Endo_Lymphatic,8047.023643085176,4023.511821542588,1.0234987220693696
26dpb_p2,Fib_K14,Endo_Lymphatic,8240.067736760227,4120.033868380114,1.02259955230492
26dpb_p2,Fib_K14,Endo_Lymphatic,8433.11183043528,4216.55591521764,1.0220032876359917
26dpb_p2,Fib_K14,Endo_Lymphatic,8626.155924110331,4313.077962055166,1.0215596183952682
26dpb_p2,Fib_K14,Endo_Lymphatic,8819.200017785382,4409.600008892691,1.0210794834932224
26dpb_p2,Fib_K14,Endo_Lymphatic,9012.244111460433,4506.122055730217,1.019856065164499
26dpb_p2,Fib_K14,Endo_Lymphatic,9205.288205135486,4602.644102567743,1.0189973285159863
26dpb_p2,Fib_K14,Endo_Lymphatic,9398.332298810537,4699.166149405269,1.0184423344594078
26dpb_p2,Fib_K14,Endo_Lymphatic,9591.376392485588,4795.688196242794,1.0182239872859493
26dpb_p2,Fib_K14,Endo_Lymphatic,9784.42048616064,4892.21024308032,1.0174369576036293
26dpb_p2,Fib_K14,Endo_Prolif,518.3039897581684,259.1519948790842,2.0925865966045847
26dpb_p2,Fib_K14,Endo_Prolif,711.3480834332199,355.67404171660996,1.8144001669319059
26dpb_p2,Fib_K14,Endo_Prolif,904.3921771082714,452.1960885541357,1.6073891110002958
26dpb_p2,Fib_K14,Endo_Prolif,1097.436270783323,548.7181353916615,1.4684663054284153
26dpb_p2,Fib_K14,Endo_Prolif,1290.4803644583744,645.2401822291872,1.3868725274572558
26dpb_p2,Fib_K14,Endo_Prolif,1483.524458133426,741.762229066713,1.3005595867692685
26dpb_p2,Fib_K14,Endo_Prolif,1676.5685518084774,838.2842759042387,1.2238433081415472
26dpb_p2,Fib_K14,Endo_Prolif,1869.612645483529,934.8063227417645,1.148552685178525
26dpb_p2,Fib_K14,Endo_Prolif,2062.6567391585804,1031.3283695792902,1.0976010749621907
26dpb_p2,Fib_K14,Endo_Prolif,2255.700832833632,1127.850416416816,1.0657956090925644
26dpb_p2,Fib_K14,Endo_Prolif,2448.7449265086834,1224.3724632543417,1.0558182242786371
26dpb_p2,Fib_K14,Endo_Prolif,2641.789020183735,1320.8945100918675,1.0438861935859975
26dpb_p2,Fib_K14,Endo_Prolif,2834.8331138587864,1417.4165569293932,1.0309334082012462
26dpb_p2,Fib_K14,Endo_Prolif,3027.877207533838,1513.938603766919,1.0249494379015218
26dpb_p2,Fib_K14,Endo_Prolif,3220.9213012088894,1610.4606506044447,1.0210075892396338
26dpb_p2,Fib_K14,Endo_Prolif,3413.965394883941,1706.9826974419705,1.0190513378404515
26dpb_p2,Fib_K14,Endo_Prolif,3607.0094885589924,1803.5047442794962,1.0270021429115774
26dpb_p2,Fib_K14,Endo_Prolif,3800.053582234044,1900.026791117022,1.0351540624269335
26dpb_p2,Fib_K14,Endo_Prolif,3993.0976759090954,1996.5488379545477,1.0392131039410721
26dpb_p2,Fib_K14,Endo_Prolif,4186.1417695841465,2093.0708847920732,1.0394998821950154
26dpb_p2,Fib_K14,Endo_Prolif,4379.185863259198,2189.592931629599,1.0371784894197569
26dpb_p2,Fib_K14,Endo_Prolif,4572.2299569342495,2286.1149784671247,1.0294597551560252
26dpb_p2,Fib_K14,Endo_Prolif,4765.274050609301,2382.6370253046507,1.0285508236164884
26dpb_p2,Fib_K14,Endo_Prolif,4958.3181442843525,2479.1590721421762,1.03142539533319
26dpb_p2,Fib_K14,Endo_Prolif,5151.3622379594035,2575.6811189797018,1.0299072982351978
26dpb_p2,Fib_K14,Endo_Prolif,5344.4063316344555,2672.2031658172277,1.0240681147651112
26dpb_p2,Fib_K14,Endo_Prolif,5537.450425309507,2768.7252126547537,1.0219921521489947
26dpb_p2,Fib_K14,Endo_Prolif,5730.494518984558,2865.247259492279,1.0214536474752396
26dpb_p2,Fib_K14,Endo_Prolif,5923.5386126596095,2961.7693063298047,1.0193645615339264
26dpb_p2,Fib_K14,Endo_Prolif,6116.582706334661,3058.2913531673307,1.020006001426361
26dpb_p2,Fib_K14,Endo_Prolif,6309.626800009713,3154.8134000048567,1.0192891891188711
26dpb_p2,Fib_K14,Endo_Prolif,6502.670893684764,3251.335446842382,1.0180591042066904
26dpb_p2,Fib_K14,Endo_Prolif,6695.7149873598155,3347.8574936799077,1.016157512717657
26dpb_p2,Fib_K14,Endo_Prolif,6888.759081034867,3444.3795405174337,1.01659604859302
26dpb_p2,Fib_K14,Endo_Prolif,7081.803174709919,3540.9015873549597,1.0152171804777326
26dpb_p2,Fib_K14,Endo_Prolif,7274.84726838497,3637.423634192485,1.01518569387234
26dpb_p2,Fib_K14,Endo_Prolif,7467.8913620600215,3733.9456810300107,1.0144789403725785
26dpb_p2,Fib_K14,Endo_Prolif,7660.935455735073,3830.4677278675367,1.0134898528444873
26dpb_p2,Fib_K14,Endo_Prolif,7853.979549410125,3926.9897747050627,1.01319867089694
26dpb_p2,Fib_K14,Endo_Prolif,8047.023643085176,4023.511821542588,1.013311156327882
26dpb_p2,Fib_K14,Endo_Prolif,8240.067736760227,4120.033868380114,1.0146463684892673
26dpb_p2,Fib_K14,Endo_Prolif,8433.11183043528,4216.55591521764,1.0165634938983221
26dpb_p2,Fib_K14,Endo_Prolif,8626.155924110331,4313.077962055166,1.01772150433162
26dpb_p2,Fib_K14,Endo_Prolif,8819.200017785382,4409.600008892691,1.017186504336465
26dpb_p2,Fib_K14,Endo_Prolif,9012.244111460433,4506.122055730217,1.0185831108492922
26dpb_p2,Fib_K14,Endo_Prolif,9205.288205135486,4602.644102567743,1.0178372613546187
26dpb_p2,Fib_K14,Endo_Prolif,9398.332298810537,4699.166149405269,1.0164773904623432
26dpb_p2,Fib_K14,Endo_Prolif,9591.376392485588,4795.688196242794,1.0172580879795456
26dpb_p2,Fib_K14,Endo_Prolif,9784.42048616064,4892.21024308032,1.016577729272794
26dpb_p2,Fib_K14,Endo_Venous,518.3039897581684,259.1519948790842,2.0748392602996133
26dpb_p2,Fib_K14,Endo_Venous,711.3480834332199,355.67404171660996,1.783444941779667
26dpb_p2,Fib_K14,Endo_Venous,904.3921771082714,452.1960885541357,1.5885986546667135
26dpb_p2,Fib_K14,Endo_Venous,1097.436270783323,548.7181353916615,1.4676499809941534
26dpb_p2,Fib_K14,Endo_Venous,1290.4803644583744,645.2401822291872,1.3729938763639553
26dpb_p2,Fib_K14,Endo_Venous,1483.524458133426,741.762229066713,1.2880234414123277
26dpb_p2,Fib_K14,Endo_Venous,1676.5685518084774,838.2842759042387,1.2085647692597294
26dpb_p2,Fib_K14,Endo_Venous,1869.612645483529,934.8063227417645,1.138221145414601
26dpb_p2,Fib_K14,Endo_Venous,2062.6567391585804,1031.3283695792902,1.0834120199798607
26dpb_p2,Fib_K14,Endo_Venous,2255.700832833632,1127.850416416816,1.0467403706571838
26dpb_p2,Fib_K14,Endo_Venous,2448.7449265086834,1224.3724632543417,1.028089325565539
26dpb_p2,Fib_K14,Endo_Venous,2641.789020183735,1320.8945100918675,1.0185281410468965
26dpb_p2,Fib_K14,Endo_Venous,2834.8331138587864,1417.4165569293932,1.0141632809863679
26dpb_p2,Fib_K14,Endo_Venous,3027.877207533838,1513.938603766919,1.0133283707546337
26dpb_p2,Fib_K14,Endo_Venous,3220.9213012088894,1610.4606506044447,1.0119104889096948
26dpb_p2,Fib_K14,Endo_Venous,3413.965394883941,1706.9826974419705,1.0126268996817087
26dpb_p2,Fib_K14,Endo_Venous,3607.0094885589924,1803.5047442794962,1.0166505952134668
26dpb_p2,Fib_K14,Endo_Venous,3800.053582234044,1900.026791117022,1.0233241788233254
26dpb_p2,Fib_K14,Endo_Venous,3993.0976759090954,1996.5488379545477,1.0286092047357618
26dpb_p2,Fib_K14,Endo_Venous,4186.1417695841465,2093.0708847920732,1.0288952096804758
26dpb_p2,Fib_K14,Endo_Venous,4379.185863259198,2189.592931629599,1.026825358708915
26dpb_p2,Fib_K14,Endo_Venous,4572.2299569342495,2286.1149784671247,1.024719323638355
26dpb_p2,Fib_K14,Endo_Venous,4765.274050609301,2382.6370253046507,1.0225437141470424
26dpb_p2,Fib_K14,Endo_Venous,4958.3181442843525,2479.1590721421762,1.0192285818659919
26dpb_p2,Fib_K14,Endo_Venous,5151.3622379594035,2575.6811189797018,1.016193740623199
26dpb_p2,Fib_K14,Endo_Venous,5344.4063316344555,2672.2031658172277,1.0135767466364145
26dpb_p2,Fib_K14,Endo_Venous,5537.450425309507,2768.7252126547537,1.0123771201722322
26dpb_p2,Fib_K14,Endo_Venous,5730.494518984558,2865.247259492279,1.0120710497664402
26dpb_p2,Fib_K14,Endo_Venous,5923.5386126596095,2961.7693063298047,1.0112952405596949
26dpb_p2,Fib_K14,Endo_Venous,6116.582706334661,3058.2913531673307,1.0100993539404
26dpb_p2,Fib_K14,Endo_Venous,6309.626800009713,3154.8134000048567,1.0089180510285303
26dpb_p2,Fib_K14,Endo_Venous,6502.670893684764,3251.335446842382,1.0072320465058289
26dpb_p2,Fib_K14,Endo_Venous,6695.7149873598155,3347.8574936799077,1.0056196557088835
26dpb_p2,Fib_K14,Endo_Venous,6888.759081034867,3444.3795405174337,1.0052691509569307
26dpb_p2,Fib_K14,Endo_Venous,7081.803174709919,3540.9015873549597,1.0059095119993937
26dpb_p2,Fib_K14,Endo_Venous,7274.84726838497,3637.423634192485,1.0059379180802808
26dpb_p2,Fib_K14,Endo_Venous,7467.8913620600215,3733.9456810300107,1.0051613290747934
26dpb_p2,Fib_K14,Endo_Venous,7660.935455735073,3830.4677278675367,1.0052465527005308
26dpb_p2,Fib_K14,Endo_Venous,7853.979549410125,3926.9897747050627,1.0059714289039554
26dpb_p2,Fib_K14,Endo_Venous,8047.023643085176,4023.511821542588,1.0067501390448146
26dpb_p2,Fib_K14,Endo_Venous,8240.067736760227,4120.033868380114,1.0076178302460166
26dpb_p2,Fib_K14,Endo_Venous,8433.11183043528,4216.55591521764,1.0085457389679573
26dpb_p2,Fib_K14,Endo_Venous,8626.155924110331,4313.077962055166,1.0085494738983556
26dpb_p2,Fib_K14,Endo_Venous,8819.200017785382,4409.600008892691,1.0080215026925583
26dpb_p2,Fib_K14,Endo_Venous,9012.244111460433,4506.122055730217,1.0077712611564809
26dpb_p2,Fib_K14,Endo_Venous,9205.288205135486,4602.644102567743,1.0078774805255917
26dpb_p2,Fib_K14,Endo_Venous,9398.332298810537,4699.166149405269,1.0076555314126348
26dpb_p2,Fib_K14,Endo_Venous,9591.376392485588,4795.688196242794,1.0076504932154093
26dpb_p2,Fib_K14,Endo_Venous,9784.42048616064,4892.21024308032,1.0073575896893687
26dpb_p2,Fib_K14,Fib_CD45,518.3039897581684,259.1519948790842,0.6773697039265203
26dpb_p2,Fib_K14,Fib_CD45,711.3480834332199,355.67404171660996,0.6757151102006363
26dpb_p2,Fib_K14,Fib_CD45,904.3921771082714,452.1960885541357,0.6852849802559585
26dpb_p2,Fib_K14,Fib_CD45,1097.436270783323,548.7181353916615,0.7040127927520822
26dpb_p2,Fib_K14,Fib_CD45,1290.4803644583744,645.2401822291872,0.7290232362977244
26dpb_p2,Fib_K14,Fib_CD45,1483.524458133426,741.762229066713,0.7461507377008432
26dpb_p2,Fib_K14,Fib_CD45,1676.5685518084774,838.2842759042387,0.7674783421490329
26dpb_p2,Fib_K14,Fib_CD45,1869.612645483529,934.8063227417645,0.7792656381782891
26dpb_p2,Fib_K14,Fib_CD45,2062.6567391585804,1031.3283695792902,0.7946585946186971
26dpb_p2,Fib_K14,Fib_CD45,2255.700832833632,1127.850416416816,0.8143679181728977
26dpb_p2,Fib_K14,Fib_CD45,2448.7449265086834,1224.3724632543417,0.8408976239111118
26dpb_p2,Fib_K14,Fib_CD45,2641.789020183735,1320.8945100918675,0.8644290138227149
26dpb_p2,Fib_K14,Fib_CD45,2834.8331138587864,1417.4165569293932,0.8770718182155346
26dpb_p2,Fib_K14,Fib_CD45,3027.877207533838,1513.938603766919,0.8838627286610018
26dpb_p2,Fib_K14,Fib_CD45,3220.9213012088894,1610.4606506044447,0.8898425705049529
26dpb_p2,Fib_K14,Fib_CD45,3413.965394883941,1706.9826974419705,0.8985051630434536
26dpb_p2,Fib_K14,Fib_CD45,3607.0094885589924,1803.5047442794962,0.9039553131157052
26dpb_p2,Fib_K14,Fib_CD45,3800.053582234044,1900.026791117022,0.9144624115511654
26dpb_p2,Fib_K14,Fib_CD45,3993.0976759090954,1996.5488379545477,0.9166998776971741
26dpb_p2,Fib_K14,Fib_CD45,4186.1417695841465,2093.0708847920732,0.9196901550627439
26dpb_p2,Fib_K14,Fib_CD45,4379.185863259198,2189.592931629599,0.9246456536462753
26dpb_p2,Fib_K14,Fib_CD45,4572.2299569342495,2286.1149784671247,0.9286293303341598
26dpb_p2,Fib_K14,Fib_CD45,4765.274050609301,2382.6370253046507,0.9345865703942027
26dpb_p2,Fib_K14,Fib_CD45,4958.3181442843525,2479.1590721421762,0.9385387121212642
26dpb_p2,Fib_K14,Fib_CD45,5151.3622379594035,2575.6811189797018,0.9422427204917607
26dpb_p2,Fib_K14,Fib_CD45,5344.4063316344555,2672.2031658172277,0.9429950760884052
26dpb_p2,Fib_K14,Fib_CD45,5537.450425309507,2768.7252126547537,0.9428524216645119
26dpb_p2,Fib_K14,Fib_CD45,5730.494518984558,2865.247259492279,0.9470397442476
26dpb_p2,Fib_K14,Fib_CD45,5923.5386126596095,2961.7693063298047,0.9487696673826217
26dpb_p2,Fib_K14,Fib_CD45,6116.582706334661,3058.2913531673307,0.9531354578216703
26dpb_p2,Fib_K14,Fib_CD45,6309.626800009713,3154.8134000048567,0.9551082050465768
26dpb_p2,Fib_K14,Fib_CD45,6502.670893684764,3251.335446842382,0.9580625311376965
26dpb_p2,Fib_K14,Fib_CD45,6695.7149873598155,3347.8574936799077,0.961090363512316
26dpb_p2,Fib_K14,Fib_CD45,6888.759081034867,3444.3795405174337,0.963290151178621
26dpb_p2,Fib_K14,Fib_CD45,7081.803174709919,3540.9015873549597,0.9647787381741944
26dpb_p2,Fib_K14,Fib_CD45,7274.84726838497,3637.423634192485,0.9651418809932161
26dpb_p2,Fib_K14,Fib_CD45,7467.8913620600215,3733.9456810300107,0.9661115973598956
26dpb_p2,Fib_K14,Fib_CD45,7660.935455735073,3830.4677278675367,0.9665547854781826
26dpb_p2,Fib_K14,Fib_CD45,7853.979549410125,3926.9897747050627,0.9665969219738402
26dpb_p2,Fib_K14,Fib_CD45,8047.023643085176,4023.511821542588,0.9671976961482417
26dpb_p2,Fib_K14,Fib_CD45,8240.067736760227,4120.033868380114,0.9675489646296609
26dpb_p2,Fib_K14,Fib_CD45,8433.11183043528,4216.55591521764,0.9691677547363264
26dpb_p2,Fib_K14,Fib_CD45,8626.155924110331,4313.077962055166,0.9696295058140741
26dpb_p2,Fib_K14,Fib_CD45,8819.200017785382,4409.600008892691,0.9705677371899627
26dpb_p2,Fib_K14,Fib_CD45,9012.244111460433,4506.122055730217,0.9719098135957237
26dpb_p2,Fib_K14,Fib_CD45,9205.288205135486,4602.644102567743,0.9721062846928257
26dpb_p2,Fib_K14,Fib_CD45,9398.332298810537,4699.166149405269,0.9723306270892221
26dpb_p2,Fib_K14,Fib_CD45,9591.376392485588,4795.688196242794,0.9721684702415202
26dpb_p2,Fib_K14,Fib_CD45,9784.42048616064,4892.21024308032,0.9726568265274133
26dpb_p2,Fib_K14,Fib_EN1,518.3039897581684,259.1519948790842,2.183785706702668
26dpb_p2,Fib_K14,Fib_EN1,711.3480834332199,355.67404171660996,1.8893049055885838
26dpb_p2,Fib_K14,Fib_EN1,904.3921771082714,452.1960885541357,1.6509154392605443
26dpb_p2,Fib_K14,Fib_EN1,1097.436270783323,548.7181353916615,1.509576870720009
26dpb_p2,Fib_K14,Fib_EN1,1290.4803644583744,645.2401822291872,1.462313339595548
26dpb_p2,Fib_K14,Fib_EN1,1483.524458133426,741.762229066713,1.4123774504777913
26dpb_p2,Fib_K14,Fib_EN1,1676.5685518084774,838.2842759042387,1.3348781796263882
26dpb_p2,Fib_K14,Fib_EN1,1869.612645483529,934.8063227417645,1.2627095938315738
26dpb_p2,Fib_K14,Fib_EN1,2062.6567391585804,1031.3283695792902,1.1844655248439895
26dpb_p2,Fib_K14,Fib_EN1,2255.700832833632,1127.850416416816,1.1315111260260269
26dpb_p2,Fib_K14,Fib_EN1,2448.7449265086834,1224.3724632543417,1.1088683486421667
26dpb_p2,Fib_K14,Fib_EN1,2641.789020183735,1320.8945100918675,1.1065448087374585
26dpb_p2,Fib_K14,Fib_EN1,2834.8331138587864,1417.4165569293932,1.0931412950995865
26dpb_p2,Fib_K14,Fib_EN1,3027.877207533838,1513.938603766919,1.088996914281395
26dpb_p2,Fib_K14,Fib_EN1,3220.9213012088894,1610.4606506044447,1.0863015445735675
26dpb_p2,Fib_K14,Fib_EN1,3413.965394883941,1706.9826974419705,1.086604749595659
26dpb_p2,Fib_K14,Fib_EN1,3607.0094885589924,1803.5047442794962,1.0962871806212398
26dpb_p2,Fib_K14,Fib_EN1,3800.053582234044,1900.026791117022,1.097396035591415
26dpb_p2,Fib_K14,Fib_EN1,3993.0976759090954,1996.5488379545477,1.100744822383614
26dpb_p2,Fib_K14,Fib_EN1,4186.1417695841465,2093.0708847920732,1.1017261599063122
26dpb_p2,Fib_K14,Fib_EN1,4379.185863259198,2189.592931629599,1.0944905184265032
26dpb_p2,Fib_K14,Fib_EN1,4572.2299569342495,2286.1149784671247,1.0884367655779994
26dpb_p2,Fib_K14,Fib_EN1,4765.274050609301,2382.6370253046507,1.0811260892181938
26dpb_p2,Fib_K14,Fib_EN1,4958.3181442843525,2479.1590721421762,1.0772144722004655
26dpb_p2,Fib_K14,Fib_EN1,5151.3622379594035,2575.6811189797018,1.0746392807717164
26dpb_p2,Fib_K14,Fib_EN1,5344.4063316344555,2672.2031658172277,1.0709617784727714
26dpb_p2,Fib_K14,Fib_EN1,5537.450425309507,2768.7252126547537,1.0676025746300668
26dpb_p2,Fib_K14,Fib_EN1,5730.494518984558,2865.247259492279,1.064755573009575
26dpb_p2,Fib_K14,Fib_EN1,5923.5386126596095,2961.7693063298047,1.0614502257733887
26dpb_p2,Fib_K14,Fib_EN1,6116.582706334661,3058.2913531673307,1.0542352018094996
26dpb_p2,Fib_K14,Fib_EN1,6309.626800009713,3154.8134000048567,1.0490190197260654
26dpb_p2,Fib_K14,Fib_EN1,6502.670893684764,3251.335446842382,1.0435908792263426
26dpb_p2,Fib_K14,Fib_EN1,6695.7149873598155,3347.8574936799077,1.0433013859152382
26dpb_p2,Fib_K14,Fib_EN1,6888.759081034867,3444.3795405174337,1.0447140058744786
26dpb_p2,Fib_K14,Fib_EN1,7081.803174709919,3540.9015873549597,1.0403591906837477
26dpb_p2,Fib_K14,Fib_EN1,7274.84726838497,3637.423634192485,1.038583351984131
26dpb_p2,Fib_K14,Fib_EN1,7467.8913620600215,3733.9456810300107,1.0360307041178918
26dpb_p2,Fib_K14,Fib_EN1,7660.935455735073,3830.4677278675367,1.0317199884026629
26dpb_p2,Fib_K14,Fib_EN1,7853.979549410125,3926.9897747050627,1.0301320371774647
26dpb_p2,Fib_K14,Fib_EN1,8047.023643085176,4023.511821542588,1.029861620748563
26dpb_p2,Fib_K14,Fib_EN1,8240.067736760227,4120.033868380114,1.0264377104927052
26dpb_p2,Fib_K14,Fib_EN1,8433.11183043528,4216.55591521764,1.0211579195481926
26dpb_p2,Fib_K14,Fib_EN1,8626.155924110331,4313.077962055166,1.0173958514087267
26dpb_p2,Fib_K14,Fib_EN1,8819.200017785382,4409.600008892691,1.0125130933631417
26dpb_p2,Fib_K14,Fib_EN1,9012.244111460433,4506.122055730217,1.0088890065610312
26dpb_p2,Fib_K14,Fib_EN1,9205.288205135486,4602.644102567743,1.007049400136203
26dpb_p2,Fib_K14,Fib_EN1,9398.332298810537,4699.166149405269,1.0031891460138254
26dpb_p2,Fib_K14,Fib_EN1,9591.376392485588,4795.688196242794,1.0005797862498595
26dpb_p2,Fib_K14,Fib_EN1,9784.42048616064,4892.21024308032,0.9973677551166013
26dpb_p2,Fib_K14,Fib_Fasci,518.3039897581684,259.1519948790842,2.2846365588713966
26dpb_p2,Fib_K14,Fib_Fasci,711.3480834332199,355.67404171660996,1.8857206109188447
26dpb_p2,Fib_K14,Fib_Fasci,904.3921771082714,452.1960885541357,1.6529478756832876
26dpb_p2,Fib_K14,Fib_Fasci,1097.436270783323,548.7181353916615,1.5270713354897556
26dpb_p2,Fib_K14,Fib_Fasci,1290.4803644583744,645.2401822291872,1.4307811508988804
26dpb_p2,Fib_K14,Fib_Fasci,1483.524458133426,741.762229066713,1.338195688365915
26dpb_p2,Fib_K14,Fib_Fasci,1676.5685518084774,838.2842759042387,1.2686548708661112
26dpb_p2,Fib_K14,Fib_Fasci,1869.612645483529,934.8063227417645,1.1846447382714789
26dpb_p2,Fib_K14,Fib_Fasci,2062.6567391585804,1031.3283695792902,1.1080310989456106
26dpb_p2,Fib_K14,Fib_Fasci,2255.700832833632,1127.850416416816,1.059607436288292
26dpb_p2,Fib_K14,Fib_Fasci,2448.7449265086834,1224.3724632543417,1.036334076241711
26dpb_p2,Fib_K14,Fib_Fasci,2641.789020183735,1320.8945100918675,1.0270703089263395
26dpb_p2,Fib_K14,Fib_Fasci,2834.8331138587864,1417.4165569293932,1.0306676053396557
26dpb_p2,Fib_K14,Fib_Fasci,3027.877207533838,1513.938603766919,1.0268149023389705
26dpb_p2,Fib_K14,Fib_Fasci,3220.9213012088894,1610.4606506044447,1.0311683340977942
26dpb_p2,Fib_K14,Fib_Fasci,3413.965394883941,1706.9826974419705,1.0522188234213778
26dpb_p2,Fib_K14,Fib_Fasci,3607.0094885589924,1803.5047442794962,1.0669194629145562
26dpb_p2,Fib_K14,Fib_Fasci,3800.053582234044,1900.026791117022,1.0714507131848754
26dpb_p2,Fib_K14,Fib_Fasci,3993.0976759090954,1996.5488379545477,1.0781008060364994
26dpb_p2,Fib_K14,Fib_Fasci,4186.1417695841465,2093.0708847920732,1.076014381342981
26dpb_p2,Fib_K14,Fib_Fasci,4379.185863259198,2189.592931629599,1.0796589489462356
26dpb_p2,Fib_K14,Fib_Fasci,4572.2299569342495,2286.1149784671247,1.0793313223759435
26dpb_p2,Fib_K14,Fib_Fasci,4765.274050609301,2382.6370253046507,1.0777161966288455
26dpb_p2,Fib_K14,Fib_Fasci,4958.3181442843525,2479.1590721421762,1.0759738899182911
26dpb_p2,Fib_K14,Fib_Fasci,5151.3622379594035,2575.6811189797018,1.0723744023251063
26dpb_p2,Fib_K14,Fib_Fasci,5344.4063316344555,2672.2031658172277,1.0694925414024798
26dpb_p2,Fib_K14,Fib_Fasci,5537.450425309507,2768.7252126547537,1.066431279343899
26dpb_p2,Fib_K14,Fib_Fasci,5730.494518984558,2865.247259492279,1.0636971350699909
26dpb_p2,Fib_K14,Fib_Fasci,5923.5386126596095,2961.7693063298047,1.0603488541150536
26dpb_p2,Fib_K14,Fib_Fasci,6116.582706334661,3058.2913531673307,1.0570777153864324
26dpb_p2,Fib_K14,Fib_Fasci,6309.626800009713,3154.8134000048567,1.0545593859114137
26dpb_p2,Fib_K14,Fib_Fasci,6502.670893684764,3251.335446842382,1.0516563532371517
26dpb_p2,Fib_K14,Fib_Fasci,6695.7149873598155,3347.8574936799077,1.0477721749541848
26dpb_p2,Fib_K14,Fib_Fasci,6888.759081034867,3444.3795405174337,1.043879936023886
26dpb_p2,Fib_K14,Fib_Fasci,7081.803174709919,3540.9015873549597,1.043058478422568
26dpb_p2,Fib_K14,Fib_Fasci,7274.84726838497,3637.423634192485,1.0408517720391548
26dpb_p2,Fib_K14,Fib_Fasci,7467.8913620600215,3733.9456810300107,1.040475596323574
26dpb_p2,Fib_K14,Fib_Fasci,7660.935455735073,3830.4677278675367,1.0386153995350134
26dpb_p2,Fib_K14,Fib_Fasci,7853.979549410125,3926.9897747050627,1.037489967386879
26dpb_p2,Fib_K14,Fib_Fasci,8047.023643085176,4023.511821542588,1.0359951886647454
26dpb_p2,Fib_K14,Fib_Fasci,8240.067736760227,4120.033868380114,1.0358043439055502
26dpb_p2,Fib_K14,Fib_Fasci,8433.11183043528,4216.55591521764,1.0344951780615315
26dpb_p2,Fib_K14,Fib_Fasci,8626.155924110331,4313.077962055166,1.0322825527781843
26dpb_p2,Fib_K14,Fib_Fasci,8819.200017785382,4409.600008892691,1.0305355977633268
26dpb_p2,Fib_K14,Fib_Fasci,9012.244111460433,4506.122055730217,1.0284661979585563
26dpb_p2,Fib_K14,Fib_Fasci,9205.288205135486,4602.644102567743,1.0266058729135166
26dpb_p2,Fib_K14,Fib_Fasci,9398.332298810537,4699.166149405269,1.0266332711551829
26dpb_p2,Fib_K14,Fib_Fasci,9591.376392485588,4795.688196242794,1.0251877567953451
26dpb_p2,Fib_K14,Fib_Fasci,9784.42048616064,4892.21024308032,1.0234916661816087
26dpb_p2,Fib_K14,Fib_Inflama,518.3039897581684,259.1519948790842,2.1395271007619754
26dpb_p2,Fib_K14,Fib_Inflama,711.3480834332199,355.67404171660996,1.8626483952464445
26dpb_p2,Fib_K14,Fib_Inflama,904.3921771082714,452.1960885541357,1.6499970743916812
26dpb_p2,Fib_K14,Fib_Inflama,1097.436270783323,548.7181353916615,1.509296698363313
26dpb_p2,Fib_K14,Fib_Inflama,1290.4803644583744,645.2401822291872,1.4072728174329099
26dpb_p2,Fib_K14,Fib_Inflama,1483.524458133426,741.762229066713,1.3202114465075414
26dpb_p2,Fib_K14,Fib_Inflama,1676.5685518084774,838.2842759042387,1.2337469276313153
26dpb_p2,Fib_K14,Fib_Inflama,1869.612645483529,934.8063227417645,1.1599816083588417
26dpb_p2,Fib_K14,Fib_Inflama,2062.6567391585804,1031.3283695792902,1.1070974103117244
26dpb_p2,Fib_K14,Fib_Inflama,2255.700832833632,1127.850416416816,1.07183748741992
26dpb_p2,Fib_K14,Fib_Inflama,2448.7449265086834,1224.3724632543417,1.0585666161388476
26dpb_p2,Fib_K14,Fib_Inflama,2641.789020183735,1320.8945100918675,1.0547356797512573
26dpb_p2,Fib_K14,Fib_Inflama,2834.8331138587864,1417.4165569293932,1.053955005545733
26dpb_p2,Fib_K14,Fib_Inflama,3027.877207533838,1513.938603766919,1.0544277553346735
26dpb_p2,Fib_K14,Fib_Inflama,3220.9213012088894,1610.4606506044447,1.0565318246259245
26dpb_p2,Fib_K14,Fib_Inflama,3413.965394883941,1706.9826974419705,1.0607608540427398
26dpb_p2,Fib_K14,Fib_Inflama,3607.0094885589924,1803.5047442794962,1.0650240070513883
26dpb_p2,Fib_K14,Fib_Inflama,3800.053582234044,1900.026791117022,1.0679693067695786
26dpb_p2,Fib_K14,Fib_Inflama,3993.0976759090954,1996.5488379545477,1.0683940485353864
26dpb_p2,Fib_K14,Fib_Inflama,4186.1417695841465,2093.0708847920732,1.0656945045208597
26dpb_p2,Fib_K14,Fib_Inflama,4379.185863259198,2189.592931629599,1.0623592094609113
26dpb_p2,Fib_K14,Fib_Inflama,4572.2299569342495,2286.1149784671247,1.0573784806756763
26dpb_p2,Fib_K14,Fib_Inflama,4765.274050609301,2382.6370253046507,1.0531978903589858
26dpb_p2,Fib_K14,Fib_Inflama,4958.3181442843525,2479.1590721421762,1.0499826252289715
26dpb_p2,Fib_K14,Fib_Inflama,5151.3622379594035,2575.6811189797018,1.046958627542177
26dpb_p2,Fib_K14,Fib_Inflama,5344.4063316344555,2672.2031658172277,1.0439195985620286
26dpb_p2,Fib_K14,Fib_Inflama,5537.450425309507,2768.7252126547537,1.0407861176609219
26dpb_p2,Fib_K14,Fib_Inflama,5730.494518984558,2865.247259492279,1.0371315558440428
26dpb_p2,Fib_K14,Fib_Inflama,5923.5386126596095,2961.7693063298047,1.0337275017073457
26dpb_p2,Fib_K14,Fib_Inflama,6116.582706334661,3058.2913531673307,1.0308663969340637
26dpb_p2,Fib_K14,Fib_Inflama,6309.626800009713,3154.8134000048567,1.0283911466954225
26dpb_p2,Fib_K14,Fib_Inflama,6502.670893684764,3251.335446842382,1.0252965064780875
26dpb_p2,Fib_K14,Fib_Inflama,6695.7149873598155,3347.8574936799077,1.0221024800930567
26dpb_p2,Fib_K14,Fib_Inflama,6888.759081034867,3444.3795405174337,1.020324033698151
26dpb_p2,Fib_K14,Fib_Inflama,7081.803174709919,3540.9015873549597,1.0187561230780724
26dpb_p2,Fib_K14,Fib_Inflama,7274.84726838497,3637.423634192485,1.0171272423281896
26dpb_p2,Fib_K14,Fib_Inflama,7467.8913620600215,3733.9456810300107,1.0156861953655527
26dpb_p2,Fib_K14,Fib_Inflama,7660.935455735073,3830.4677278675367,1.0147537486377127
26dpb_p2,Fib_K14,Fib_Inflama,7853.979549410125,3926.9897747050627,1.0137524971973402
26dpb_p2,Fib_K14,Fib_Inflama,8047.023643085176,4023.511821542588,1.0129129973741235
26dpb_p2,Fib_K14,Fib_Inflama,8240.067736760227,4120.033868380114,1.012505211039837
26dpb_p2,Fib_K14,Fib_Inflama,8433.11183043528,4216.55591521764,1.0121007007606142
26dpb_p2,Fib_K14,Fib_Inflama,8626.155924110331,4313.077962055166,1.0116825469072812
26dpb_p2,Fib_K14,Fib_Inflama,8819.200017785382,4409.600008892691,1.0103974685585446
26dpb_p2,Fib_K14,Fib_Inflama,9012.244111460433,4506.122055730217,1.0094004890470707
26dpb_p2,Fib_K14,Fib_Inflama,9205.288205135486,4602.644102567743,1.0084713826099552
26dpb_p2,Fib_K14,Fib_Inflama,9398.332298810537,4699.166149405269,1.0073820167476695
26dpb_p2,Fib_K14,Fib_Inflama,9591.376392485588,4795.688196242794,1.0067466804220444
26dpb_p2,Fib_K14,Fib_Inflama,9784.42048616064,4892.21024308032,1.0058915618783983
26dpb_p2,Fib_K14,Fib_K14,518.3039897581684,259.1519948790842,2.161917846484788
26dpb_p2,Fib_K14,Fib_K14,711.3480834332199,355.67404171660996,1.8702188054007238
26dpb_p2,Fib_K14,Fib_K14,904.3921771082714,452.1960885541357,1.660610670705108
26dpb_p2,Fib_K14,Fib_K14,1097.436270783323,548.7181353916615,1.5218653934937783
26dpb_p2,Fib_K14,Fib_K14,1290.4803644583744,645.2401822291872,1.4276262087749687
26dpb_p2,Fib_K14,Fib_K14,1483.524458133426,741.762229066713,1.348114309858426
26dpb_p2,Fib_K14,Fib_K14,1676.5685518084774,838.2842759042387,1.27058598267933
26dpb_p2,Fib_K14,Fib_K14,1869.612645483529,934.8063227417645,1.1942041530877494
26dpb_p2,Fib_K14,Fib_K14,2062.6567391585804,1031.3283695792902,1.1354501151545147
26dpb_p2,Fib_K14,Fib_K14,2255.700832833632,1127.850416416816,1.0951249187940528
26dpb_p2,Fib_K14,Fib_K14,2448.7449265086834,1224.3724632543417,1.0752626143638455
26dpb_p2,Fib_K14,Fib_K14,2641.789020183735,1320.8945100918675,1.066094737512636
26dpb_p2,Fib_K14,Fib_K14,2834.8331138587864,1417.4165569293932,1.0605213560837414
26dpb_p2,Fib_K14,Fib_K14,3027.877207533838,1513.938603766919,1.0583148551992834
26dpb_p2,Fib_K14,Fib_K14,3220.9213012088894,1610.4606506044447,1.0564607852559718
26dpb_p2,Fib_K14,Fib_K14,3413.965394883941,1706.9826974419705,1.0585755244168045
26dpb_p2,Fib_K14,Fib_K14,3607.0094885589924,1803.5047442794962,1.0615298625991463
26dpb_p2,Fib_K14,Fib_K14,3800.053582234044,1900.026791117022,1.0660497029342104
26dpb_p2,Fib_K14,Fib_K14,3993.0976759090954,1996.5488379545477,1.0656025103559272
26dpb_p2,Fib_K14,Fib_K14,4186.1417695841465,2093.0708847920732,1.0624110368682722
26dpb_p2,Fib_K14,Fib_K14,4379.185863259198,2189.592931629599,1.0586620583412676
26dpb_p2,Fib_K14,Fib_K14,4572.2299569342495,2286.1149784671247,1.0557925274889641
26dpb_p2,Fib_K14,Fib_K14,4765.274050609301,2382.6370253046507,1.0537969047747198
26dpb_p2,Fib_K14,Fib_K14,4958.3181442843525,2479.1590721421762,1.051550049551781
26dpb_p2,Fib_K14,Fib_K14,5151.3622379594035,2575.6811189797018,1.048251856604586
26dpb_p2,Fib_K14,Fib_K14,5344.4063316344555,2672.2031658172277,1.0448848173205296
26dpb_p2,Fib_K14,Fib_K14,5537.450425309507,2768.7252126547537,1.0418473928680083
26dpb_p2,Fib_K14,Fib_K14,5730.494518984558,2865.247259492279,1.039035664816619
26dpb_p2,Fib_K14,Fib_K14,5923.5386126596095,2961.7693063298047,1.0360149319312337
26dpb_p2,Fib_K14,Fib_K14,6116.582706334661,3058.2913531673307,1.034040492529426
26dpb_p2,Fib_K14,Fib_K14,6309.626800009713,3154.8134000048567,1.0318399981751545
26dpb_p2,Fib_K14,Fib_K14,6502.670893684764,3251.335446842382,1.029279178806817
26dpb_p2,Fib_K14,Fib_K14,6695.7149873598155,3347.8574936799077,1.026548337832407
26dpb_p2,Fib_K14,Fib_K14,6888.759081034867,3444.3795405174337,1.0250698427245488
26dpb_p2,Fib_K14,Fib_K14,7081.803174709919,3540.9015873549597,1.0237681768037539
26dpb_p2,Fib_K14,Fib_K14,7274.84726838497,3637.423634192485,1.0218647068416358
26dpb_p2,Fib_K14,Fib_K14,7467.8913620600215,3733.9456810300107,1.019846928162853
26dpb_p2,Fib_K14,Fib_K14,7660.935455735073,3830.4677278675367,1.0181804139180406
26dpb_p2,Fib_K14,Fib_K14,7853.979549410125,3926.9897747050627,1.0166713612606866
26dpb_p2,Fib_K14,Fib_K14,8047.023643085176,4023.511821542588,1.0157135504272132
26dpb_p2,Fib_K14,Fib_K14,8240.067736760227,4120.033868380114,1.0145584226176685
26dpb_p2,Fib_K14,Fib_K14,8433.11183043528,4216.55591521764,1.013565675868792
26dpb_p2,Fib_K14,Fib_K14,8626.155924110331,4313.077962055166,1.012279553997719
26dpb_p2,Fib_K14,Fib_K14,8819.200017785382,4409.600008892691,1.0105853645962628
26dpb_p2,Fib_K14,Fib_K14,9012.244111460433,4506.122055730217,1.0094241124030823
26dpb_p2,Fib_K14,Fib_K14,9205.288205135486,4602.644102567743,1.0084471164557143
26dpb_p2,Fib_K14,Fib_K14,9398.332298810537,4699.166149405269,1.007418630535113
26dpb_p2,Fib_K14,Fib_K14,9591.376392485588,4795.688196242794,1.00621527992257
26dpb_p2,Fib_K14,Fib_K14,9784.42048616064,4892.21024308032,1.0052364824940823
26dpb_p2,Fib_K14,Fib_Myo,518.3039897581684,259.1519948790842,2.1024061623810213
26dpb_p2,Fib_K14,Fib_Myo,711.3480834332199,355.67404171660996,1.8096594048409727
26dpb_p2,Fib_K14,Fib_Myo,904.3921771082714,452.1960885541357,1.6082321163826507
26dpb_p2,Fib_K14,Fib_Myo,1097.436270783323,548.7181353916615,1.4755035312922438
26dpb_p2,Fib_K14,Fib_Myo,1290.4803644583744,645.2401822291872,1.3793572539139083
26dpb_p2,Fib_K14,Fib_Myo,1483.524458133426,741.762229066713,1.301054578540413
26dpb_p2,Fib_K14,Fib_Myo,1676.5685518084774,838.2842759042387,1.2227023607923981
26dpb_p2,Fib_K14,Fib_Myo,1869.612645483529,934.8063227417645,1.1496864485344174
26dpb_p2,Fib_K14,Fib_Myo,2062.6567391585804,1031.3283695792902,1.0921700714049836
26dpb_p2,Fib_K14,Fib_Myo,2255.700832833632,1127.850416416816,1.0529476395692594
26dpb_p2,Fib_K14,Fib_Myo,2448.7449265086834,1224.3724632543417,1.0329379598069561
26dpb_p2,Fib_K14,Fib_Myo,2641.789020183735,1320.8945100918675,1.0235500788291565
26dpb_p2,Fib_K14,Fib_Myo,2834.8331138587864,1417.4165569293932,1.015797862670339
26dpb_p2,Fib_K14,Fib_Myo,3027.877207533838,1513.938603766919,1.012472224285565
26dpb_p2,Fib_K14,Fib_Myo,3220.9213012088894,1610.4606506044447,1.0157929190292057
26dpb_p2,Fib_K14,Fib_Myo,3413.965394883941,1706.9826974419705,1.022609263353103
26dpb_p2,Fib_K14,Fib_Myo,3607.0094885589924,1803.5047442794962,1.0300002164361088
26dpb_p2,Fib_K14,Fib_Myo,3800.053582234044,1900.026791117022,1.0362009741268847
26dpb_p2,Fib_K14,Fib_Myo,3993.0976759090954,1996.5488379545477,1.0415686708843
26dpb_p2,Fib_K14,Fib_Myo,4186.1417695841465,2093.0708847920732,1.0438743112103852
26dpb_p2,Fib_K14,Fib_Myo,4379.185863259198,2189.592931629599,1.0409572855459368
26dpb_p2,Fib_K14,Fib_Myo,4572.2299569342495,2286.1149784671247,1.0388495286990012
26dpb_p2,Fib_K14,Fib_Myo,4765.274050609301,2382.6370253046507,1.0362987369822183
26dpb_p2,Fib_K14,Fib_Myo,4958.3181442843525,2479.1590721421762,1.0338708195198436
26dpb_p2,Fib_K14,Fib_Myo,5151.3622379594035,2575.6811189797018,1.030616083332746
26dpb_p2,Fib_K14,Fib_Myo,5344.4063316344555,2672.2031658172277,1.027217373451809
26dpb_p2,Fib_K14,Fib_Myo,5537.450425309507,2768.7252126547537,1.0247377655702206
26dpb_p2,Fib_K14,Fib_Myo,5730.494518984558,2865.247259492279,1.0228837722697672
26dpb_p2,Fib_K14,Fib_Myo,5923.5386126596095,2961.7693063298047,1.0221740433782882
26dpb_p2,Fib_K14,Fib_Myo,6116.582706334661,3058.2913531673307,1.0205590874599446
26dpb_p2,Fib_K14,Fib_Myo,6309.626800009713,3154.8134000048567,1.018799415605877
26dpb_p2,Fib_K14,Fib_Myo,6502.670893684764,3251.335446842382,1.017721174890145
26dpb_p2,Fib_K14,Fib_Myo,6695.7149873598155,3347.8574936799077,1.0158944914594221
26dpb_p2,Fib_K14,Fib_Myo,6888.759081034867,3444.3795405174337,1.0159117321857623
26dpb_p2,Fib_K14,Fib_Myo,7081.803174709919,3540.9015873549597,1.0161475387382992
26dpb_p2,Fib_K14,Fib_Myo,7274.84726838497,3637.423634192485,1.0159039389817808
26dpb_p2,Fib_K14,Fib_Myo,7467.8913620600215,3733.9456810300107,1.015156289856191
26dpb_p2,Fib_K14,Fib_Myo,7660.935455735073,3830.4677278675367,1.0154747219257725
26dpb_p2,Fib_K14,Fib_Myo,7853.979549410125,3926.9897747050627,1.0157452879649917
26dpb_p2,Fib_K14,Fib_Myo,8047.023643085176,4023.511821542588,1.0152938256327677
26dpb_p2,Fib_K14,Fib_Myo,8240.067736760227,4120.033868380114,1.015320462300969
26dpb_p2,Fib_K14,Fib_Myo,8433.11183043528,4216.55591521764,1.0149968867858405
26dpb_p2,Fib_K14,Fib_Myo,8626.155924110331,4313.077962055166,1.0144282592053528
26dpb_p2,Fib_K14,Fib_Myo,8819.200017785382,4409.600008892691,1.0139668622882423
26dpb_p2,Fib_K14,Fib_Myo,9012.244111460433,4506.122055730217,1.0136464184291636
26dpb_p2,Fib_K14,Fib_Myo,9205.288205135486,4602.644102567743,1.013348488606997
26dpb_p2,Fib_K14,Fib_Myo,9398.332298810537,4699.166149405269,1.0133909893823534
26dpb_p2,Fib_K14,Fib_Myo,9591.376392485588,4795.688196242794,1.0130397186316573
26dpb_p2,Fib_K14,Fib_Myo,9784.42048616064,4892.21024308032,1.012335548518283
26dpb_p2,Fib_K14,Fib_Papi,518.3039897581684,259.1519948790842,1.9251826273344668
26dpb_p2,Fib_K14,Fib_Papi,711.3480834332199,355.67404171660996,1.70261315618085
26dpb_p2,Fib_K14,Fib_Papi,904.3921771082714,452.1960885541357,1.5438853767586613
26dpb_p2,Fib_K14,Fib_Papi,1097.436270783323,548.7181353916615,1.4347844310189606
26dpb_p2,Fib_K14,Fib_Papi,1290.4803644583744,645.2401822291872,1.348925994989326
26dpb_p2,Fib_K14,Fib_Papi,1483.524458133426,741.762229066713,1.2724125351811506
26dpb_p2,Fib_K14,Fib_Papi,1676.5685518084774,838.2842759042387,1.199732223368626
26dpb_p2,Fib_K14,Fib_Papi,1869.612645483529,934.8063227417645,1.1390764108852185
26dpb_p2,Fib_K14,Fib_Papi,2062.6567391585804,1031.3283695792902,1.0905347206441156
26dpb_p2,Fib_K14,Fib_Papi,2255.700832833632,1127.850416416816,1.0570291870478945
26dpb_p2,Fib_K14,Fib_Papi,2448.7449265086834,1224.3724632543417,1.0408254983288274
26dpb_p2,Fib_K14,Fib_Papi,2641.789020183735,1320.8945100918675,1.0349721746185991
26dpb_p2,Fib_K14,Fib_Papi,2834.8331138587864,1417.4165569293932,1.0330618829847547
26dpb_p2,Fib_K14,Fib_Papi,3027.877207533838,1513.938603766919,1.0317291491636804
26dpb_p2,Fib_K14,Fib_Papi,3220.9213012088894,1610.4606506044447,1.030827650344098
26dpb_p2,Fib_K14,Fib_Papi,3413.965394883941,1706.9826974419705,1.0315682372070112
26dpb_p2,Fib_K14,Fib_Papi,3607.0094885589924,1803.5047442794962,1.033335964168353
26dpb_p2,Fib_K14,Fib_Papi,3800.053582234044,1900.026791117022,1.0357097873887546
26dpb_p2,Fib_K14,Fib_Papi,3993.0976759090954,1996.5488379545477,1.0366506620405729
26dpb_p2,Fib_K14,Fib_Papi,4186.1417695841465,2093.0708847920732,1.035984322749633
26dpb_p2,Fib_K14,Fib_Papi,4379.185863259198,2189.592931629599,1.0344921153903972
26dpb_p2,Fib_K14,Fib_Papi,4572.2299569342495,2286.1149784671247,1.0322338126140913
26dpb_p2,Fib_K14,Fib_Papi,4765.274050609301,2382.6370253046507,1.0302195453928291
26dpb_p2,Fib_K14,Fib_Papi,4958.3181442843525,2479.1590721421762,1.0284030516220526
26dpb_p2,Fib_K14,Fib_Papi,5151.3622379594035,2575.6811189797018,1.0265163772589367
26dpb_p2,Fib_K14,Fib_Papi,5344.4063316344555,2672.2031658172277,1.0250173912192584
26dpb_p2,Fib_K14,Fib_Papi,5537.450425309507,2768.7252126547537,1.0234220792154847
26dpb_p2,Fib_K14,Fib_Papi,5730.494518984558,2865.247259492279,1.0221485672375454
26dpb_p2,Fib_K14,Fib_Papi,5923.5386126596095,2961.7693063298047,1.0211687157729044
26dpb_p2,Fib_K14,Fib_Papi,6116.582706334661,3058.2913531673307,1.020047455249023
26dpb_p2,Fib_K14,Fib_Papi,6309.626800009713,3154.8134000048567,1.018333811175067
26dpb_p2,Fib_K14,Fib_Papi,6502.670893684764,3251.335446842382,1.0170975848978663
26dpb_p2,Fib_K14,Fib_Papi,6695.7149873598155,3347.8574936799077,1.0160482225938932
26dpb_p2,Fib_K14,Fib_Papi,6888.759081034867,3444.3795405174337,1.0148177287234623
26dpb_p2,Fib_K14,Fib_Papi,7081.803174709919,3540.9015873549597,1.0134885843885515
26dpb_p2,Fib_K14,Fib_Papi,7274.84726838497,3637.423634192485,1.0124286152098683
26dpb_p2,Fib_K14,Fib_Papi,7467.8913620600215,3733.9456810300107,1.0116699042484156
26dpb_p2,Fib_K14,Fib_Papi,7660.935455735073,3830.4677278675367,1.0108857007788579
26dpb_p2,Fib_K14,Fib_Papi,7853.979549410125,3926.9897747050627,1.0104178907193915
26dpb_p2,Fib_K14,Fib_Papi,8047.023643085176,4023.511821542588,1.0104274600066394
26dpb_p2,Fib_K14,Fib_Papi,8240.067736760227,4120.033868380114,1.01023934747979
26dpb_p2,Fib_K14,Fib_Papi,8433.11183043528,4216.55591521764,1.0098368772184918
26dpb_p2,Fib_K14,Fib_Papi,8626.155924110331,4313.077962055166,1.0093536101068519
26dpb_p2,Fib_K14,Fib_Papi,8819.200017785382,4409.600008892691,1.0087964394034228
26dpb_p2,Fib_K14,Fib_Papi,9012.244111460433,4506.122055730217,1.0082174087262559
26dpb_p2,Fib_K14,Fib_Papi,9205.288205135486,4602.644102567743,1.0077853048825172
26dpb_p2,Fib_K14,Fib_Papi,9398.332298810537,4699.166149405269,1.0075288241427784
26dpb_p2,Fib_K14,Fib_Papi,9591.376392485588,4795.688196242794,1.0073065781660577
26dpb_p2,Fib_K14,Fib_Papi,9784.42048616064,4892.21024308032,1.0073271898539462
26dpb_p2,Fib_K14,Fib_Prolif,518.3039897581684,259.1519948790842,0.6316683247230984
26dpb_p2,Fib_K14,Fib_Prolif,711.3480834332199,355.67404171660996,0.6798635795102466
26dpb_p2,Fib_K14,Fib_Prolif,904.3921771082714,452.1960885541357,0.7325982117642099
26dpb_p2,Fib_K14,Fib_Prolif,1097.436270783323,548.7181353916615,0.7856407691277772
26dpb_p2,Fib_K14,Fib_Prolif,1290.4803644583744,645.2401822291872,0.8147008438519445
26dpb_p2,Fib_K14,Fib_Prolif,1483.524458133426,741.762229066713,0.8555973505302964
26dpb_p2,Fib_K14,Fib_Prolif,1676.5685518084774,838.2842759042387,0.9017516513556503
26dpb_p2,Fib_K14,Fib_Prolif,1869.612645483529,934.8063227417645,0.9443086670559746
26dpb_p2,Fib_K14,Fib_Prolif,2062.6567391585804,1031.3283695792902,0.968025607869136
26dpb_p2,Fib_K14,Fib_Prolif,2255.700832833632,1127.850416416816,0.9800694856998041
26dpb_p2,Fib_K14,Fib_Prolif,2448.7449265086834,1224.3724632543417,0.9838333684730676
26dpb_p2,Fib_K14,Fib_Prolif,2641.789020183735,1320.8945100918675,0.995446720544502
26dpb_p2,Fib_K14,Fib_Prolif,2834.8331138587864,1417.4165569293932,1.00821922990874
26dpb_p2,Fib_K14,Fib_Prolif,3027.877207533838,1513.938603766919,1.017266441149911
26dpb_p2,Fib_K14,Fib_Prolif,3220.9213012088894,1610.4606506044447,1.0234881730841707
26dpb_p2,Fib_K14,Fib_Prolif,3413.965394883941,1706.9826974419705,1.0255601061666815
26dpb_p2,Fib_K14,Fib_Prolif,3607.0094885589924,1803.5047442794962,1.024907428859174
26dpb_p2,Fib_K14,Fib_Prolif,3800.053582234044,1900.026791117022,1.024643642766618
26dpb_p2,Fib_K14,Fib_Prolif,3993.0976759090954,1996.5488379545477,1.0256421643710494
26dpb_p2,Fib_K14,Fib_Prolif,4186.1417695841465,2093.0708847920732,1.0253173990798075
26dpb_p2,Fib_K14,Fib_Prolif,4379.185863259198,2189.592931629599,1.024124440160615
26dpb_p2,Fib_K14,Fib_Prolif,4572.2299569342495,2286.1149784671247,1.0234850689731951
26dpb_p2,Fib_K14,Fib_Prolif,4765.274050609301,2382.6370253046507,1.0254646268039203
26dpb_p2,Fib_K14,Fib_Prolif,4958.3181442843525,2479.1590721421762,1.0253815412389813
26dpb_p2,Fib_K14,Fib_Prolif,5151.3622379594035,2575.6811189797018,1.025560058132151
26dpb_p2,Fib_K14,Fib_Prolif,5344.4063316344555,2672.2031658172277,1.0237672425743118
26dpb_p2,Fib_K14,Fib_Prolif,5537.450425309507,2768.7252126547537,1.024853144995243
26dpb_p2,Fib_K14,Fib_Prolif,5730.494518984558,2865.247259492279,1.0281356496292733
26dpb_p2,Fib_K14,Fib_Prolif,5923.5386126596095,2961.7693063298047,1.0276236957291907
26dpb_p2,Fib_K14,Fib_Prolif,6116.582706334661,3058.2913531673307,1.0244850620825463
26dpb_p2,Fib_K14,Fib_Prolif,6309.626800009713,3154.8134000048567,1.0231730745857939
26dpb_p2,Fib_K14,Fib_Prolif,6502.670893684764,3251.335446842382,1.022707763935194
26dpb_p2,Fib_K14,Fib_Prolif,6695.7149873598155,3347.8574936799077,1.0210945219918335
26dpb_p2,Fib_K14,Fib_Prolif,6888.759081034867,3444.3795405174337,1.0218561239130948
26dpb_p2,Fib_K14,Fib_Prolif,7081.803174709919,3540.9015873549597,1.0207967323023597
26dpb_p2,Fib_K14,Fib_Prolif,7274.84726838497,3637.423634192485,1.021138776068446
26dpb_p2,Fib_K14,Fib_Prolif,7467.8913620600215,3733.9456810300107,1.0219777070881368
26dpb_p2,Fib_K14,Fib_Prolif,7660.935455735073,3830.4677278675367,1.0210975872276253
26dpb_p2,Fib_K14,Fib_Prolif,7853.979549410125,3926.9897747050627,1.0197501067264534
26dpb_p2,Fib_K14,Fib_Prolif,8047.023643085176,4023.511821542588,1.0171820876191298
26dpb_p2,Fib_K14,Fib_Prolif,8240.067736760227,4120.033868380114,1.0152793903260284
26dpb_p2,Fib_K14,Fib_Prolif,8433.11183043528,4216.55591521764,1.0128896497802224
26dpb_p2,Fib_K14,Fib_Prolif,8626.155924110331,4313.077962055166,1.0111258321424892
26dpb_p2,Fib_K14,Fib_Prolif,8819.200017785382,4409.600008892691,1.0100144254575127
26dpb_p2,Fib_K14,Fib_Prolif,9012.244111460433,4506.122055730217,1.0082247107712237
26dpb_p2,Fib_K14,Fib_Prolif,9205.288205135486,4602.644102567743,1.0074758542494053
26dpb_p2,Fib_K14,Fib_Prolif,9398.332298810537,4699.166149405269,1.0071948016668009
26dpb_p2,Fib_K14,Fib_Prolif,9591.376392485588,4795.688196242794,1.007508841452974
26dpb_p2,Fib_K14,Fib_Prolif,9784.42048616064,4892.21024308032,1.0079059992960717
26dpb_p2,Fib_K14,Fib_SFRP2,518.3039897581684,259.1519948790842,1.9816145309899371
26dpb_p2,Fib_K14,Fib_SFRP2,711.3480834332199,355.67404171660996,1.735505213427284
26dpb_p2,Fib_K14,Fib_SFRP2,904.3921771082714,452.1960885541357,1.5709171177366545
26dpb_p2,Fib_K14,Fib_SFRP2,1097.436270783323,548.7181353916615,1.4567542565176126
26dpb_p2,Fib_K14,Fib_SFRP2,1290.4803644583744,645.2401822291872,1.368772244548231
26dpb_p2,Fib_K14,Fib_SFRP2,1483.524458133426,741.762229066713,1.2941942789586474
26dpb_p2,Fib_K14,Fib_SFRP2,1676.5685518084774,838.2842759042387,1.2208474010344466
26dpb_p2,Fib_K14,Fib_SFRP2,1869.612645483529,934.8063227417645,1.1567609001658883
26dpb_p2,Fib_K14,Fib_SFRP2,2062.6567391585804,1031.3283695792902,1.1088023763033932
26dpb_p2,Fib_K14,Fib_SFRP2,2255.700832833632,1127.850416416816,1.0774076535450032
26dpb_p2,Fib_K14,Fib_SFRP2,2448.7449265086834,1224.3724632543417,1.0622910533022378
26dpb_p2,Fib_K14,Fib_SFRP2,2641.789020183735,1320.8945100918675,1.0570092636353896
26dpb_p2,Fib_K14,Fib_SFRP2,2834.8331138587864,1417.4165569293932,1.0549424958210047
26dpb_p2,Fib_K14,Fib_SFRP2,3027.877207533838,1513.938603766919,1.0521961217597768
26dpb_p2,Fib_K14,Fib_SFRP2,3220.9213012088894,1610.4606506044447,1.0499138880796965
26dpb_p2,Fib_K14,Fib_SFRP2,3413.965394883941,1706.9826974419705,1.0501647828802119
26dpb_p2,Fib_K14,Fib_SFRP2,3607.0094885589924,1803.5047442794962,1.0515021848389774
26dpb_p2,Fib_K14,Fib_SFRP2,3800.053582234044,1900.026791117022,1.0532383828128369
26dpb_p2,Fib_K14,Fib_SFRP2,3993.0976759090954,1996.5488379545477,1.0531370675975857
26dpb_p2,Fib_K14,Fib_SFRP2,4186.1417695841465,2093.0708847920732,1.051260256261763
26dpb_p2,Fib_K14,Fib_SFRP2,4379.185863259198,2189.592931629599,1.0485095541647937
26dpb_p2,Fib_K14,Fib_SFRP2,4572.2299569342495,2286.1149784671247,1.045331478797477
26dpb_p2,Fib_K14,Fib_SFRP2,4765.274050609301,2382.6370253046507,1.0429188526407487
26dpb_p2,Fib_K14,Fib_SFRP2,4958.3181442843525,2479.1590721421762,1.0401460772527005
26dpb_p2,Fib_K14,Fib_SFRP2,5151.3622379594035,2575.6811189797018,1.0376601083155323
26dpb_p2,Fib_K14,Fib_SFRP2,5344.4063316344555,2672.2031658172277,1.0348209933727897
26dpb_p2,Fib_K14,Fib_SFRP2,5537.450425309507,2768.7252126547537,1.0326980010120745
26dpb_p2,Fib_K14,Fib_SFRP2,5730.494518984558,2865.247259492279,1.0301966090460744
26dpb_p2,Fib_K14,Fib_SFRP2,5923.5386126596095,2961.7693063298047,1.0279152617587446
26dpb_p2,Fib_K14,Fib_SFRP2,6116.582706334661,3058.2913531673307,1.0257681079058627
26dpb_p2,Fib_K14,Fib_SFRP2,6309.626800009713,3154.8134000048567,1.0237432660803234
26dpb_p2,Fib_K14,Fib_SFRP2,6502.670893684764,3251.335446842382,1.0213980617252267
26dpb_p2,Fib_K14,Fib_SFRP2,6695.7149873598155,3347.8574936799077,1.0197485262480372
26dpb_p2,Fib_K14,Fib_SFRP2,6888.759081034867,3444.3795405174337,1.018159659916491
26dpb_p2,Fib_K14,Fib_SFRP2,7081.803174709919,3540.9015873549597,1.0162897158475206
26dpb_p2,Fib_K14,Fib_SFRP2,7274.84726838497,3637.423634192485,1.014976253619289
26dpb_p2,Fib_K14,Fib_SFRP2,7467.8913620600215,3733.9456810300107,1.0136312337186206
26dpb_p2,Fib_K14,Fib_SFRP2,7660.935455735073,3830.4677278675367,1.0122360210640668
26dpb_p2,Fib_K14,Fib_SFRP2,7853.979549410125,3926.9897747050627,1.010925301045548
26dpb_p2,Fib_K14,Fib_SFRP2,8047.023643085176,4023.511821542588,1.0100894922576993
26dpb_p2,Fib_K14,Fib_SFRP2,8240.067736760227,4120.033868380114,1.0093756340772888
26dpb_p2,Fib_K14,Fib_SFRP2,8433.11183043528,4216.55591521764,1.008641523649819
26dpb_p2,Fib_K14,Fib_SFRP2,8626.155924110331,4313.077962055166,1.0078150997907473
26dpb_p2,Fib_K14,Fib_SFRP2,8819.200017785382,4409.600008892691,1.0067400982790475
26dpb_p2,Fib_K14,Fib_SFRP2,9012.244111460433,4506.122055730217,1.0056328844343498
26dpb_p2,Fib_K14,Fib_SFRP2,9205.288205135486,4602.644102567743,1.004725964246755
26dpb_p2,Fib_K14,Fib_SFRP2,9398.332298810537,4699.166149405269,1.0039937996292265
26dpb_p2,Fib_K14,Fib_SFRP2,9591.376392485588,4795.688196242794,1.0033445709971045
26dpb_p2,Fib_K14,Fib_SFRP2,9784.42048616064,4892.21024308032,1.0027718691496001
26dpb_p2,Fib_K14,KC_Basal,518.3039897581684,259.1519948790842,2.317058920272239
26dpb_p2,Fib_K14,KC_Basal,711.3480834332199,355.67404171660996,2.0400211777430353
26dpb_p2,Fib_K14,KC_Basal,904.3921771082714,452.1960885541357,1.9750308333773214
26dpb_p2,Fib_K14,KC_Basal,1097.436270783323,548.7181353916615,1.8529608823777164
26dpb_p2,Fib_K14,KC_Basal,1290.4803644583744,645.2401822291872,1.8641344051890025
26dpb_p2,Fib_K14,KC_Basal,1483.524458133426,741.762229066713,1.642330820253618
26dpb_p2,Fib_K14,KC_Basal,1676.5685518084774,838.2842759042387,1.5355099242396437
26dpb_p2,Fib_K14,KC_Basal,1869.612645483529,934.8063227417645,1.4284103262961707
26dpb_p2,Fib_K14,KC_Basal,2062.6567391585804,1031.3283695792902,1.2752245822057844
26dpb_p2,Fib_K14,KC_Basal,2255.700832833632,1127.850416416816,1.1583015189012678
26dpb_p2,Fib_K14,KC_Basal,2448.7449265086834,1224.3724632543417,1.0890175504925486
26dpb_p2,Fib_K14,KC_Basal,2641.789020183735,1320.8945100918675,1.0631499549895087
26dpb_p2,Fib_K14,KC_Basal,2834.8331138587864,1417.4165569293932,1.0560811109225545
26dpb_p2,Fib_K14,KC_Basal,3027.877207533838,1513.938603766919,1.0451772065673757
26dpb_p2,Fib_K14,KC_Basal,3220.9213012088894,1610.4606506044447,1.0649838797744073
26dpb_p2,Fib_K14,KC_Basal,3413.965394883941,1706.9826974419705,1.0737035403764705
26dpb_p2,Fib_K14,KC_Basal,3607.0094885589924,1803.5047442794962,1.1003983112501925
26dpb_p2,Fib_K14,KC_Basal,3800.053582234044,1900.026791117022,1.111051756888409
26dpb_p2,Fib_K14,KC_Basal,3993.0976759090954,1996.5488379545477,1.1068192645545845
26dpb_p2,Fib_K14,KC_Basal,4186.1417695841465,2093.0708847920732,1.1022521277945585
26dpb_p2,Fib_K14,KC_Basal,4379.185863259198,2189.592931629599,1.1046288465845346
26dpb_p2,Fib_K14,KC_Basal,4572.2299569342495,2286.1149784671247,1.1307455268231357
26dpb_p2,Fib_K14,KC_Basal,4765.274050609301,2382.6370253046507,1.130709458869363
26dpb_p2,Fib_K14,KC_Basal,4958.3181442843525,2479.1590721421762,1.1292907872530276
26dpb_p2,Fib_K14,KC_Basal,5151.3622379594035,2575.6811189797018,1.1256340224226558
26dpb_p2,Fib_K14,KC_Basal,5344.4063316344555,2672.2031658172277,1.1265517779998517
26dpb_p2,Fib_K14,KC_Basal,5537.450425309507,2768.7252126547537,1.124371581067929
26dpb_p2,Fib_K14,KC_Basal,5730.494518984558,2865.247259492279,1.1104907532441164
26dpb_p2,Fib_K14,KC_Basal,5923.5386126596095,2961.7693063298047,1.1137092529442776
26dpb_p2,Fib_K14,KC_Basal,6116.582706334661,3058.2913531673307,1.1082160601626219
26dpb_p2,Fib_K14,KC_Basal,6309.626800009713,3154.8134000048567,1.1113307029334778
26dpb_p2,Fib_K14,KC_Basal,6502.670893684764,3251.335446842382,1.1098262211986942
26dpb_p2,Fib_K14,KC_Basal,6695.7149873598155,3347.8574936799077,1.1028456922530812
26dpb_p2,Fib_K14,KC_Basal,6888.759081034867,3444.3795405174337,1.1093589204599172
26dpb_p2,Fib_K14,KC_Basal,7081.803174709919,3540.9015873549597,1.1173879197384444
26dpb_p2,Fib_K14,KC_Basal,7274.84726838497,3637.423634192485,1.1122246908182676
26dpb_p2,Fib_K14,KC_Basal,7467.8913620600215,3733.9456810300107,1.1064139742343528
26dpb_p2,Fib_K14,KC_Basal,7660.935455735073,3830.4677278675367,1.0955104163899474
26dpb_p2,Fib_K14,KC_Basal,7853.979549410125,3926.9897747050627,1.0865800356244764
26dpb_p2,Fib_K14,KC_Basal,8047.023643085176,4023.511821542588,1.078673603719902
26dpb_p2,Fib_K14,KC_Basal,8240.067736760227,4120.033868380114,1.0788325751660774
26dpb_p2,Fib_K14,KC_Basal,8433.11183043528,4216.55591521764,1.0716370853386639
26dpb_p2,Fib_K14,KC_Basal,8626.155924110331,4313.077962055166,1.0709640440932342
26dpb_p2,Fib_K14,KC_Basal,8819.200017785382,4409.600008892691,1.0685237446146438
26dpb_p2,Fib_K14,KC_Basal,9012.244111460433,4506.122055730217,1.06581675173901
26dpb_p2,Fib_K14,KC_Basal,9205.288205135486,4602.644102567743,1.0708408630333937
26dpb_p2,Fib_K14,KC_Basal,9398.332298810537,4699.166149405269,1.070514938323905
26dpb_p2,Fib_K14,KC_Basal,9591.376392485588,4795.688196242794,1.0650526957256334
26dpb_p2,Fib_K14,KC_Basal,9784.42048616064,4892.21024308032,1.055247140672406
26dpb_p2,Fib_K14,KC_Spinous_Mig,518.3039897581684,259.1519948790842,2.6118133813953626
26dpb_p2,Fib_K14,KC_Spinous_Mig,711.3480834332199,355.67404171660996,2.319785788202017
26dpb_p2,Fib_K14,KC_Spinous_Mig,904.3921771082714,452.1960885541357,2.080727336145704
26dpb_p2,Fib_K14,KC_Spinous_Mig,1097.436270783323,548.7181353916615,1.8948672362466203
26dpb_p2,Fib_K14,KC_Spinous_Mig,1290.4803644583744,645.2401822291872,1.7498163697751217
26dpb_p2,Fib_K14,KC_Spinous_Mig,1483.524458133426,741.762229066713,1.5999457782022386
26dpb_p2,Fib_K14,KC_Spinous_Mig,1676.5685518084774,838.2842759042387,1.5121586770513633
26dpb_p2,Fib_K14,KC_Spinous_Mig,1869.612645483529,934.8063227417645,1.4625189404256485
26dpb_p2,Fib_K14,KC_Spinous_Mig,2062.6567391585804,1031.3283695792902,1.3778578369126313
26dpb_p2,Fib_K14,KC_Spinous_Mig,2255.700832833632,1127.850416416816,1.2662277910801638
26dpb_p2,Fib_K14,KC_Spinous_Mig,2448.7449265086834,1224.3724632543417,1.2162073277096144
26dpb_p2,Fib_K14,KC_Spinous_Mig,2641.789020183735,1320.8945100918675,1.173729891429671
26dpb_p2,Fib_K14,KC_Spinous_Mig,2834.8331138587864,1417.4165569293932,1.1368490485075717
26dpb_p2,Fib_K14,KC_Spinous_Mig,3027.877207533838,1513.938603766919,1.1029442646123964
26dpb_p2,Fib_K14,KC_Spinous_Mig,3220.9213012088894,1610.4606506044447,1.0758896581212662
26dpb_p2,Fib_K14,KC_Spinous_Mig,3413.965394883941,1706.9826974419705,1.0559076001233023
26dpb_p2,Fib_K14,KC_Spinous_Mig,3607.0094885589924,1803.5047442794962,1.075771904649937
26dpb_p2,Fib_K14,KC_Spinous_Mig,3800.053582234044,1900.026791117022,1.1186607062462723
26dpb_p2,Fib_K14,KC_Spinous_Mig,3993.0976759090954,1996.5488379545477,1.1219223557683191
26dpb_p2,Fib_K14,KC_Spinous_Mig,4186.1417695841465,2093.0708847920732,1.1134398261093372
26dpb_p2,Fib_K14,KC_Spinous_Mig,4379.185863259198,2189.592931629599,1.1164175504097371
26dpb_p2,Fib_K14,KC_Spinous_Mig,4572.2299569342495,2286.1149784671247,1.1206030884951932
26dpb_p2,Fib_K14,KC_Spinous_Mig,4765.274050609301,2382.6370253046507,1.1276384998517623
26dpb_p2,Fib_K14,KC_Spinous_Mig,4958.3181442843525,2479.1590721421762,1.1395972654774147
26dpb_p2,Fib_K14,KC_Spinous_Mig,5151.3622379594035,2575.6811189797018,1.1538547333831943
26dpb_p2,Fib_K14,KC_Spinous_Mig,5344.4063316344555,2672.2031658172277,1.1602176031644367
26dpb_p2,Fib_K14,KC_Spinous_Mig,5537.450425309507,2768.7252126547537,1.1481059976973884
26dpb_p2,Fib_K14,KC_Spinous_Mig,5730.494518984558,2865.247259492279,1.1402437277419506
26dpb_p2,Fib_K14,KC_Spinous_Mig,5923.5386126596095,2961.7693063298047,1.1324525270369994
26dpb_p2,Fib_K14,KC_Spinous_Mig,6116.582706334661,3058.2913531673307,1.1264326466165255
26dpb_p2,Fib_K14,KC_Spinous_Mig,6309.626800009713,3154.8134000048567,1.1279225038518048
26dpb_p2,Fib_K14,KC_Spinous_Mig,6502.670893684764,3251.335446842382,1.1236951432074287
26dpb_p2,Fib_K14,KC_Spinous_Mig,6695.7149873598155,3347.8574936799077,1.129235380618555
26dpb_p2,Fib_K14,KC_Spinous_Mig,6888.759081034867,3444.3795405174337,1.1264468992932795
26dpb_p2,Fib_K14,KC_Spinous_Mig,7081.803174709919,3540.9015873549597,1.1145794189189222
26dpb_p2,Fib_K14,KC_Spinous_Mig,7274.84726838497,3637.423634192485,1.1004265742936885
26dpb_p2,Fib_K14,KC_Spinous_Mig,7467.8913620600215,3733.9456810300107,1.0976083415324698
26dpb_p2,Fib_K14,KC_Spinous_Mig,7660.935455735073,3830.4677278675367,1.0940499572191362
26dpb_p2,Fib_K14,KC_Spinous_Mig,7853.979549410125,3926.9897747050627,1.086354895963185
26dpb_p2,Fib_K14,KC_Spinous_Mig,8047.023643085176,4023.511821542588,1.0804945860347388
26dpb_p2,Fib_K14,KC_Spinous_Mig,8240.067736760227,4120.033868380114,1.072978483180883
26dpb_p2,Fib_K14,KC_Spinous_Mig,8433.11183043528,4216.55591521764,1.0672215416665414
26dpb_p2,Fib_K14,KC_Spinous_Mig,8626.155924110331,4313.077962055166,1.0685127236467638
26dpb_p2,Fib_K14,KC_Spinous_Mig,8819.200017785382,4409.600008892691,1.0698006070470945
26dpb_p2,Fib_K14,KC_Spinous_Mig,9012.244111460433,4506.122055730217,1.0625048435979465
26dpb_p2,Fib_K14,KC_Spinous_Mig,9205.288205135486,4602.644102567743,1.051881871255286
26dpb_p2,Fib_K14,KC_Spinous_Mig,9398.332298810537,4699.166149405269,1.0416361043320919
26dpb_p2,Fib_K14,KC_Spinous_Mig,9591.376392485588,4795.688196242794,1.0334675841389243
26dpb_p2,Fib_K14,KC_Spinous_Mig,9784.42048616064,4892.21024308032,1.025366738380685
26dpb_p2,Fib_K14,LAM,518.3039897581684,259.1519948790842,1.1315740431791124
26dpb_p2,Fib_K14,LAM,711.3480834332199,355.67404171660996,1.079100485574945
26dpb_p2,Fib_K14,LAM,904.3921771082714,452.1960885541357,1.0377895416521448
26dpb_p2,Fib_K14,LAM,1097.436270783323,548.7181353916615,1.0138843158478603
26dpb_p2,Fib_K14,LAM,1290.4803644583744,645.2401822291872,1.0036632219720667
26dpb_p2,Fib_K14,LAM,1483.524458133426,741.762229066713,0.9884177195717977
26dpb_p2,Fib_K14,LAM,1676.5685518084774,838.2842759042387,0.9720149861089968
26dpb_p2,Fib_K14,LAM,1869.612645483529,934.8063227417645,0.9593673172627152
26dpb_p2,Fib_K14,LAM,2062.6567391585804,1031.3283695792902,0.9501960358566333
26dpb_p2,Fib_K14,LAM,2255.700832833632,1127.850416416816,0.9489251447544665
26dpb_p2,Fib_K14,LAM,2448.7449265086834,1224.3724632543417,0.9495248289204228
26dpb_p2,Fib_K14,LAM,2641.789020183735,1320.8945100918675,0.9508524017885657
26dpb_p2,Fib_K14,LAM,2834.8331138587864,1417.4165569293932,0.9515825997260219
26dpb_p2,Fib_K14,LAM,3027.877207533838,1513.938603766919,0.9596872276431228
26dpb_p2,Fib_K14,LAM,3220.9213012088894,1610.4606506044447,0.9687927090929912
26dpb_p2,Fib_K14,LAM,3413.965394883941,1706.9826974419705,0.9801857077037767
26dpb_p2,Fib_K14,LAM,3607.0094885589924,1803.5047442794962,0.9892441840327358
26dpb_p2,Fib_K14,LAM,3800.053582234044,1900.026791117022,0.9961325778755855
26dpb_p2,Fib_K14,LAM,3993.0976759090954,1996.5488379545477,0.9963403637531156
26dpb_p2,Fib_K14,LAM,4186.1417695841465,2093.0708847920732,0.9930176701444772
26dpb_p2,Fib_K14,LAM,4379.185863259198,2189.592931629599,0.9922025624362104
26dpb_p2,Fib_K14,LAM,4572.2299569342495,2286.1149784671247,0.991771732965114
26dpb_p2,Fib_K14,LAM,4765.274050609301,2382.6370253046507,0.9923209819970286
26dpb_p2,Fib_K14,LAM,4958.3181442843525,2479.1590721421762,0.9927474323678368
26dpb_p2,Fib_K14,LAM,5151.3622379594035,2575.6811189797018,0.9921033387364668
26dpb_p2,Fib_K14,LAM,5344.4063316344555,2672.2031658172277,0.9912252153810834
26dpb_p2,Fib_K14,LAM,5537.450425309507,2768.7252126547537,0.9901303772525615
26dpb_p2,Fib_K14,LAM,5730.494518984558,2865.247259492279,0.9896072417710522
26dpb_p2,Fib_K14,LAM,5923.5386126596095,2961.7693063298047,0.9895755740043802
26dpb_p2,Fib_K14,LAM,6116.582706334661,3058.2913531673307,0.9904100878324403
26dpb_p2,Fib_K14,LAM,6309.626800009713,3154.8134000048567,0.9907538868911753
26dpb_p2,Fib_K14,LAM,6502.670893684764,3251.335446842382,0.9905290949869164
26dpb_p2,Fib_K14,LAM,6695.7149873598155,3347.8574936799077,0.9890867187053188
26dpb_p2,Fib_K14,LAM,6888.759081034867,3444.3795405174337,0.9876969517487747
26dpb_p2,Fib_K14,LAM,7081.803174709919,3540.9015873549597,0.9879622333638531
26dpb_p2,Fib_K14,LAM,7274.84726838497,3637.423634192485,0.9896052386697937
26dpb_p2,Fib_K14,LAM,7467.8913620600215,3733.9456810300107,0.9911018925899379
26dpb_p2,Fib_K14,LAM,7660.935455735073,3830.4677278675367,0.9923158626351459
26dpb_p2,Fib_K14,LAM,7853.979549410125,3926.9897747050627,0.9931838925165669
26dpb_p2,Fib_K14,LAM,8047.023643085176,4023.511821542588,0.9945316955205952
26dpb_p2,Fib_K14,LAM,8240.067736760227,4120.033868380114,0.9959094775250583
26dpb_p2,Fib_K14,LAM,8433.11183043528,4216.55591521764,0.9966302070602044
26dpb_p2,Fib_K14,LAM,8626.155924110331,4313.077962055166,0.9972916471071677
26dpb_p2,Fib_K14,LAM,8819.200017785382,4409.600008892691,0.9973987234317435
26dpb_p2,Fib_K14,LAM,9012.244111460433,4506.122055730217,0.9972104828885062
26dpb_p2,Fib_K14,LAM,9205.288205135486,4602.644102567743,0.9977228853577417
26dpb_p2,Fib_K14,LAM,9398.332298810537,4699.166149405269,0.9983651837608185
26dpb_p2,Fib_K14,LAM,9591.376392485588,4795.688196242794,0.9989977997831859
26dpb_p2,Fib_K14,LAM,9784.42048616064,4892.21024308032,0.999918175208578
26dpb_p2,Fib_K14,M1_Macrophage,518.3039897581684,259.1519948790842,2.217416278890144
26dpb_p2,Fib_K14,M1_Macrophage,711.3480834332199,355.67404171660996,1.8837599262299103
26dpb_p2,Fib_K14,M1_Macrophage,904.3921771082714,452.1960885541357,1.6492710395253136
26dpb_p2,Fib_K14,M1_Macrophage,1097.436270783323,548.7181353916615,1.5034105269636033
26dpb_p2,Fib_K14,M1_Macrophage,1290.4803644583744,645.2401822291872,1.3982979238341386
26dpb_p2,Fib_K14,M1_Macrophage,1483.524458133426,741.762229066713,1.292294313113387
26dpb_p2,Fib_K14,M1_Macrophage,1676.5685518084774,838.2842759042387,1.2110403383927681
26dpb_p2,Fib_K14,M1_Macrophage,1869.612645483529,934.8063227417645,1.1368772610776832
26dpb_p2,Fib_K14,M1_Macrophage,2062.6567391585804,1031.3283695792902,1.0779024780553141
26dpb_p2,Fib_K14,M1_Macrophage,2255.700832833632,1127.850416416816,1.0469460649666866
26dpb_p2,Fib_K14,M1_Macrophage,2448.7449265086834,1224.3724632543417,1.0313527921547228
26dpb_p2,Fib_K14,M1_Macrophage,2641.789020183735,1320.8945100918675,1.0261681442945785
26dpb_p2,Fib_K14,M1_Macrophage,2834.8331138587864,1417.4165569293932,1.0271115457927822
26dpb_p2,Fib_K14,M1_Macrophage,3027.877207533838,1513.938603766919,1.0348601870178804
26dpb_p2,Fib_K14,M1_Macrophage,3220.9213012088894,1610.4606506044447,1.0440502234523972
26dpb_p2,Fib_K14,M1_Macrophage,3413.965394883941,1706.9826974419705,1.0607960427454277
26dpb_p2,Fib_K14,M1_Macrophage,3607.0094885589924,1803.5047442794962,1.0724204871191745
26dpb_p2,Fib_K14,M1_Macrophage,3800.053582234044,1900.026791117022,1.0766931782554452
26dpb_p2,Fib_K14,M1_Macrophage,3993.0976759090954,1996.5488379545477,1.0789242063705173
26dpb_p2,Fib_K14,M1_Macrophage,4186.1417695841465,2093.0708847920732,1.0754701624720637
26dpb_p2,Fib_K14,M1_Macrophage,4379.185863259198,2189.592931629599,1.069720198458243
26dpb_p2,Fib_K14,M1_Macrophage,4572.2299569342495,2286.1149784671247,1.06619239737076
26dpb_p2,Fib_K14,M1_Macrophage,4765.274050609301,2382.6370253046507,1.064882828319692
26dpb_p2,Fib_K14,M1_Macrophage,4958.3181442843525,2479.1590721421762,1.0607370297346355
26dpb_p2,Fib_K14,M1_Macrophage,5151.3622379594035,2575.6811189797018,1.058942742012087
26dpb_p2,Fib_K14,M1_Macrophage,5344.4063316344555,2672.2031658172277,1.0553276531492544
26dpb_p2,Fib_K14,M1_Macrophage,5537.450425309507,2768.7252126547537,1.0514367212770819
26dpb_p2,Fib_K14,M1_Macrophage,5730.494518984558,2865.247259492279,1.0499833896913233
26dpb_p2,Fib_K14,M1_Macrophage,5923.5386126596095,2961.7693063298047,1.047438122549508
26dpb_p2,Fib_K14,M1_Macrophage,6116.582706334661,3058.2913531673307,1.0451644335362829
26dpb_p2,Fib_K14,M1_Macrophage,6309.626800009713,3154.8134000048567,1.041151136978333
26dpb_p2,Fib_K14,M1_Macrophage,6502.670893684764,3251.335446842382,1.036094110317718
26dpb_p2,Fib_K14,M1_Macrophage,6695.7149873598155,3347.8574936799077,1.0320826596442008
26dpb_p2,Fib_K14,M1_Macrophage,6888.759081034867,3444.3795405174337,1.027358810562389
26dpb_p2,Fib_K14,M1_Macrophage,7081.803174709919,3540.9015873549597,1.025015531983701
26dpb_p2,Fib_K14,M1_Macrophage,7274.84726838497,3637.423634192485,1.024415531839361
26dpb_p2,Fib_K14,M1_Macrophage,7467.8913620600215,3733.9456810300107,1.0230588064982784
26dpb_p2,Fib_K14,M1_Macrophage,7660.935455735073,3830.4677278675367,1.0213218301564984
26dpb_p2,Fib_K14,M1_Macrophage,7853.979549410125,3926.9897747050627,1.0213558175171151
26dpb_p2,Fib_K14,M1_Macrophage,8047.023643085176,4023.511821542588,1.0217470864590708
26dpb_p2,Fib_K14,M1_Macrophage,8240.067736760227,4120.033868380114,1.0221018027118074
26dpb_p2,Fib_K14,M1_Macrophage,8433.11183043528,4216.55591521764,1.0223932825249806
26dpb_p2,Fib_K14,M1_Macrophage,8626.155924110331,4313.077962055166,1.022087441324647
26dpb_p2,Fib_K14,M1_Macrophage,8819.200017785382,4409.600008892691,1.0211683853544318
26dpb_p2,Fib_K14,M1_Macrophage,9012.244111460433,4506.122055730217,1.0201213706287424
26dpb_p2,Fib_K14,M1_Macrophage,9205.288205135486,4602.644102567743,1.0185258427649
26dpb_p2,Fib_K14,M1_Macrophage,9398.332298810537,4699.166149405269,1.0172316864197621
26dpb_p2,Fib_K14,M1_Macrophage,9591.376392485588,4795.688196242794,1.0160810978174
26dpb_p2,Fib_K14,M1_Macrophage,9784.42048616064,4892.21024308032,1.014353700924168
26dpb_p2,Fib_K14,M2_Macrophage,518.3039897581684,259.1519948790842,2.4186447154565758
26dpb_p2,Fib_K14,M2_Macrophage,711.3480834332199,355.67404171660996,2.0396398837655965
26dpb_p2,Fib_K14,M2_Macrophage,904.3921771082714,452.1960885541357,1.7438548582181073
26dpb_p2,Fib_K14,M2_Macrophage,1097.436270783323,548.7181353916615,1.5266135288928036
26dpb_p2,Fib_K14,M2_Macrophage,1290.4803644583744,645.2401822291872,1.4403781908658744
26dpb_p2,Fib_K14,M2_Macrophage,1483.524458133426,741.762229066713,1.3626676071959933
26dpb_p2,Fib_K14,M2_Macrophage,1676.5685518084774,838.2842759042387,1.271955917725807
26dpb_p2,Fib_K14,M2_Macrophage,1869.612645483529,934.8063227417645,1.1832083518341525
26dpb_p2,Fib_K14,M2_Macrophage,2062.6567391585804,1031.3283695792902,1.1159653574051716
26dpb_p2,Fib_K14,M2_Macrophage,2255.700832833632,1127.850416416816,1.066453177312372
26dpb_p2,Fib_K14,M2_Macrophage,2448.7449265086834,1224.3724632543417,1.0239011436894623
26dpb_p2,Fib_K14,M2_Macrophage,2641.789020183735,1320.8945100918675,1.0059838155362215
26dpb_p2,Fib_K14,M2_Macrophage,2834.8331138587864,1417.4165569293932,1.0128102546061737
26dpb_p2,Fib_K14,M2_Macrophage,3027.877207533838,1513.938603766919,1.0236427217957649
26dpb_p2,Fib_K14,M2_Macrophage,3220.9213012088894,1610.4606506044447,1.0262309557299338
26dpb_p2,Fib_K14,M2_Macrophage,3413.965394883941,1706.9826974419705,1.029644005676783
26dpb_p2,Fib_K14,M2_Macrophage,3607.0094885589924,1803.5047442794962,1.0331292228604216
26dpb_p2,Fib_K14,M2_Macrophage,3800.053582234044,1900.026791117022,1.0365935395317276
26dpb_p2,Fib_K14,M2_Macrophage,3993.0976759090954,1996.5488379545477,1.0356865714848085
26dpb_p2,Fib_K14,M2_Macrophage,4186.1417695841465,2093.0708847920732,1.0323651525514623
26dpb_p2,Fib_K14,M2_Macrophage,4379.185863259198,2189.592931629599,1.0283262940755284
26dpb_p2,Fib_K14,M2_Macrophage,4572.2299569342495,2286.1149784671247,1.0276623622164098
26dpb_p2,Fib_K14,M2_Macrophage,4765.274050609301,2382.6370253046507,1.0240735288984362
26dpb_p2,Fib_K14,M2_Macrophage,4958.3181442843525,2479.1590721421762,1.0242879058405447
26dpb_p2,Fib_K14,M2_Macrophage,5151.3622379594035,2575.6811189797018,1.0254780555626828
26dpb_p2,Fib_K14,M2_Macrophage,5344.4063316344555,2672.2031658172277,1.0207159751236872
26dpb_p2,Fib_K14,M2_Macrophage,5537.450425309507,2768.7252126547537,1.0125212690321852
26dpb_p2,Fib_K14,M2_Macrophage,5730.494518984558,2865.247259492279,1.0099568667491907
26dpb_p2,Fib_K14,M2_Macrophage,5923.5386126596095,2961.7693063298047,1.0112045154813722
26dpb_p2,Fib_K14,M2_Macrophage,6116.582706334661,3058.2913531673307,1.010805036729114
26dpb_p2,Fib_K14,M2_Macrophage,6309.626800009713,3154.8134000048567,1.010818451938836
26dpb_p2,Fib_K14,M2_Macrophage,6502.670893684764,3251.335446842382,1.0123686910574476
26dpb_p2,Fib_K14,M2_Macrophage,6695.7149873598155,3347.8574936799077,1.012902853777127
26dpb_p2,Fib_K14,M2_Macrophage,6888.759081034867,3444.3795405174337,1.0121799799487903
26dpb_p2,Fib_K14,M2_Macrophage,7081.803174709919,3540.9015873549597,1.0109579266609252
26dpb_p2,Fib_K14,M2_Macrophage,7274.84726838497,3637.423634192485,1.0112341111364969
26dpb_p2,Fib_K14,M2_Macrophage,7467.8913620600215,3733.9456810300107,1.0108997802553361
26dpb_p2,Fib_K14,M2_Macrophage,7660.935455735073,3830.4677278675367,1.0094771780413556
26dpb_p2,Fib_K14,M2_Macrophage,7853.979549410125,3926.9897747050627,1.010176514006276
26dpb_p2,Fib_K14,M2_Macrophage,8047.023643085176,4023.511821542588,1.0109538441700057
26dpb_p2,Fib_K14,M2_Macrophage,8240.067736760227,4120.033868380114,1.0109300151975786
26dpb_p2,Fib_K14,M2_Macrophage,8433.11183043528,4216.55591521764,1.0098259357984614
26dpb_p2,Fib_K14,M2_Macrophage,8626.155924110331,4313.077962055166,1.0075345819682544
26dpb_p2,Fib_K14,M2_Macrophage,8819.200017785382,4409.600008892691,1.0062783291787663
26dpb_p2,Fib_K14,M2_Macrophage,9012.244111460433,4506.122055730217,1.004082608437267
26dpb_p2,Fib_K14,M2_Macrophage,9205.288205135486,4602.644102567743,1.000390636764868
26dpb_p2,Fib_K14,M2_Macrophage,9398.332298810537,4699.166149405269,0.9977633233425796
26dpb_p2,Fib_K14,M2_Macrophage,9591.376392485588,4795.688196242794,0.9957443490951705
26dpb_p2,Fib_K14,M2_Macrophage,9784.42048616064,4892.21024308032,0.9953407807557919
26dpb_p2,Fib_K14,Mast,518.3039897581684,259.1519948790842,0.9444523818348278
26dpb_p2,Fib_K14,Mast,711.3480834332199,355.67404171660996,0.8639646770691184
26dpb_p2,Fib_K14,Mast,904.3921771082714,452.1960885541357,0.8314619881289725
26dpb_p2,Fib_K14,Mast,1097.436270783323,548.7181353916615,0.824930976175365
26dpb_p2,Fib_K14,Mast,1290.4803644583744,645.2401822291872,0.8391379678214608
26dpb_p2,Fib_K14,Mast,1483.524458133426,741.762229066713,0.8740528527736879
26dpb_p2,Fib_K14,Mast,1676.5685518084774,838.2842759042387,0.8988409281985992
26dpb_p2,Fib_K14,Mast,1869.612645483529,934.8063227417645,0.9083972165329717
26dpb_p2,Fib_K14,Mast,2062.6567391585804,1031.3283695792902,0.9074341675330972
26dpb_p2,Fib_K14,Mast,2255.700832833632,1127.850416416816,0.9179814664664663
26dpb_p2,Fib_K14,Mast,2448.7449265086834,1224.3724632543417,0.9324052233474595
26dpb_p2,Fib_K14,Mast,2641.789020183735,1320.8945100918675,0.9419426200181881
26dpb_p2,Fib_K14,Mast,2834.8331138587864,1417.4165569293932,0.9474783981454523
26dpb_p2,Fib_K14,Mast,3027.877207533838,1513.938603766919,0.9495071514154084
26dpb_p2,Fib_K14,Mast,3220.9213012088894,1610.4606506044447,0.9524218148558231
26dpb_p2,Fib_K14,Mast,3413.965394883941,1706.9826974419705,0.9535059721946006
26dpb_p2,Fib_K14,Mast,3607.0094885589924,1803.5047442794962,0.9531637766905062
26dpb_p2,Fib_K14,Mast,3800.053582234044,1900.026791117022,0.9541708647714987
26dpb_p2,Fib_K14,Mast,3993.0976759090954,1996.5488379545477,0.9547887684496731
26dpb_p2,Fib_K14,Mast,4186.1417695841465,2093.0708847920732,0.9572499861880068
26dpb_p2,Fib_K14,Mast,4379.185863259198,2189.592931629599,0.9565057367008871
26dpb_p2,Fib_K14,Mast,4572.2299569342495,2286.1149784671247,0.957117934835253
26dpb_p2,Fib_K14,Mast,4765.274050609301,2382.6370253046507,0.9599012388953212
26dpb_p2,Fib_K14,Mast,4958.3181442843525,2479.1590721421762,0.9620161233741933
26dpb_p2,Fib_K14,Mast,5151.3622379594035,2575.6811189797018,0.9624028079066009
26dpb_p2,Fib_K14,Mast,5344.4063316344555,2672.2031658172277,0.9630169233167025
26dpb_p2,Fib_K14,Mast,5537.450425309507,2768.7252126547537,0.9623111828846636
26dpb_p2,Fib_K14,Mast,5730.494518984558,2865.247259492279,0.9625403883252766
26dpb_p2,Fib_K14,Mast,5923.5386126596095,2961.7693063298047,0.9624602472792281
26dpb_p2,Fib_K14,Mast,6116.582706334661,3058.2913531673307,0.9638565180586021
26dpb_p2,Fib_K14,Mast,6309.626800009713,3154.8134000048567,0.9645276367028481
26dpb_p2,Fib_K14,Mast,6502.670893684764,3251.335446842382,0.965347084340176
26dpb_p2,Fib_K14,Mast,6695.7149873598155,3347.8574936799077,0.9672435753980021
26dpb_p2,Fib_K14,Mast,6888.759081034867,3444.3795405174337,0.9686146133255319
26dpb_p2,Fib_K14,Mast,7081.803174709919,3540.9015873549597,0.9691891818764302
26dpb_p2,Fib_K14,Mast,7274.84726838497,3637.423634192485,0.9691042442363266
26dpb_p2,Fib_K14,Mast,7467.8913620600215,3733.9456810300107,0.9710228606706582
26dpb_p2,Fib_K14,Mast,7660.935455735073,3830.4677278675367,0.9721404910143192
26dpb_p2,Fib_K14,Mast,7853.979549410125,3926.9897747050627,0.9728695916435791
26dpb_p2,Fib_K14,Mast,8047.023643085176,4023.511821542588,0.9733919299265155
26dpb_p2,Fib_K14,Mast,8240.067736760227,4120.033868380114,0.9734022840219981
26dpb_p2,Fib_K14,Mast,8433.11183043528,4216.55591521764,0.9735968426722317
26dpb_p2,Fib_K14,Mast,8626.155924110331,4313.077962055166,0.9742080088554665
26dpb_p2,Fib_K14,Mast,8819.200017785382,4409.600008892691,0.9749855017546818
26dpb_p2,Fib_K14,Mast,9012.244111460433,4506.122055730217,0.9757358671631112
26dpb_p2,Fib_K14,Mast,9205.288205135486,4602.644102567743,0.9777225192612921
26dpb_p2,Fib_K14,Mast,9398.332298810537,4699.166149405269,0.9795328946379429
26dpb_p2,Fib_K14,Mast,9591.376392485588,4795.688196242794,0.9796297355882266
26dpb_p2,Fib_K14,Mast,9784.42048616064,4892.21024308032,0.9792837639077332
26dpb_p2,Fib_K14,Melanocyte,518.3039897581684,259.1519948790842,2.506005793531581
26dpb_p2,Fib_K14,Melanocyte,711.3480834332199,355.67404171660996,2.097495101975565
26dpb_p2,Fib_K14,Melanocyte,904.3921771082714,452.1960885541357,2.0401038361510464
26dpb_p2,Fib_K14,Melanocyte,1097.436270783323,548.7181353916615,1.8934004153280226
26dpb_p2,Fib_K14,Melanocyte,1290.4803644583744,645.2401822291872,1.7827569172268698
26dpb_p2,Fib_K14,Melanocyte,1483.524458133426,741.762229066713,1.6291924059394742
26dpb_p2,Fib_K14,Melanocyte,1676.5685518084774,838.2842759042387,1.5341351685980582
26dpb_p2,Fib_K14,Melanocyte,1869.612645483529,934.8063227417645,1.4262697576083252
26dpb_p2,Fib_K14,Melanocyte,2062.6567391585804,1031.3283695792902,1.323374787962882
26dpb_p2,Fib_K14,Melanocyte,2255.700832833632,1127.850416416816,1.2062986115436747
26dpb_p2,Fib_K14,Melanocyte,2448.7449265086834,1224.3724632543417,1.1623376055799086
26dpb_p2,Fib_K14,Melanocyte,2641.789020183735,1320.8945100918675,1.1406715344165528
26dpb_p2,Fib_K14,Melanocyte,2834.8331138587864,1417.4165569293932,1.1143504196319698
26dpb_p2,Fib_K14,Melanocyte,3027.877207533838,1513.938603766919,1.0856817495871411
26dpb_p2,Fib_K14,Melanocyte,3220.9213012088894,1610.4606506044447,1.0666095565212366
26dpb_p2,Fib_K14,Melanocyte,3413.965394883941,1706.9826974419705,1.0780012123387022
26dpb_p2,Fib_K14,Melanocyte,3607.0094885589924,1803.5047442794962,1.0909014972222504
26dpb_p2,Fib_K14,Melanocyte,3800.053582234044,1900.026791117022,1.1088212520663694
26dpb_p2,Fib_K14,Melanocyte,3993.0976759090954,1996.5488379545477,1.111414140008433
26dpb_p2,Fib_K14,Melanocyte,4186.1417695841465,2093.0708847920732,1.1141418702757704
26dpb_p2,Fib_K14,Melanocyte,4379.185863259198,2189.592931629599,1.1277966558678751
26dpb_p2,Fib_K14,Melanocyte,4572.2299569342495,2286.1149784671247,1.1333884225264672
26dpb_p2,Fib_K14,Melanocyte,4765.274050609301,2382.6370253046507,1.1279977102235392
26dpb_p2,Fib_K14,Melanocyte,4958.3181442843525,2479.1590721421762,1.130766626224074
26dpb_p2,Fib_K14,Melanocyte,5151.3622379594035,2575.6811189797018,1.135403588916307
26dpb_p2,Fib_K14,Melanocyte,5344.4063316344555,2672.2031658172277,1.1413901925400893
26dpb_p2,Fib_K14,Melanocyte,5537.450425309507,2768.7252126547537,1.1363110160620318
26dpb_p2,Fib_K14,Melanocyte,5730.494518984558,2865.247259492279,1.1307584511488922
26dpb_p2,Fib_K14,Melanocyte,5923.5386126596095,2961.7693063298047,1.1220337829401115
26dpb_p2,Fib_K14,Melanocyte,6116.582706334661,3058.2913531673307,1.1227364778823057
26dpb_p2,Fib_K14,Melanocyte,6309.626800009713,3154.8134000048567,1.1220152180636378
26dpb_p2,Fib_K14,Melanocyte,6502.670893684764,3251.335446842382,1.1222025763043968
26dpb_p2,Fib_K14,Melanocyte,6695.7149873598155,3347.8574936799077,1.1130658786397423
26dpb_p2,Fib_K14,Melanocyte,6888.759081034867,3444.3795405174337,1.111410787375965
26dpb_p2,Fib_K14,Melanocyte,7081.803174709919,3540.9015873549597,1.112573644603552
26dpb_p2,Fib_K14,Melanocyte,7274.84726838497,3637.423634192485,1.1039750137725883
26dpb_p2,Fib_K14,Melanocyte,7467.8913620600215,3733.9456810300107,1.099828377811191
26dpb_p2,Fib_K14,Melanocyte,7660.935455735073,3830.4677278675367,1.0926777949816189
26dpb_p2,Fib_K14,Melanocyte,7853.979549410125,3926.9897747050627,1.0867073617259595
26dpb_p2,Fib_K14,Melanocyte,8047.023643085176,4023.511821542588,1.0809511093462738
26dpb_p2,Fib_K14,Melanocyte,8240.067736760227,4120.033868380114,1.0756778795135262
26dpb_p2,Fib_K14,Melanocyte,8433.11183043528,4216.55591521764,1.073430170803273
26dpb_p2,Fib_K14,Melanocyte,8626.155924110331,4313.077962055166,1.071331159102626
26dpb_p2,Fib_K14,Melanocyte,8819.200017785382,4409.600008892691,1.0666917329932841
26dpb_p2,Fib_K14,Melanocyte,9012.244111460433,4506.122055730217,1.0591418131955967
26dpb_p2,Fib_K14,Melanocyte,9205.288205135486,4602.644102567743,1.0548636752152285
26dpb_p2,Fib_K14,Melanocyte,9398.332298810537,4699.166149405269,1.053425525834431
26dpb_p2,Fib_K14,Melanocyte,9591.376392485588,4795.688196242794,1.0459240936773868
26dpb_p2,Fib_K14,Melanocyte,9784.42048616064,4892.21024308032,1.037945770760995
26dpb_p2,Fib_K14,NK,518.3039897581684,259.1519948790842,0.632734367795111
26dpb_p2,Fib_K14,NK,711.3480834332199,355.67404171660996,0.6147587924636633
26dpb_p2,Fib_K14,NK,904.3921771082714,452.1960885541357,0.6087240734252053
26dpb_p2,Fib_K14,NK,1097.436270783323,548.7181353916615,0.6118692588857967
26dpb_p2,Fib_K14,NK,1290.4803644583744,645.2401822291872,0.6279530104952639
26dpb_p2,Fib_K14,NK,1483.524458133426,741.762229066713,0.6463512665263681
26dpb_p2,Fib_K14,NK,1676.5685518084774,838.2842759042387,0.685251777125719
26dpb_p2,Fib_K14,NK,1869.612645483529,934.8063227417645,0.7294339725331073
26dpb_p2,Fib_K14,NK,2062.6567391585804,1031.3283695792902,0.7534063388071822
26dpb_p2,Fib_K14,NK,2255.700832833632,1127.850416416816,0.7705524104212174
26dpb_p2,Fib_K14,NK,2448.7449265086834,1224.3724632543417,0.7967365953130189
26dpb_p2,Fib_K14,NK,2641.789020183735,1320.8945100918675,0.8195961417728843
26dpb_p2,Fib_K14,NK,2834.8331138587864,1417.4165569293932,0.83650728142672
26dpb_p2,Fib_K14,NK,3027.877207533838,1513.938603766919,0.8574546695935412
26dpb_p2,Fib_K14,NK,3220.9213012088894,1610.4606506044447,0.8726827811547523
26dpb_p2,Fib_K14,NK,3413.965394883941,1706.9826974419705,0.8800404781339778
26dpb_p2,Fib_K14,NK,3607.0094885589924,1803.5047442794962,0.88802823627091
26dpb_p2,Fib_K14,NK,3800.053582234044,1900.026791117022,0.8903166972696083
26dpb_p2,Fib_K14,NK,3993.0976759090954,1996.5488379545477,0.8948132420084713
26dpb_p2,Fib_K14,NK,4186.1417695841465,2093.0708847920732,0.8960130304072565
26dpb_p2,Fib_K14,NK,4379.185863259198,2189.592931629599,0.8969504021995636
26dpb_p2,Fib_K14,NK,4572.2299569342495,2286.1149784671247,0.8997194657467704
26dpb_p2,Fib_K14,NK,4765.274050609301,2382.6370253046507,0.9049077874837558
26dpb_p2,Fib_K14,NK,4958.3181442843525,2479.1590721421762,0.9088984199608633
26dpb_p2,Fib_K14,NK,5151.3622379594035,2575.6811189797018,0.9148535561717265
26dpb_p2,Fib_K14,NK,5344.4063316344555,2672.2031658172277,0.919223089012588
26dpb_p2,Fib_K14,NK,5537.450425309507,2768.7252126547537,0.9246012779043759
26dpb_p2,Fib_K14,NK,5730.494518984558,2865.247259492279,0.9286348951521489
26dpb_p2,Fib_K14,NK,5923.5386126596095,2961.7693063298047,0.9337112313283493
26dpb_p2,Fib_K14,NK,6116.582706334661,3058.2913531673307,0.9381803850730583
26dpb_p2,Fib_K14,NK,6309.626800009713,3154.8134000048567,0.9432213586507149
26dpb_p2,Fib_K14,NK,6502.670893684764,3251.335446842382,0.9467728630750855
26dpb_p2,Fib_K14,NK,6695.7149873598155,3347.8574936799077,0.9494789820334478
26dpb_p2,Fib_K14,NK,6888.759081034867,3444.3795405174337,0.9525553521019416
26dpb_p2,Fib_K14,NK,7081.803174709919,3540.9015873549597,0.9560273324049511
26dpb_p2,Fib_K14,NK,7274.84726838497,3637.423634192485,0.958699441375724
26dpb_p2,Fib_K14,NK,7467.8913620600215,3733.9456810300107,0.9617461770653407
26dpb_p2,Fib_K14,NK,7660.935455735073,3830.4677278675367,0.9632509400054594
26dpb_p2,Fib_K14,NK,7853.979549410125,3926.9897747050627,0.9641973817491553
26dpb_p2,Fib_K14,NK,8047.023643085176,4023.511821542588,0.9647809706011783
26dpb_p2,Fib_K14,NK,8240.067736760227,4120.033868380114,0.9654084365328497
26dpb_p2,Fib_K14,NK,8433.11183043528,4216.55591521764,0.9663601180443593
26dpb_p2,Fib_K14,NK,8626.155924110331,4313.077962055166,0.9669969631756851
26dpb_p2,Fib_K14,NK,8819.200017785382,4409.600008892691,0.968033578658969
26dpb_p2,Fib_K14,NK,9012.244111460433,4506.122055730217,0.9692945503356837
26dpb_p2,Fib_K14,NK,9205.288205135486,4602.644102567743,0.9711034339188981
26dpb_p2,Fib_K14,NK,9398.332298810537,4699.166149405269,0.9720596620914806
26dpb_p2,Fib_K14,NK,9591.376392485588,4795.688196242794,0.9732073188832112
26dpb_p2,Fib_K14,NK,9784.42048616064,4892.21024308032,0.9735742134158857
26dpb_p2,Fib_K14,Neutrophil,518.3039897581684,259.1519948790842,0.8025482620601292
26dpb_p2,Fib_K14,Neutrophil,711.3480834332199,355.67404171660996,0.8273396626444902
26dpb_p2,Fib_K14,Neutrophil,904.3921771082714,452.1960885541357,0.8695000193725837
26dpb_p2,Fib_K14,Neutrophil,1097.436270783323,548.7181353916615,0.8650999536461889
26dpb_p2,Fib_K14,Neutrophil,1290.4803644583744,645.2401822291872,0.8658244982657511
26dpb_p2,Fib_K14,Neutrophil,1483.524458133426,741.762229066713,0.9011649924483482
26dpb_p2,Fib_K14,Neutrophil,1676.5685518084774,838.2842759042387,0.9167232926134726
26dpb_p2,Fib_K14,Neutrophil,1869.612645483529,934.8063227417645,0.9066209700665799
26dpb_p2,Fib_K14,Neutrophil,2062.6567391585804,1031.3283695792902,0.8971194393081624
26dpb_p2,Fib_K14,Neutrophil,2255.700832833632,1127.850416416816,0.9054409462603175
26dpb_p2,Fib_K14,Neutrophil,2448.7449265086834,1224.3724632543417,0.9199167547726835
26dpb_p2,Fib_K14,Neutrophil,2641.789020183735,1320.8945100918675,0.9296947459282904
26dpb_p2,Fib_K14,Neutrophil,2834.8331138587864,1417.4165569293932,0.9407187427252355
26dpb_p2,Fib_K14,Neutrophil,3027.877207533838,1513.938603766919,0.9460760466270338
26dpb_p2,Fib_K14,Neutrophil,3220.9213012088894,1610.4606506044447,0.9489230034332741
26dpb_p2,Fib_K14,Neutrophil,3413.965394883941,1706.9826974419705,0.9530353031041118
26dpb_p2,Fib_K14,Neutrophil,3607.0094885589924,1803.5047442794962,0.9506328718300395
26dpb_p2,Fib_K14,Neutrophil,3800.053582234044,1900.026791117022,0.9519665494130187
26dpb_p2,Fib_K14,Neutrophil,3993.0976759090954,1996.5488379545477,0.9542956866233802
26dpb_p2,Fib_K14,Neutrophil,4186.1417695841465,2093.0708847920732,0.9545063393869293
26dpb_p2,Fib_K14,Neutrophil,4379.185863259198,2189.592931629599,0.9612618290872826
26dpb_p2,Fib_K14,Neutrophil,4572.2299569342495,2286.1149784671247,0.9604631283715878
26dpb_p2,Fib_K14,Neutrophil,4765.274050609301,2382.6370253046507,0.9585223984596636
26dpb_p2,Fib_K14,Neutrophil,4958.3181442843525,2479.1590721421762,0.9554505504354288
26dpb_p2,Fib_K14,Neutrophil,5151.3622379594035,2575.6811189797018,0.9527896827521999
26dpb_p2,Fib_K14,Neutrophil,5344.4063316344555,2672.2031658172277,0.9511760302351401
26dpb_p2,Fib_K14,Neutrophil,5537.450425309507,2768.7252126547537,0.9500231430101462
26dpb_p2,Fib_K14,Neutrophil,5730.494518984558,2865.247259492279,0.9500611738503053
26dpb_p2,Fib_K14,Neutrophil,5923.5386126596095,2961.7693063298047,0.9530872634756432
26dpb_p2,Fib_K14,Neutrophil,6116.582706334661,3058.2913531673307,0.9540014431490298
26dpb_p2,Fib_K14,Neutrophil,6309.626800009713,3154.8134000048567,0.957342746229925
26dpb_p2,Fib_K14,Neutrophil,6502.670893684764,3251.335446842382,0.9601514778902426
26dpb_p2,Fib_K14,Neutrophil,6695.7149873598155,3347.8574936799077,0.9616526300170624
26dpb_p2,Fib_K14,Neutrophil,6888.759081034867,3444.3795405174337,0.9623794790540786
26dpb_p2,Fib_K14,Neutrophil,7081.803174709919,3540.9015873549597,0.9642545412791147
26dpb_p2,Fib_K14,Neutrophil,7274.84726838497,3637.423634192485,0.9655507861967272
26dpb_p2,Fib_K14,Neutrophil,7467.8913620600215,3733.9456810300107,0.9641946270457046
26dpb_p2,Fib_K14,Neutrophil,7660.935455735073,3830.4677278675367,0.9645657445113497
26dpb_p2,Fib_K14,Neutrophil,7853.979549410125,3926.9897747050627,0.9651318623425643
26dpb_p2,Fib_K14,Neutrophil,8047.023643085176,4023.511821542588,0.9662683974013305
26dpb_p2,Fib_K14,Neutrophil,8240.067736760227,4120.033868380114,0.9663795577536352
26dpb_p2,Fib_K14,Neutrophil,8433.11183043528,4216.55591521764,0.967657948704702
26dpb_p2,Fib_K14,Neutrophil,8626.155924110331,4313.077962055166,0.9690402189869475
26dpb_p2,Fib_K14,Neutrophil,8819.200017785382,4409.600008892691,0.9716477856221379
26dpb_p2,Fib_K14,Neutrophil,9012.244111460433,4506.122055730217,0.9718996321534823
26dpb_p2,Fib_K14,Neutrophil,9205.288205135486,4602.644102567743,0.9728504013545116
26dpb_p2,Fib_K14,Neutrophil,9398.332298810537,4699.166149405269,0.973011377241068
26dpb_p2,Fib_K14,Neutrophil,9591.376392485588,4795.688196242794,0.9739557788465206
26dpb_p2,Fib_K14,Neutrophil,9784.42048616064,4892.21024308032,0.9741170356938488
26dpb_p2,Fib_K14,Pericyte,518.3039897581684,259.1519948790842,2.1093080858930873
26dpb_p2,Fib_K14,Pericyte,711.3480834332199,355.67404171660996,1.8525312281735327
26dpb_p2,Fib_K14,Pericyte,904.3921771082714,452.1960885541357,1.6482310691121311
26dpb_p2,Fib_K14,Pericyte,1097.436270783323,548.7181353916615,1.5045124652965036
26dpb_p2,Fib_K14,Pericyte,1290.4803644583744,645.2401822291872,1.4047964631171543
26dpb_p2,Fib_K14,Pericyte,1483.524458133426,741.762229066713,1.3317053615057408
26dpb_p2,Fib_K14,Pericyte,1676.5685518084774,838.2842759042387,1.2510252126272305
26dpb_p2,Fib_K14,Pericyte,1869.612645483529,934.8063227417645,1.169986748681928
26dpb_p2,Fib_K14,Pericyte,2062.6567391585804,1031.3283695792902,1.1159216101928378
26dpb_p2,Fib_K14,Pericyte,2255.700832833632,1127.850416416816,1.074577277455501
26dpb_p2,Fib_K14,Pericyte,2448.7449265086834,1224.3724632543417,1.0523464772309545
26dpb_p2,Fib_K14,Pericyte,2641.789020183735,1320.8945100918675,1.0445052581615044
26dpb_p2,Fib_K14,Pericyte,2834.8331138587864,1417.4165569293932,1.0408910977532146
26dpb_p2,Fib_K14,Pericyte,3027.877207533838,1513.938603766919,1.040876528786957
26dpb_p2,Fib_K14,Pericyte,3220.9213012088894,1610.4606506044447,1.0442652143984321
26dpb_p2,Fib_K14,Pericyte,3413.965394883941,1706.9826974419705,1.049516408189737
26dpb_p2,Fib_K14,Pericyte,3607.0094885589924,1803.5047442794962,1.0541177643039938
26dpb_p2,Fib_K14,Pericyte,3800.053582234044,1900.026791117022,1.0563650581846242
26dpb_p2,Fib_K14,Pericyte,3993.0976759090954,1996.5488379545477,1.0582184961906804
26dpb_p2,Fib_K14,Pericyte,4186.1417695841465,2093.0708847920732,1.058518448052199
26dpb_p2,Fib_K14,Pericyte,4379.185863259198,2189.592931629599,1.0566547701569469
26dpb_p2,Fib_K14,Pericyte,4572.2299569342495,2286.1149784671247,1.0554298758792091
26dpb_p2,Fib_K14,Pericyte,4765.274050609301,2382.6370253046507,1.0529593022191739
26dpb_p2,Fib_K14,Pericyte,4958.3181442843525,2479.1590721421762,1.0503154074603103
26dpb_p2,Fib_K14,Pericyte,5151.3622379594035,2575.6811189797018,1.0480678164680428
26dpb_p2,Fib_K14,Pericyte,5344.4063316344555,2672.2031658172277,1.0445981599383365
26dpb_p2,Fib_K14,Pericyte,5537.450425309507,2768.7252126547537,1.0405589280402956
26dpb_p2,Fib_K14,Pericyte,5730.494518984558,2865.247259492279,1.0366162726091623
26dpb_p2,Fib_K14,Pericyte,5923.5386126596095,2961.7693063298047,1.034515240915916
26dpb_p2,Fib_K14,Pericyte,6116.582706334661,3058.2913531673307,1.0322462238693542
26dpb_p2,Fib_K14,Pericyte,6309.626800009713,3154.8134000048567,1.0300666296587535
26dpb_p2,Fib_K14,Pericyte,6502.670893684764,3251.335446842382,1.028310407655914
26dpb_p2,Fib_K14,Pericyte,6695.7149873598155,3347.8574936799077,1.027290894658586
26dpb_p2,Fib_K14,Pericyte,6888.759081034867,3444.3795405174337,1.0259170313028778
26dpb_p2,Fib_K14,Pericyte,7081.803174709919,3540.9015873549597,1.0238987130391004
26dpb_p2,Fib_K14,Pericyte,7274.84726838497,3637.423634192485,1.0218483516861712
26dpb_p2,Fib_K14,Pericyte,7467.8913620600215,3733.9456810300107,1.020214143431067
26dpb_p2,Fib_K14,Pericyte,7660.935455735073,3830.4677278675367,1.0192068103328429
26dpb_p2,Fib_K14,Pericyte,7853.979549410125,3926.9897747050627,1.0184138846067192
26dpb_p2,Fib_K14,Pericyte,8047.023643085176,4023.511821542588,1.017793097230318
26dpb_p2,Fib_K14,Pericyte,8240.067736760227,4120.033868380114,1.0171804517117264
26dpb_p2,Fib_K14,Pericyte,8433.11183043528,4216.55591521764,1.0156537496802085
26dpb_p2,Fib_K14,Pericyte,8626.155924110331,4313.077962055166,1.0149098598304802
26dpb_p2,Fib_K14,Pericyte,8819.200017785382,4409.600008892691,1.0140350605002273
26dpb_p2,Fib_K14,Pericyte,9012.244111460433,4506.122055730217,1.0129356534082838
26dpb_p2,Fib_K14,Pericyte,9205.288205135486,4602.644102567743,1.0115768975279356
26dpb_p2,Fib_K14,Pericyte,9398.332298810537,4699.166149405269,1.0107913307939231
26dpb_p2,Fib_K14,Pericyte,9591.376392485588,4795.688196242794,1.0104376878129488
26dpb_p2,Fib_K14,Pericyte,9784.42048616064,4892.21024308032,1.009067172922369
26dpb_p2,Fib_K14,SAC_HF_DP_DS,518.3039897581684,259.1519948790842,0.22792870538516738
26dpb_p2,Fib_K14,SAC_HF_DP_DS,711.3480834332199,355.67404171660996,0.2732638373926023
26dpb_p2,Fib_K14,SAC_HF_DP_DS,904.3921771082714,452.1960885541357,0.3533422415462322
26dpb_p2,Fib_K14,SAC_HF_DP_DS,1097.436270783323,548.7181353916615,0.41923236753765575
26dpb_p2,Fib_K14,SAC_HF_DP_DS,1290.4803644583744,645.2401822291872,0.4827380899808189
26dpb_p2,Fib_K14,SAC_HF_DP_DS,1483.524458133426,741.762229066713,0.5565371728359196
26dpb_p2,Fib_K14,SAC_HF_DP_DS,1676.5685518084774,838.2842759042387,0.639247993620761
26dpb_p2,Fib_K14,SAC_HF_DP_DS,1869.612645483529,934.8063227417645,0.711441573706977
26dpb_p2,Fib_K14,SAC_HF_DP_DS,2062.6567391585804,1031.3283695792902,0.7629770694055075
26dpb_p2,Fib_K14,SAC_HF_DP_DS,2255.700832833632,1127.850416416816,0.8050926079743882
26dpb_p2,Fib_K14,SAC_HF_DP_DS,2448.7449265086834,1224.3724632543417,0.8369570817509832
26dpb_p2,Fib_K14,SAC_HF_DP_DS,2641.789020183735,1320.8945100918675,0.8645010771455205
26dpb_p2,Fib_K14,SAC_HF_DP_DS,2834.8331138587864,1417.4165569293932,0.8825004770288467
26dpb_p2,Fib_K14,SAC_HF_DP_DS,3027.877207533838,1513.938603766919,0.8915547754045988
26dpb_p2,Fib_K14,SAC_HF_DP_DS,3220.9213012088894,1610.4606506044447,0.9001292557458217
26dpb_p2,Fib_K14,SAC_HF_DP_DS,3413.965394883941,1706.9826974419705,0.9046292998903439
26dpb_p2,Fib_K14,SAC_HF_DP_DS,3607.0094885589924,1803.5047442794962,0.9073822359262066
26dpb_p2,Fib_K14,SAC_HF_DP_DS,3800.053582234044,1900.026791117022,0.9063451356637044
26dpb_p2,Fib_K14,SAC_HF_DP_DS,3993.0976759090954,1996.5488379545477,0.9047377518155209
26dpb_p2,Fib_K14,SAC_HF_DP_DS,4186.1417695841465,2093.0708847920732,0.9046777645986122
26dpb_p2,Fib_K14,SAC_HF_DP_DS,4379.185863259198,2189.592931629599,0.907166552399761
26dpb_p2,Fib_K14,SAC_HF_DP_DS,4572.2299569342495,2286.1149784671247,0.9108877941868955
26dpb_p2,Fib_K14,SAC_HF_DP_DS,4765.274050609301,2382.6370253046507,0.9116094247026504
26dpb_p2,Fib_K14,SAC_HF_DP_DS,4958.3181442843525,2479.1590721421762,0.914172061638703
26dpb_p2,Fib_K14,SAC_HF_DP_DS,5151.3622379594035,2575.6811189797018,0.9170406803689878
26dpb_p2,Fib_K14,SAC_HF_DP_DS,5344.4063316344555,2672.2031658172277,0.9200909022933633
26dpb_p2,Fib_K14,SAC_HF_DP_DS,5537.450425309507,2768.7252126547537,0.9241914716566598
26dpb_p2,Fib_K14,SAC_HF_DP_DS,5730.494518984558,2865.247259492279,0.9283685826629389
26dpb_p2,Fib_K14,SAC_HF_DP_DS,5923.5386126596095,2961.7693063298047,0.9334326945017126
26dpb_p2,Fib_K14,SAC_HF_DP_DS,6116.582706334661,3058.2913531673307,0.9359415486051182
26dpb_p2,Fib_K14,SAC_HF_DP_DS,6309.626800009713,3154.8134000048567,0.9393482847725446
26dpb_p2,Fib_K14,SAC_HF_DP_DS,6502.670893684764,3251.335446842382,0.944610346273209
26dpb_p2,Fib_K14,SAC_HF_DP_DS,6695.7149873598155,3347.8574936799077,0.9476807045028526
26dpb_p2,Fib_K14,SAC_HF_DP_DS,6888.759081034867,3444.3795405174337,0.9518932289786737
26dpb_p2,Fib_K14,SAC_HF_DP_DS,7081.803174709919,3540.9015873549597,0.9561787747362376
26dpb_p2,Fib_K14,SAC_HF_DP_DS,7274.84726838497,3637.423634192485,0.9604430631023672
26dpb_p2,Fib_K14,SAC_HF_DP_DS,7467.8913620600215,3733.9456810300107,0.9649948177336775
26dpb_p2,Fib_K14,SAC_HF_DP_DS,7660.935455735073,3830.4677278675367,0.9674694740656717
26dpb_p2,Fib_K14,SAC_HF_DP_DS,7853.979549410125,3926.9897747050627,0.9704636945632245
26dpb_p2,Fib_K14,SAC_HF_DP_DS,8047.023643085176,4023.511821542588,0.9716791761335807
26dpb_p2,Fib_K14,SAC_HF_DP_DS,8240.067736760227,4120.033868380114,0.9743238969139868
26dpb_p2,Fib_K14,SAC_HF_DP_DS,8433.11183043528,4216.55591521764,0.9751538740495584
26dpb_p2,Fib_K14,SAC_HF_DP_DS,8626.155924110331,4313.077962055166,0.9771090431153063
26dpb_p2,Fib_K14,SAC_HF_DP_DS,8819.200017785382,4409.600008892691,0.9788596071993552
26dpb_p2,Fib_K14,SAC_HF_DP_DS,9012.244111460433,4506.122055730217,0.9808684439398064
26dpb_p2,Fib_K14,SAC_HF_DP_DS,9205.288205135486,4602.644102567743,0.9830045482084209
26dpb_p2,Fib_K14,SAC_HF_DP_DS,9398.332298810537,4699.166149405269,0.984061337278869
26dpb_p2,Fib_K14,SAC_HF_DP_DS,9591.376392485588,4795.688196242794,0.9854765768276903
26dpb_p2,Fib_K14,SAC_HF_DP_DS,9784.42048616064,4892.21024308032,0.9863811182733324
26dpb_p2,Fib_K14,SAC_HF_HFSC,518.3039897581684,259.1519948790842,0.297638714322774
26dpb_p2,Fib_K14,SAC_HF_HFSC,711.3480834332199,355.67404171660996,0.3690714597013119
26dpb_p2,Fib_K14,SAC_HF_HFSC,904.3921771082714,452.1960885541357,0.43222877617576116
26dpb_p2,Fib_K14,SAC_HF_HFSC,1097.436270783323,548.7181353916615,0.47922887237410416
26dpb_p2,Fib_K14,SAC_HF_HFSC,1290.4803644583744,645.2401822291872,0.5418239143465096
26dpb_p2,Fib_K14,SAC_HF_HFSC,1483.524458133426,741.762229066713,0.6149338693187826
26dpb_p2,Fib_K14,SAC_HF_HFSC,1676.5685518084774,838.2842759042387,0.7021209011576143
26dpb_p2,Fib_K14,SAC_HF_HFSC,1869.612645483529,934.8063227417645,0.7796470344322214
26dpb_p2,Fib_K14,SAC_HF_HFSC,2062.6567391585804,1031.3283695792902,0.8385239763939188
26dpb_p2,Fib_K14,SAC_HF_HFSC,2255.700832833632,1127.850416416816,0.8757101573157806
26dpb_p2,Fib_K14,SAC_HF_HFSC,2448.7449265086834,1224.3724632543417,0.8930329629428952
26dpb_p2,Fib_K14,SAC_HF_HFSC,2641.789020183735,1320.8945100918675,0.9059103538546458
26dpb_p2,Fib_K14,SAC_HF_HFSC,2834.8331138587864,1417.4165569293932,0.9181448039224668
26dpb_p2,Fib_K14,SAC_HF_HFSC,3027.877207533838,1513.938603766919,0.925032590211741
26dpb_p2,Fib_K14,SAC_HF_HFSC,3220.9213012088894,1610.4606506044447,0.9294398053999996
26dpb_p2,Fib_K14,SAC_HF_HFSC,3413.965394883941,1706.9826974419705,0.9298220444979981
26dpb_p2,Fib_K14,SAC_HF_HFSC,3607.0094885589924,1803.5047442794962,0.9262555738137552
26dpb_p2,Fib_K14,SAC_HF_HFSC,3800.053582234044,1900.026791117022,0.921909215937512
26dpb_p2,Fib_K14,SAC_HF_HFSC,3993.0976759090954,1996.5488379545477,0.9200584725001438
26dpb_p2,Fib_K14,SAC_HF_HFSC,4186.1417695841465,2093.0708847920732,0.9209416665985591
26dpb_p2,Fib_K14,SAC_HF_HFSC,4379.185863259198,2189.592931629599,0.9238933550040906
26dpb_p2,Fib_K14,SAC_HF_HFSC,4572.2299569342495,2286.1149784671247,0.927527063462468
26dpb_p2,Fib_K14,SAC_HF_HFSC,4765.274050609301,2382.6370253046507,0.9307890951387073
26dpb_p2,Fib_K14,SAC_HF_HFSC,4958.3181442843525,2479.1590721421762,0.9346303989337406
26dpb_p2,Fib_K14,SAC_HF_HFSC,5151.3622379594035,2575.6811189797018,0.9384327870996305
26dpb_p2,Fib_K14,SAC_HF_HFSC,5344.4063316344555,2672.2031658172277,0.9422329835880332
26dpb_p2,Fib_K14,SAC_HF_HFSC,5537.450425309507,2768.7252126547537,0.9451833551696555
26dpb_p2,Fib_K14,SAC_HF_HFSC,5730.494518984558,2865.247259492279,0.9479303145772435
26dpb_p2,Fib_K14,SAC_HF_HFSC,5923.5386126596095,2961.7693063298047,0.9524861858756914
26dpb_p2,Fib_K14,SAC_HF_HFSC,6116.582706334661,3058.2913531673307,0.9558418684278951
26dpb_p2,Fib_K14,SAC_HF_HFSC,6309.626800009713,3154.8134000048567,0.9591552754270076
26dpb_p2,Fib_K14,SAC_HF_HFSC,6502.670893684764,3251.335446842382,0.9628856692195875
26dpb_p2,Fib_K14,SAC_HF_HFSC,6695.7149873598155,3347.8574936799077,0.9652258619132451
26dpb_p2,Fib_K14,SAC_HF_HFSC,6888.759081034867,3444.3795405174337,0.9674095515249816
26dpb_p2,Fib_K14,SAC_HF_HFSC,7081.803174709919,3540.9015873549597,0.9696796145844583
26dpb_p2,Fib_K14,SAC_HF_HFSC,7274.84726838497,3637.423634192485,0.9726693273674198
26dpb_p2,Fib_K14,SAC_HF_HFSC,7467.8913620600215,3733.9456810300107,0.9749327138917666
26dpb_p2,Fib_K14,SAC_HF_HFSC,7660.935455735073,3830.4677278675367,0.9776813572900657
26dpb_p2,Fib_K14,SAC_HF_HFSC,7853.979549410125,3926.9897747050627,0.9791560498850805
26dpb_p2,Fib_K14,SAC_HF_HFSC,8047.023643085176,4023.511821542588,0.9790652897344061
26dpb_p2,Fib_K14,SAC_HF_HFSC,8240.067736760227,4120.033868380114,0.9804135624958051
26dpb_p2,Fib_K14,SAC_HF_HFSC,8433.11183043528,4216.55591521764,0.9820991213422755
26dpb_p2,Fib_K14,SAC_HF_HFSC,8626.155924110331,4313.077962055166,0.9833892689681266
26dpb_p2,Fib_K14,SAC_HF_HFSC,8819.200017785382,4409.600008892691,0.9845926790708597
26dpb_p2,Fib_K14,SAC_HF_HFSC,9012.244111460433,4506.122055730217,0.986539648507837
26dpb_p2,Fib_K14,SAC_HF_HFSC,9205.288205135486,4602.644102567743,0.988240021735763
26dpb_p2,Fib_K14,SAC_HF_HFSC,9398.332298810537,4699.166149405269,0.9894882641258617
26dpb_p2,Fib_K14,SAC_HF_HFSC,9591.376392485588,4795.688196242794,0.9903732148854467
26dpb_p2,Fib_K14,SAC_HF_HFSC,9784.42048616064,4892.21024308032,0.9916779459204278
26dpb_p2,Fib_K14,SAC_HF_IRS,518.3039897581684,259.1519948790842,0.44117094018974107
26dpb_p2,Fib_K14,SAC_HF_IRS,711.3480834332199,355.67404171660996,0.5595932455530865
26dpb_p2,Fib_K14,SAC_HF_IRS,904.3921771082714,452.1960885541357,0.6591658847094284
26dpb_p2,Fib_K14,SAC_HF_IRS,1097.436270783323,548.7181353916615,0.7265494150334961
26dpb_p2,Fib_K14,SAC_HF_IRS,1290.4803644583744,645.2401822291872,0.7728348567056854
26dpb_p2,Fib_K14,SAC_HF_IRS,1483.524458133426,741.762229066713,0.8137618983754414
26dpb_p2,Fib_K14,SAC_HF_IRS,1676.5685518084774,838.2842759042387,0.8642672732327645
26dpb_p2,Fib_K14,SAC_HF_IRS,1869.612645483529,934.8063227417645,0.9095753081054234
26dpb_p2,Fib_K14,SAC_HF_IRS,2062.6567391585804,1031.3283695792902,0.9481059247242205
26dpb_p2,Fib_K14,SAC_HF_IRS,2255.700832833632,1127.850416416816,0.9706945673019812
26dpb_p2,Fib_K14,SAC_HF_IRS,2448.7449265086834,1224.3724632543417,0.9800619935974854
26dpb_p2,Fib_K14,SAC_HF_IRS,2641.789020183735,1320.8945100918675,0.9829774267854218
26dpb_p2,Fib_K14,SAC_HF_IRS,2834.8331138587864,1417.4165569293932,0.9848880365511681
26dpb_p2,Fib_K14,SAC_HF_IRS,3027.877207533838,1513.938603766919,0.9854104077013774
26dpb_p2,Fib_K14,SAC_HF_IRS,3220.9213012088894,1610.4606506044447,0.9844535692010539
26dpb_p2,Fib_K14,SAC_HF_IRS,3413.965394883941,1706.9826974419705,0.9828869710762514
26dpb_p2,Fib_K14,SAC_HF_IRS,3607.0094885589924,1803.5047442794962,0.980023252256157
26dpb_p2,Fib_K14,SAC_HF_IRS,3800.053582234044,1900.026791117022,0.9771797902316163
26dpb_p2,Fib_K14,SAC_HF_IRS,3993.0976759090954,1996.5488379545477,0.9763797665055617
26dpb_p2,Fib_K14,SAC_HF_IRS,4186.1417695841465,2093.0708847920732,0.9764729021255467
26dpb_p2,Fib_K14,SAC_HF_IRS,4379.185863259198,2189.592931629599,0.977749836557089
26dpb_p2,Fib_K14,SAC_HF_IRS,4572.2299569342495,2286.1149784671247,0.9790428466035591
26dpb_p2,Fib_K14,SAC_HF_IRS,4765.274050609301,2382.6370253046507,0.9800062732655197
26dpb_p2,Fib_K14,SAC_HF_IRS,4958.3181442843525,2479.1590721421762,0.9806238167457779
26dpb_p2,Fib_K14,SAC_HF_IRS,5151.3622379594035,2575.6811189797018,0.9816580512061054
26dpb_p2,Fib_K14,SAC_HF_IRS,5344.4063316344555,2672.2031658172277,0.9830165445948704
26dpb_p2,Fib_K14,SAC_HF_IRS,5537.450425309507,2768.7252126547537,0.9845163697736588
26dpb_p2,Fib_K14,SAC_HF_IRS,5730.494518984558,2865.247259492279,0.9860843084598231
26dpb_p2,Fib_K14,SAC_HF_IRS,5923.5386126596095,2961.7693063298047,0.9877031616612089
26dpb_p2,Fib_K14,SAC_HF_IRS,6116.582706334661,3058.2913531673307,0.9888137002488946
26dpb_p2,Fib_K14,SAC_HF_IRS,6309.626800009713,3154.8134000048567,0.990422736847348
26dpb_p2,Fib_K14,SAC_HF_IRS,6502.670893684764,3251.335446842382,0.9925237378032903
26dpb_p2,Fib_K14,SAC_HF_IRS,6695.7149873598155,3347.8574936799077,0.9945579796409552
26dpb_p2,Fib_K14,SAC_HF_IRS,6888.759081034867,3444.3795405174337,0.9954299374882076
26dpb_p2,Fib_K14,SAC_HF_IRS,7081.803174709919,3540.9015873549597,0.9967162734574174
26dpb_p2,Fib_K14,SAC_HF_IRS,7274.84726838497,3637.423634192485,0.9979722954230607
26dpb_p2,Fib_K14,SAC_HF_IRS,7467.8913620600215,3733.9456810300107,0.9986794963613774
26dpb_p2,Fib_K14,SAC_HF_IRS,7660.935455735073,3830.4677278675367,1.0000668792509777
26dpb_p2,Fib_K14,SAC_HF_IRS,7853.979549410125,3926.9897747050627,1.001243296999218
26dpb_p2,Fib_K14,SAC_HF_IRS,8047.023643085176,4023.511821542588,1.00124551030443
26dpb_p2,Fib_K14,SAC_HF_IRS,8240.067736760227,4120.033868380114,1.0017760317921263
26dpb_p2,Fib_K14,SAC_HF_IRS,8433.11183043528,4216.55591521764,1.0023243556960655
26dpb_p2,Fib_K14,SAC_HF_IRS,8626.155924110331,4313.077962055166,1.0025885556445306
26dpb_p2,Fib_K14,SAC_HF_IRS,8819.200017785382,4409.600008892691,1.002890543635178
26dpb_p2,Fib_K14,SAC_HF_IRS,9012.244111460433,4506.122055730217,1.0031622040662465
26dpb_p2,Fib_K14,SAC_HF_IRS,9205.288205135486,4602.644102567743,1.0035981549050548
26dpb_p2,Fib_K14,SAC_HF_IRS,9398.332298810537,4699.166149405269,1.0038506969519496
26dpb_p2,Fib_K14,SAC_HF_IRS,9591.376392485588,4795.688196242794,1.0039854972211104
26dpb_p2,Fib_K14,SAC_HF_IRS,9784.42048616064,4892.21024308032,1.0038588561799247
26dpb_p2,Fib_K14,SAC_HF_Matrix,518.3039897581684,259.1519948790842,0.33678782059821044
26dpb_p2,Fib_K14,SAC_HF_Matrix,711.3480834332199,355.67404171660996,0.4239847531225798
26dpb_p2,Fib_K14,SAC_HF_Matrix,904.3921771082714,452.1960885541357,0.5077874446681805
26dpb_p2,Fib_K14,SAC_HF_Matrix,1097.436270783323,548.7181353916615,0.5646778628077133
26dpb_p2,Fib_K14,SAC_HF_Matrix,1290.4803644583744,645.2401822291872,0.5988757089628206
26dpb_p2,Fib_K14,SAC_HF_Matrix,1483.524458133426,741.762229066713,0.6442904794954536
26dpb_p2,Fib_K14,SAC_HF_Matrix,1676.5685518084774,838.2842759042387,0.6949370766566034
26dpb_p2,Fib_K14,SAC_HF_Matrix,1869.612645483529,934.8063227417645,0.7521797835909384
26dpb_p2,Fib_K14,SAC_HF_Matrix,2062.6567391585804,1031.3283695792902,0.8012385955362418
26dpb_p2,Fib_K14,SAC_HF_Matrix,2255.700832833632,1127.850416416816,0.8265112482915182
26dpb_p2,Fib_K14,SAC_HF_Matrix,2448.7449265086834,1224.3724632543417,0.8381886269284339
26dpb_p2,Fib_K14,SAC_HF_Matrix,2641.789020183735,1320.8945100918675,0.8485293891115956
26dpb_p2,Fib_K14,SAC_HF_Matrix,2834.8331138587864,1417.4165569293932,0.8648844171970557
26dpb_p2,Fib_K14,SAC_HF_Matrix,3027.877207533838,1513.938603766919,0.8774986392514373
26dpb_p2,Fib_K14,SAC_HF_Matrix,3220.9213012088894,1610.4606506044447,0.8813244980025858
26dpb_p2,Fib_K14,SAC_HF_Matrix,3413.965394883941,1706.9826974419705,0.8821138628442567
26dpb_p2,Fib_K14,SAC_HF_Matrix,3607.0094885589924,1803.5047442794962,0.8809786439646311
26dpb_p2,Fib_K14,SAC_HF_Matrix,3800.053582234044,1900.026791117022,0.8801051374883214
26dpb_p2,Fib_K14,SAC_HF_Matrix,3993.0976759090954,1996.5488379545477,0.8822550659212143
26dpb_p2,Fib_K14,SAC_HF_Matrix,4186.1417695841465,2093.0708847920732,0.8890296979763463
26dpb_p2,Fib_K14,SAC_HF_Matrix,4379.185863259198,2189.592931629599,0.896109840127803
26dpb_p2,Fib_K14,SAC_HF_Matrix,4572.2299569342495,2286.1149784671247,0.8984768738973177
26dpb_p2,Fib_K14,SAC_HF_Matrix,4765.274050609301,2382.6370253046507,0.9041349101885153
26dpb_p2,Fib_K14,SAC_HF_Matrix,4958.3181442843525,2479.1590721421762,0.9105859973116938
26dpb_p2,Fib_K14,SAC_HF_Matrix,5151.3622379594035,2575.6811189797018,0.9160867279940901
26dpb_p2,Fib_K14,SAC_HF_Matrix,5344.4063316344555,2672.2031658172277,0.9185416288768473
26dpb_p2,Fib_K14,SAC_HF_Matrix,5537.450425309507,2768.7252126547537,0.9214975888491258
26dpb_p2,Fib_K14,SAC_HF_Matrix,5730.494518984558,2865.247259492279,0.9259685865686248
26dpb_p2,Fib_K14,SAC_HF_Matrix,5923.5386126596095,2961.7693063298047,0.9296691120759836
26dpb_p2,Fib_K14,SAC_HF_Matrix,6116.582706334661,3058.2913531673307,0.9321697379721442
26dpb_p2,Fib_K14,SAC_HF_Matrix,6309.626800009713,3154.8134000048567,0.9370712803796786
26dpb_p2,Fib_K14,SAC_HF_Matrix,6502.670893684764,3251.335446842382,0.9418855540805922
26dpb_p2,Fib_K14,SAC_HF_Matrix,6695.7149873598155,3347.8574936799077,0.9487061636118098
26dpb_p2,Fib_K14,SAC_HF_Matrix,6888.759081034867,3444.3795405174337,0.9527868849592206
26dpb_p2,Fib_K14,SAC_HF_Matrix,7081.803174709919,3540.9015873549597,0.9571512274581244
26dpb_p2,Fib_K14,SAC_HF_Matrix,7274.84726838497,3637.423634192485,0.9598334326062644
26dpb_p2,Fib_K14,SAC_HF_Matrix,7467.8913620600215,3733.9456810300107,0.9631733201510458
26dpb_p2,Fib_K14,SAC_HF_Matrix,7660.935455735073,3830.4677278675367,0.9655211627222632
26dpb_p2,Fib_K14,SAC_HF_Matrix,7853.979549410125,3926.9897747050627,0.966736483781197
26dpb_p2,Fib_K14,SAC_HF_Matrix,8047.023643085176,4023.511821542588,0.9663653726900577
26dpb_p2,Fib_K14,SAC_HF_Matrix,8240.067736760227,4120.033868380114,0.9671049255299252
26dpb_p2,Fib_K14,SAC_HF_Matrix,8433.11183043528,4216.55591521764,0.9696626761248491
26dpb_p2,Fib_K14,SAC_HF_Matrix,8626.155924110331,4313.077962055166,0.9729158525797567
26dpb_p2,Fib_K14,SAC_HF_Matrix,8819.200017785382,4409.600008892691,0.9760595719301411
26dpb_p2,Fib_K14,SAC_HF_Matrix,9012.244111460433,4506.122055730217,0.9782532349106021
26dpb_p2,Fib_K14,SAC_HF_Matrix,9205.288205135486,4602.644102567743,0.9815632097060946
26dpb_p2,Fib_K14,SAC_HF_Matrix,9398.332298810537,4699.166149405269,0.9823590363601029
26dpb_p2,Fib_K14,SAC_HF_Matrix,9591.376392485588,4795.688196242794,0.9825512356197152
26dpb_p2,Fib_K14,SAC_HF_Matrix,9784.42048616064,4892.21024308032,0.9827482557433515
26dpb_p2,Fib_K14,SAC_HF_ORS,518.3039897581684,259.1519948790842,0.45410540954145845
26dpb_p2,Fib_K14,SAC_HF_ORS,711.3480834332199,355.67404171660996,0.6432553944143284
26dpb_p2,Fib_K14,SAC_HF_ORS,904.3921771082714,452.1960885541357,0.7866801261733294
26dpb_p2,Fib_K14,SAC_HF_ORS,1097.436270783323,548.7181353916615,0.8725303997293942
26dpb_p2,Fib_K14,SAC_HF_ORS,1290.4803644583744,645.2401822291872,0.9227517192000303
26dpb_p2,Fib_K14,SAC_HF_ORS,1483.524458133426,741.762229066713,0.9576970364271747
26dpb_p2,Fib_K14,SAC_HF_ORS,1676.5685518084774,838.2842759042387,0.992707514788544
26dpb_p2,Fib_K14,SAC_HF_ORS,1869.612645483529,934.8063227417645,1.0268718248006201
26dpb_p2,Fib_K14,SAC_HF_ORS,2062.6567391585804,1031.3283695792902,1.0519301900573819
26dpb_p2,Fib_K14,SAC_HF_ORS,2255.700832833632,1127.850416416816,1.0641446178422707
26dpb_p2,Fib_K14,SAC_HF_ORS,2448.7449265086834,1224.3724632543417,1.0627873209341054
26dpb_p2,Fib_K14,SAC_HF_ORS,2641.789020183735,1320.8945100918675,1.0535900512167895
26dpb_p2,Fib_K14,SAC_HF_ORS,2834.8331138587864,1417.4165569293932,1.0438010288902808
26dpb_p2,Fib_K14,SAC_HF_ORS,3027.877207533838,1513.938603766919,1.0363099187835956
26dpb_p2,Fib_K14,SAC_HF_ORS,3220.9213012088894,1610.4606506044447,1.0301620715704456
26dpb_p2,Fib_K14,SAC_HF_ORS,3413.965394883941,1706.9826974419705,1.0236533222469066
26dpb_p2,Fib_K14,SAC_HF_ORS,3607.0094885589924,1803.5047442794962,1.0188666281848795
26dpb_p2,Fib_K14,SAC_HF_ORS,3800.053582234044,1900.026791117022,1.0153301485741673
26dpb_p2,Fib_K14,SAC_HF_ORS,3993.0976759090954,1996.5488379545477,1.0131725782523857
26dpb_p2,Fib_K14,SAC_HF_ORS,4186.1417695841465,2093.0708847920732,1.0140148135808458
26dpb_p2,Fib_K14,SAC_HF_ORS,4379.185863259198,2189.592931629599,1.0162537748984473
26dpb_p2,Fib_K14,SAC_HF_ORS,4572.2299569342495,2286.1149784671247,1.0184487635255732
26dpb_p2,Fib_K14,SAC_HF_ORS,4765.274050609301,2382.6370253046507,1.0189079106372005
26dpb_p2,Fib_K14,SAC_HF_ORS,4958.3181442843525,2479.1590721421762,1.0190356920487516
26dpb_p2,Fib_K14,SAC_HF_ORS,5151.3622379594035,2575.6811189797018,1.0195726487211494
26dpb_p2,Fib_K14,SAC_HF_ORS,5344.4063316344555,2672.2031658172277,1.020299001272182
26dpb_p2,Fib_K14,SAC_HF_ORS,5537.450425309507,2768.7252126547537,1.0204748693606638
26dpb_p2,Fib_K14,SAC_HF_ORS,5730.494518984558,2865.247259492279,1.0201396550056572
26dpb_p2,Fib_K14,SAC_HF_ORS,5923.5386126596095,2961.7693063298047,1.0196738179620837
26dpb_p2,Fib_K14,SAC_HF_ORS,6116.582706334661,3058.2913531673307,1.0191173145012098
26dpb_p2,Fib_K14,SAC_HF_ORS,6309.626800009713,3154.8134000048567,1.0186893190755202
26dpb_p2,Fib_K14,SAC_HF_ORS,6502.670893684764,3251.335446842382,1.018098350917235
26dpb_p2,Fib_K14,SAC_HF_ORS,6695.7149873598155,3347.8574936799077,1.017320466026676
26dpb_p2,Fib_K14,SAC_HF_ORS,6888.759081034867,3444.3795405174337,1.0162816349134605
26dpb_p2,Fib_K14,SAC_HF_ORS,7081.803174709919,3540.9015873549597,1.0151036149279569
26dpb_p2,Fib_K14,SAC_HF_ORS,7274.84726838497,3637.423634192485,1.0138193193118095
26dpb_p2,Fib_K14,SAC_HF_ORS,7467.8913620600215,3733.9456810300107,1.012682194259625
26dpb_p2,Fib_K14,SAC_HF_ORS,7660.935455735073,3830.4677278675367,1.0115642240026508
26dpb_p2,Fib_K14,SAC_HF_ORS,7853.979549410125,3926.9897747050627,1.0103109612674335
26dpb_p2,Fib_K14,SAC_HF_ORS,8047.023643085176,4023.511821542588,1.008914238619896
26dpb_p2,Fib_K14,SAC_HF_ORS,8240.067736760227,4120.033868380114,1.007631082267889
26dpb_p2,Fib_K14,SAC_HF_ORS,8433.11183043528,4216.55591521764,1.0065076487088673
26dpb_p2,Fib_K14,SAC_HF_ORS,8626.155924110331,4313.077962055166,1.0055710720013644
26dpb_p2,Fib_K14,SAC_HF_ORS,8819.200017785382,4409.600008892691,1.004983507625292
26dpb_p2,Fib_K14,SAC_HF_ORS,9012.244111460433,4506.122055730217,1.0044247434257334
26dpb_p2,Fib_K14,SAC_HF_ORS,9205.288205135486,4602.644102567743,1.0036980500871953
26dpb_p2,Fib_K14,SAC_HF_ORS,9398.332298810537,4699.166149405269,1.0029559434228772
26dpb_p2,Fib_K14,SAC_HF_ORS,9591.376392485588,4795.688196242794,1.0022727903032929
26dpb_p2,Fib_K14,SAC_HF_ORS,9784.42048616064,4892.21024308032,1.001726766175983
26dpb_p2,Fib_K14,SAC_SG_Clear,518.3039897581684,259.1519948790842,0.17900392468553664
26dpb_p2,Fib_K14,SAC_SG_Clear,711.3480834332199,355.67404171660996,0.23338562188794026
26dpb_p2,Fib_K14,SAC_SG_Clear,904.3921771082714,452.1960885541357,0.2898879163860725
26dpb_p2,Fib_K14,SAC_SG_Clear,1097.436270783323,548.7181353916615,0.3674860008163881
26dpb_p2,Fib_K14,SAC_SG_Clear,1290.4803644583744,645.2401822291872,0.4646886202007846
26dpb_p2,Fib_K14,SAC_SG_Clear,1483.524458133426,741.762229066713,0.5968838756078049
26dpb_p2,Fib_K14,SAC_SG_Clear,1676.5685518084774,838.2842759042387,0.7044160897224646
26dpb_p2,Fib_K14,SAC_SG_Clear,1869.612645483529,934.8063227417645,0.79109163089798
26dpb_p2,Fib_K14,SAC_SG_Clear,2062.6567391585804,1031.3283695792902,0.8580541806766417
26dpb_p2,Fib_K14,SAC_SG_Clear,2255.700832833632,1127.850416416816,0.9097558612685379
26dpb_p2,Fib_K14,SAC_SG_Clear,2448.7449265086834,1224.3724632543417,0.9455426948232434
26dpb_p2,Fib_K14,SAC_SG_Clear,2641.789020183735,1320.8945100918675,0.9748385003966107
26dpb_p2,Fib_K14,SAC_SG_Clear,2834.8331138587864,1417.4165569293932,0.9987623944701475
26dpb_p2,Fib_K14,SAC_SG_Clear,3027.877207533838,1513.938603766919,1.0063813968746376
26dpb_p2,Fib_K14,SAC_SG_Clear,3220.9213012088894,1610.4606506044447,1.0122527940127926
26dpb_p2,Fib_K14,SAC_SG_Clear,3413.965394883941,1706.9826974419705,1.0147283783451964
26dpb_p2,Fib_K14,SAC_SG_Clear,3607.0094885589924,1803.5047442794962,1.0166361562468738
26dpb_p2,Fib_K14,SAC_SG_Clear,3800.053582234044,1900.026791117022,1.0177345530891433
26dpb_p2,Fib_K14,SAC_SG_Clear,3993.0976759090954,1996.5488379545477,1.0162535692604953
26dpb_p2,Fib_K14,SAC_SG_Clear,4186.1417695841465,2093.0708847920732,1.013993676157991
26dpb_p2,Fib_K14,SAC_SG_Clear,4379.185863259198,2189.592931629599,1.0106645242346608
26dpb_p2,Fib_K14,SAC_SG_Clear,4572.2299569342495,2286.1149784671247,1.0098928945677144
26dpb_p2,Fib_K14,SAC_SG_Clear,4765.274050609301,2382.6370253046507,1.0092849607968386
26dpb_p2,Fib_K14,SAC_SG_Clear,4958.3181442843525,2479.1590721421762,1.0118836775622126
26dpb_p2,Fib_K14,SAC_SG_Clear,5151.3622379594035,2575.6811189797018,1.0121088316616345
26dpb_p2,Fib_K14,SAC_SG_Clear,5344.4063316344555,2672.2031658172277,1.0144742652009788
26dpb_p2,Fib_K14,SAC_SG_Clear,5537.450425309507,2768.7252126547537,1.017823338147948
26dpb_p2,Fib_K14,SAC_SG_Clear,5730.494518984558,2865.247259492279,1.0201254305077883
26dpb_p2,Fib_K14,SAC_SG_Clear,5923.5386126596095,2961.7693063298047,1.0214150195559195
26dpb_p2,Fib_K14,SAC_SG_Clear,6116.582706334661,3058.2913531673307,1.0242358964288947
26dpb_p2,Fib_K14,SAC_SG_Clear,6309.626800009713,3154.8134000048567,1.0250664889564116
26dpb_p2,Fib_K14,SAC_SG_Clear,6502.670893684764,3251.335446842382,1.0248325428861291
26dpb_p2,Fib_K14,SAC_SG_Clear,6695.7149873598155,3347.8574936799077,1.0251339546535907
26dpb_p2,Fib_K14,SAC_SG_Clear,6888.759081034867,3444.3795405174337,1.02654058066282
26dpb_p2,Fib_K14,SAC_SG_Clear,7081.803174709919,3540.9015873549597,1.0276210175636666
26dpb_p2,Fib_K14,SAC_SG_Clear,7274.84726838497,3637.423634192485,1.0291715607597316
26dpb_p2,Fib_K14,SAC_SG_Clear,7467.8913620600215,3733.9456810300107,1.0304743278324309
26dpb_p2,Fib_K14,SAC_SG_Clear,7660.935455735073,3830.4677278675367,1.0309263556569992
26dpb_p2,Fib_K14,SAC_SG_Clear,7853.979549410125,3926.9897747050627,1.0320083588636364
26dpb_p2,Fib_K14,SAC_SG_Clear,8047.023643085176,4023.511821542588,1.0312843118894555
26dpb_p2,Fib_K14,SAC_SG_Clear,8240.067736760227,4120.033868380114,1.0312872122403594
26dpb_p2,Fib_K14,SAC_SG_Clear,8433.11183043528,4216.55591521764,1.0319234020064998
26dpb_p2,Fib_K14,SAC_SG_Clear,8626.155924110331,4313.077962055166,1.0326878474048882
26dpb_p2,Fib_K14,SAC_SG_Clear,8819.200017785382,4409.600008892691,1.0341620581318496
26dpb_p2,Fib_K14,SAC_SG_Clear,9012.244111460433,4506.122055730217,1.0349243477534085
26dpb_p2,Fib_K14,SAC_SG_Clear,9205.288205135486,4602.644102567743,1.0352075818477429
26dpb_p2,Fib_K14,SAC_SG_Clear,9398.332298810537,4699.166149405269,1.0356112492604024
26dpb_p2,Fib_K14,SAC_SG_Clear,9591.376392485588,4795.688196242794,1.0348924556750243
26dpb_p2,Fib_K14,SAC_SG_Clear,9784.42048616064,4892.21024308032,1.0348556202853845
26dpb_p2,Fib_K14,SAC_SG_Dark,518.3039897581684,259.1519948790842,0.25073699411906686
26dpb_p2,Fib_K14,SAC_SG_Dark,711.3480834332199,355.67404171660996,0.31916179499040487
26dpb_p2,Fib_K14,SAC_SG_Dark,904.3921771082714,452.1960885541357,0.393265811694651
26dpb_p2,Fib_K14,SAC_SG_Dark,1097.436270783323,548.7181353916615,0.47026321544378236
26dpb_p2,Fib_K14,SAC_SG_Dark,1290.4803644583744,645.2401822291872,0.5452507783118737
26dpb_p2,Fib_K14,SAC_SG_Dark,1483.524458133426,741.762229066713,0.6158954292746306
26dpb_p2,Fib_K14,SAC_SG_Dark,1676.5685518084774,838.2842759042387,0.6843310331870861
26dpb_p2,Fib_K14,SAC_SG_Dark,1869.612645483529,934.8063227417645,0.757471250442754
26dpb_p2,Fib_K14,SAC_SG_Dark,2062.6567391585804,1031.3283695792902,0.820560006497044
26dpb_p2,Fib_K14,SAC_SG_Dark,2255.700832833632,1127.850416416816,0.8563593315082095
26dpb_p2,Fib_K14,SAC_SG_Dark,2448.7449265086834,1224.3724632543417,0.876985329275296
26dpb_p2,Fib_K14,SAC_SG_Dark,2641.789020183735,1320.8945100918675,0.8897616955695082
26dpb_p2,Fib_K14,SAC_SG_Dark,2834.8331138587864,1417.4165569293932,0.9039089974303163
26dpb_p2,Fib_K14,SAC_SG_Dark,3027.877207533838,1513.938603766919,0.9149473256484345
26dpb_p2,Fib_K14,SAC_SG_Dark,3220.9213012088894,1610.4606506044447,0.9255284641545491
26dpb_p2,Fib_K14,SAC_SG_Dark,3413.965394883941,1706.9826974419705,0.9384316756138651
26dpb_p2,Fib_K14,SAC_SG_Dark,3607.0094885589924,1803.5047442794962,0.9423817996769343
26dpb_p2,Fib_K14,SAC_SG_Dark,3800.053582234044,1900.026791117022,0.9400892432249414
26dpb_p2,Fib_K14,SAC_SG_Dark,3993.0976759090954,1996.5488379545477,0.941037625882829
26dpb_p2,Fib_K14,SAC_SG_Dark,4186.1417695841465,2093.0708847920732,0.9396833891355242
26dpb_p2,Fib_K14,SAC_SG_Dark,4379.185863259198,2189.592931629599,0.9404943894556453
26dpb_p2,Fib_K14,SAC_SG_Dark,4572.2299569342495,2286.1149784671247,0.9434051611303077
26dpb_p2,Fib_K14,SAC_SG_Dark,4765.274050609301,2382.6370253046507,0.9452572603271978
26dpb_p2,Fib_K14,SAC_SG_Dark,4958.3181442843525,2479.1590721421762,0.9479892129145382
26dpb_p2,Fib_K14,SAC_SG_Dark,5151.3622379594035,2575.6811189797018,0.9522339645914379
26dpb_p2,Fib_K14,SAC_SG_Dark,5344.4063316344555,2672.2031658172277,0.9573424922063878
26dpb_p2,Fib_K14,SAC_SG_Dark,5537.450425309507,2768.7252126547537,0.9621674277067038
26dpb_p2,Fib_K14,SAC_SG_Dark,5730.494518984558,2865.247259492279,0.968444821332123
26dpb_p2,Fib_K14,SAC_SG_Dark,5923.5386126596095,2961.7693063298047,0.9709869694563903
26dpb_p2,Fib_K14,SAC_SG_Dark,6116.582706334661,3058.2913531673307,0.9721121343626905
26dpb_p2,Fib_K14,SAC_SG_Dark,6309.626800009713,3154.8134000048567,0.9745502662685406
26dpb_p2,Fib_K14,SAC_SG_Dark,6502.670893684764,3251.335446842382,0.9749254358542909
26dpb_p2,Fib_K14,SAC_SG_Dark,6695.7149873598155,3347.8574936799077,0.9773415870223914
26dpb_p2,Fib_K14,SAC_SG_Dark,6888.759081034867,3444.3795405174337,0.9808277715620152
26dpb_p2,Fib_K14,SAC_SG_Dark,7081.803174709919,3540.9015873549597,0.9846127595853004
26dpb_p2,Fib_K14,SAC_SG_Dark,7274.84726838497,3637.423634192485,0.9879763837419548
26dpb_p2,Fib_K14,SAC_SG_Dark,7467.8913620600215,3733.9456810300107,0.989824785783483
26dpb_p2,Fib_K14,SAC_SG_Dark,7660.935455735073,3830.4677278675367,0.9913183788668664
26dpb_p2,Fib_K14,SAC_SG_Dark,7853.979549410125,3926.9897747050627,0.9932196066031208
26dpb_p2,Fib_K14,SAC_SG_Dark,8047.023643085176,4023.511821542588,0.9935154002434614
26dpb_p2,Fib_K14,SAC_SG_Dark,8240.067736760227,4120.033868380114,0.9953811789898973
26dpb_p2,Fib_K14,SAC_SG_Dark,8433.11183043528,4216.55591521764,0.9974966700126853
26dpb_p2,Fib_K14,SAC_SG_Dark,8626.155924110331,4313.077962055166,0.9991667608220579
26dpb_p2,Fib_K14,SAC_SG_Dark,8819.200017785382,4409.600008892691,1.0005632325866514
26dpb_p2,Fib_K14,SAC_SG_Dark,9012.244111460433,4506.122055730217,1.0017244053428693
26dpb_p2,Fib_K14,SAC_SG_Dark,9205.288205135486,4602.644102567743,1.003425684263266
26dpb_p2,Fib_K14,SAC_SG_Dark,9398.332298810537,4699.166149405269,1.0043524782431044
26dpb_p2,Fib_K14,SAC_SG_Dark,9591.376392485588,4795.688196242794,1.0046467819024698
26dpb_p2,Fib_K14,SAC_SG_Dark,9784.42048616064,4892.21024308032,1.0051756658181523
26dpb_p2,Fib_K14,SAC_SG_Ductal,518.3039897581684,259.1519948790842,0.32611342178884684
26dpb_p2,Fib_K14,SAC_SG_Ductal,711.3480834332199,355.67404171660996,0.4363498891655463
26dpb_p2,Fib_K14,SAC_SG_Ductal,904.3921771082714,452.1960885541357,0.5290595289300254
26dpb_p2,Fib_K14,SAC_SG_Ductal,1097.436270783323,548.7181353916615,0.5876710724872762
26dpb_p2,Fib_K14,SAC_SG_Ductal,1290.4803644583744,645.2401822291872,0.6394702424656356
26dpb_p2,Fib_K14,SAC_SG_Ductal,1483.524458133426,741.762229066713,0.6977646353077108
26dpb_p2,Fib_K14,SAC_SG_Ductal,1676.5685518084774,838.2842759042387,0.7617774191272172
26dpb_p2,Fib_K14,SAC_SG_Ductal,1869.612645483529,934.8063227417645,0.823078417020126
26dpb_p2,Fib_K14,SAC_SG_Ductal,2062.6567391585804,1031.3283695792902,0.8760793809658478
26dpb_p2,Fib_K14,SAC_SG_Ductal,2255.700832833632,1127.850416416816,0.9150028385350782
26dpb_p2,Fib_K14,SAC_SG_Ductal,2448.7449265086834,1224.3724632543417,0.9352416848685683
26dpb_p2,Fib_K14,SAC_SG_Ductal,2641.789020183735,1320.8945100918675,0.9455857579440466
26dpb_p2,Fib_K14,SAC_SG_Ductal,2834.8331138587864,1417.4165569293932,0.9523533175203714
26dpb_p2,Fib_K14,SAC_SG_Ductal,3027.877207533838,1513.938603766919,0.9587415746838969
26dpb_p2,Fib_K14,SAC_SG_Ductal,3220.9213012088894,1610.4606506044447,0.9620997597352264
26dpb_p2,Fib_K14,SAC_SG_Ductal,3413.965394883941,1706.9826974419705,0.964327190858652
26dpb_p2,Fib_K14,SAC_SG_Ductal,3607.0094885589924,1803.5047442794962,0.9628095084149676
26dpb_p2,Fib_K14,SAC_SG_Ductal,3800.053582234044,1900.026791117022,0.9614515483207777
26dpb_p2,Fib_K14,SAC_SG_Ductal,3993.0976759090954,1996.5488379545477,0.9615046834869095
26dpb_p2,Fib_K14,SAC_SG_Ductal,4186.1417695841465,2093.0708847920732,0.9629389684207258
26dpb_p2,Fib_K14,SAC_SG_Ductal,4379.185863259198,2189.592931629599,0.9646697356141388
26dpb_p2,Fib_K14,SAC_SG_Ductal,4572.2299569342495,2286.1149784671247,0.9670294452399893
26dpb_p2,Fib_K14,SAC_SG_Ductal,4765.274050609301,2382.6370253046507,0.9693802691796853
26dpb_p2,Fib_K14,SAC_SG_Ductal,4958.3181442843525,2479.1590721421762,0.9710952923667969
26dpb_p2,Fib_K14,SAC_SG_Ductal,5151.3622379594035,2575.6811189797018,0.9725732764413881
26dpb_p2,Fib_K14,SAC_SG_Ductal,5344.4063316344555,2672.2031658172277,0.9740624320701816
26dpb_p2,Fib_K14,SAC_SG_Ductal,5537.450425309507,2768.7252126547537,0.9760009194307316
26dpb_p2,Fib_K14,SAC_SG_Ductal,5730.494518984558,2865.247259492279,0.9778900585351256
26dpb_p2,Fib_K14,SAC_SG_Ductal,5923.5386126596095,2961.7693063298047,0.9798952675975245
26dpb_p2,Fib_K14,SAC_SG_Ductal,6116.582706334661,3058.2913531673307,0.9819815833777636
26dpb_p2,Fib_K14,SAC_SG_Ductal,6309.626800009713,3154.8134000048567,0.9847986376894349
26dpb_p2,Fib_K14,SAC_SG_Ductal,6502.670893684764,3251.335446842382,0.9879621918958824
26dpb_p2,Fib_K14,SAC_SG_Ductal,6695.7149873598155,3347.8574936799077,0.9905971276882767
26dpb_p2,Fib_K14,SAC_SG_Ductal,6888.759081034867,3444.3795405174337,0.9923943890841981
26dpb_p2,Fib_K14,SAC_SG_Ductal,7081.803174709919,3540.9015873549597,0.9943543730617078
26dpb_p2,Fib_K14,SAC_SG_Ductal,7274.84726838497,3637.423634192485,0.9960652039319756
26dpb_p2,Fib_K14,SAC_SG_Ductal,7467.8913620600215,3733.9456810300107,0.9978045691543033
26dpb_p2,Fib_K14,SAC_SG_Ductal,7660.935455735073,3830.4677278675367,0.9993682555684206
26dpb_p2,Fib_K14,SAC_SG_Ductal,7853.979549410125,3926.9897747050627,1.000496981440011
26dpb_p2,Fib_K14,SAC_SG_Ductal,8047.023643085176,4023.511821542588,1.0011440550924402
26dpb_p2,Fib_K14,SAC_SG_Ductal,8240.067736760227,4120.033868380114,1.001546746943038
26dpb_p2,Fib_K14,SAC_SG_Ductal,8433.11183043528,4216.55591521764,1.0024051169177974
26dpb_p2,Fib_K14,SAC_SG_Ductal,8626.155924110331,4313.077962055166,1.0033070885645303
26dpb_p2,Fib_K14,SAC_SG_Ductal,8819.200017785382,4409.600008892691,1.0042778413744218
26dpb_p2,Fib_K14,SAC_SG_Ductal,9012.244111460433,4506.122055730217,1.0052214849317076
26dpb_p2,Fib_K14,SAC_SG_Ductal,9205.288205135486,4602.644102567743,1.0057920513792025
26dpb_p2,Fib_K14,SAC_SG_Ductal,9398.332298810537,4699.166149405269,1.0065966520036413
26dpb_p2,Fib_K14,SAC_SG_Ductal,9591.376392485588,4795.688196242794,1.0068829923873546
26dpb_p2,Fib_K14,SAC_SG_Ductal,9784.42048616064,4892.21024308032,1.0070257078790688
26dpb_p2,Fib_K14,SAC_SG_Progenitor,518.3039897581684,259.1519948790842,0.3238410020750016
26dpb_p2,Fib_K14,SAC_SG_Progenitor,711.3480834332199,355.67404171660996,0.4027776878986735
26dpb_p2,Fib_K14,SAC_SG_Progenitor,904.3921771082714,452.1960885541357,0.4723715414557162
26dpb_p2,Fib_K14,SAC_SG_Progenitor,1097.436270783323,548.7181353916615,0.5421422509129905
26dpb_p2,Fib_K14,SAC_SG_Progenitor,1290.4803644583744,645.2401822291872,0.6076164998769558
26dpb_p2,Fib_K14,SAC_SG_Progenitor,1483.524458133426,741.762229066713,0.6739090465288111
26dpb_p2,Fib_K14,SAC_SG_Progenitor,1676.5685518084774,838.2842759042387,0.7433172906543906
26dpb_p2,Fib_K14,SAC_SG_Progenitor,1869.612645483529,934.8063227417645,0.8046112238767028
26dpb_p2,Fib_K14,SAC_SG_Progenitor,2062.6567391585804,1031.3283695792902,0.8528753257939372
26dpb_p2,Fib_K14,SAC_SG_Progenitor,2255.700832833632,1127.850416416816,0.8867880894388398
26dpb_p2,Fib_K14,SAC_SG_Progenitor,2448.7449265086834,1224.3724632543417,0.9058764994100906
26dpb_p2,Fib_K14,SAC_SG_Progenitor,2641.789020183735,1320.8945100918675,0.9164506631021365
26dpb_p2,Fib_K14,SAC_SG_Progenitor,2834.8331138587864,1417.4165569293932,0.9229481923349238
26dpb_p2,Fib_K14,SAC_SG_Progenitor,3027.877207533838,1513.938603766919,0.9274665968490206
26dpb_p2,Fib_K14,SAC_SG_Progenitor,3220.9213012088894,1610.4606506044447,0.9312510954988373
26dpb_p2,Fib_K14,SAC_SG_Progenitor,3413.965394883941,1706.9826974419705,0.9318234853887746
26dpb_p2,Fib_K14,SAC_SG_Progenitor,3607.0094885589924,1803.5047442794962,0.9305375845284642
26dpb_p2,Fib_K14,SAC_SG_Progenitor,3800.053582234044,1900.026791117022,0.9279022957996559
26dpb_p2,Fib_K14,SAC_SG_Progenitor,3993.0976759090954,1996.5488379545477,0.9270941431988609
26dpb_p2,Fib_K14,SAC_SG_Progenitor,4186.1417695841465,2093.0708847920732,0.9277321923860762
26dpb_p2,Fib_K14,SAC_SG_Progenitor,4379.185863259198,2189.592931629599,0.9289340143137736
26dpb_p2,Fib_K14,SAC_SG_Progenitor,4572.2299569342495,2286.1149784671247,0.9305474769339801
26dpb_p2,Fib_K14,SAC_SG_Progenitor,4765.274050609301,2382.6370253046507,0.9324593993695112
26dpb_p2,Fib_K14,SAC_SG_Progenitor,4958.3181442843525,2479.1590721421762,0.935190219647675
26dpb_p2,Fib_K14,SAC_SG_Progenitor,5151.3622379594035,2575.6811189797018,0.9382103287462641
26dpb_p2,Fib_K14,SAC_SG_Progenitor,5344.4063316344555,2672.2031658172277,0.9411823679511352
26dpb_p2,Fib_K14,SAC_SG_Progenitor,5537.450425309507,2768.7252126547537,0.9440962573408718
26dpb_p2,Fib_K14,SAC_SG_Progenitor,5730.494518984558,2865.247259492279,0.9468228455706038
26dpb_p2,Fib_K14,SAC_SG_Progenitor,5923.5386126596095,2961.7693063298047,0.9490823456976439
26dpb_p2,Fib_K14,SAC_SG_Progenitor,6116.582706334661,3058.2913531673307,0.9512129228674475
26dpb_p2,Fib_K14,SAC_SG_Progenitor,6309.626800009713,3154.8134000048567,0.9533211230779896
26dpb_p2,Fib_K14,SAC_SG_Progenitor,6502.670893684764,3251.335446842382,0.9555263775502854
26dpb_p2,Fib_K14,SAC_SG_Progenitor,6695.7149873598155,3347.8574936799077,0.9578728589577216
26dpb_p2,Fib_K14,SAC_SG_Progenitor,6888.759081034867,3444.3795405174337,0.9602290143372657
26dpb_p2,Fib_K14,SAC_SG_Progenitor,7081.803174709919,3540.9015873549597,0.9627142303256598
26dpb_p2,Fib_K14,SAC_SG_Progenitor,7274.84726838497,3637.423634192485,0.9650367568389712
26dpb_p2,Fib_K14,SAC_SG_Progenitor,7467.8913620600215,3733.9456810300107,0.9671782842895598
26dpb_p2,Fib_K14,SAC_SG_Progenitor,7660.935455735073,3830.4677278675367,0.9690558317223098
26dpb_p2,Fib_K14,SAC_SG_Progenitor,7853.979549410125,3926.9897747050627,0.9708192364051739
26dpb_p2,Fib_K14,SAC_SG_Progenitor,8047.023643085176,4023.511821542588,0.9723520883420317
26dpb_p2,Fib_K14,SAC_SG_Progenitor,8240.067736760227,4120.033868380114,0.9736868570037003
26dpb_p2,Fib_K14,SAC_SG_Progenitor,8433.11183043528,4216.55591521764,0.9750649953170396
26dpb_p2,Fib_K14,SAC_SG_Progenitor,8626.155924110331,4313.077962055166,0.976510418583425
26dpb_p2,Fib_K14,SAC_SG_Progenitor,8819.200017785382,4409.600008892691,0.9781506047072478
26dpb_p2,Fib_K14,SAC_SG_Progenitor,9012.244111460433,4506.122055730217,0.9797323153073224
26dpb_p2,Fib_K14,SAC_SG_Progenitor,9205.288205135486,4602.644102567743,0.9813900277027521
26dpb_p2,Fib_K14,SAC_SG_Progenitor,9398.332298810537,4699.166149405269,0.9828789727271237
26dpb_p2,Fib_K14,SAC_SG_Progenitor,9591.376392485588,4795.688196242794,0.9843284076117789
26dpb_p2,Fib_K14,SAC_SG_Progenitor,9784.42048616064,4892.21024308032,0.9856494743933254
26dpb_p2,Fib_K14,Schwann,518.3039897581684,259.1519948790842,0.9988866222818885
26dpb_p2,Fib_K14,Schwann,711.3480834332199,355.67404171660996,0.9769366079497643
26dpb_p2,Fib_K14,Schwann,904.3921771082714,452.1960885541357,0.9382650986270177
26dpb_p2,Fib_K14,Schwann,1097.436270783323,548.7181353916615,0.9094937548614702
26dpb_p2,Fib_K14,Schwann,1290.4803644583744,645.2401822291872,0.9215282719716131
26dpb_p2,Fib_K14,Schwann,1483.524458133426,741.762229066713,0.9118373189813267
26dpb_p2,Fib_K14,Schwann,1676.5685518084774,838.2842759042387,0.9153566814175862
26dpb_p2,Fib_K14,Schwann,1869.612645483529,934.8063227417645,0.9265047858572998
26dpb_p2,Fib_K14,Schwann,2062.6567391585804,1031.3283695792902,0.9245377544332254
26dpb_p2,Fib_K14,Schwann,2255.700832833632,1127.850416416816,0.9290363098706521
26dpb_p2,Fib_K14,Schwann,2448.7449265086834,1224.3724632543417,0.9310505095814616
26dpb_p2,Fib_K14,Schwann,2641.789020183735,1320.8945100918675,0.9389295001577028
26dpb_p2,Fib_K14,Schwann,2834.8331138587864,1417.4165569293932,0.9365450713997236
26dpb_p2,Fib_K14,Schwann,3027.877207533838,1513.938603766919,0.9332616208456208
26dpb_p2,Fib_K14,Schwann,3220.9213012088894,1610.4606506044447,0.9340713707032078
26dpb_p2,Fib_K14,Schwann,3413.965394883941,1706.9826974419705,0.9372449179187017
26dpb_p2,Fib_K14,Schwann,3607.0094885589924,1803.5047442794962,0.939651942693953
26dpb_p2,Fib_K14,Schwann,3800.053582234044,1900.026791117022,0.9438064125034091
26dpb_p2,Fib_K14,Schwann,3993.0976759090954,1996.5488379545477,0.9499376072551454
26dpb_p2,Fib_K14,Schwann,4186.1417695841465,2093.0708847920732,0.9569192969360353
26dpb_p2,Fib_K14,Schwann,4379.185863259198,2189.592931629599,0.9594808708824016
26dpb_p2,Fib_K14,Schwann,4572.2299569342495,2286.1149784671247,0.9604641261168444
26dpb_p2,Fib_K14,Schwann,4765.274050609301,2382.6370253046507,0.9641815155622878
26dpb_p2,Fib_K14,Schwann,4958.3181442843525,2479.1590721421762,0.9662592386278475
26dpb_p2,Fib_K14,Schwann,5151.3622379594035,2575.6811189797018,0.968714793365171
26dpb_p2,Fib_K14,Schwann,5344.4063316344555,2672.2031658172277,0.9741436217141799
26dpb_p2,Fib_K14,Schwann,5537.450425309507,2768.7252126547537,0.9766596864708778
26dpb_p2,Fib_K14,Schwann,5730.494518984558,2865.247259492279,0.980339120314403
26dpb_p2,Fib_K14,Schwann,5923.5386126596095,2961.7693063298047,0.9782923808345034
26dpb_p2,Fib_K14,Schwann,6116.582706334661,3058.2913531673307,0.9758528463483751
26dpb_p2,Fib_K14,Schwann,6309.626800009713,3154.8134000048567,0.9743778641920771
26dpb_p2,Fib_K14,Schwann,6502.670893684764,3251.335446842382,0.9722099193647032
26dpb_p2,Fib_K14,Schwann,6695.7149873598155,3347.8574936799077,0.9729051308532038
26dpb_p2,Fib_K14,Schwann,6888.759081034867,3444.3795405174337,0.9730123258129632
26dpb_p2,Fib_K14,Schwann,7081.803174709919,3540.9015873549597,0.9734507055508754
26dpb_p2,Fib_K14,Schwann,7274.84726838497,3637.423634192485,0.9744892203543968
26dpb_p2,Fib_K14,Schwann,7467.8913620600215,3733.9456810300107,0.9753627063371709
26dpb_p2,Fib_K14,Schwann,7660.935455735073,3830.4677278675367,0.9749128172325937
26dpb_p2,Fib_K14,Schwann,7853.979549410125,3926.9897747050627,0.9736219026390682
26dpb_p2,Fib_K14,Schwann,8047.023643085176,4023.511821542588,0.9748018789758673
26dpb_p2,Fib_K14,Schwann,8240.067736760227,4120.033868380114,0.976158070974052
26dpb_p2,Fib_K14,Schwann,8433.11183043528,4216.55591521764,0.9770767295510506
26dpb_p2,Fib_K14,Schwann,8626.155924110331,4313.077962055166,0.9805025873266199
26dpb_p2,Fib_K14,Schwann,8819.200017785382,4409.600008892691,0.9832480240352044
26dpb_p2,Fib_K14,Schwann,9012.244111460433,4506.122055730217,0.9861259953931752
26dpb_p2,Fib_K14,Schwann,9205.288205135486,4602.644102567743,0.9882520750207495
26dpb_p2,Fib_K14,Schwann,9398.332298810537,4699.166149405269,0.9888414496517595
26dpb_p2,Fib_K14,Schwann,9591.376392485588,4795.688196242794,0.9890132361640186
26dpb_p2,Fib_K14,Schwann,9784.42048616064,4892.21024308032,0.9890449257278336
26dpb_p2,Fib_K14,cDC1,518.3039897581684,259.1519948790842,0.7827664383089418
26dpb_p2,Fib_K14,cDC1,711.3480834332199,355.67404171660996,0.7718982127916706
26dpb_p2,Fib_K14,cDC1,904.3921771082714,452.1960885541357,0.7763379290811601
26dpb_p2,Fib_K14,cDC1,1097.436270783323,548.7181353916615,0.7783348705445975
26dpb_p2,Fib_K14,cDC1,1290.4803644583744,645.2401822291872,0.806141367954619
26dpb_p2,Fib_K14,cDC1,1483.524458133426,741.762229066713,0.844510571009266
26dpb_p2,Fib_K14,cDC1,1676.5685518084774,838.2842759042387,0.8746384015666036
26dpb_p2,Fib_K14,cDC1,1869.612645483529,934.8063227417645,0.8824540295603887
26dpb_p2,Fib_K14,cDC1,2062.6567391585804,1031.3283695792902,0.8955121253001675
26dpb_p2,Fib_K14,cDC1,2255.700832833632,1127.850416416816,0.9072131817405286
26dpb_p2,Fib_K14,cDC1,2448.7449265086834,1224.3724632543417,0.9275435316883209
26dpb_p2,Fib_K14,cDC1,2641.789020183735,1320.8945100918675,0.9447591210743019
26dpb_p2,Fib_K14,cDC1,2834.8331138587864,1417.4165569293932,0.9541698651569069
26dpb_p2,Fib_K14,cDC1,3027.877207533838,1513.938603766919,0.9595065238181354
26dpb_p2,Fib_K14,cDC1,3220.9213012088894,1610.4606506044447,0.9519108464136885
26dpb_p2,Fib_K14,cDC1,3413.965394883941,1706.9826974419705,0.949975099517258
26dpb_p2,Fib_K14,cDC1,3607.0094885589924,1803.5047442794962,0.9478152784872923
26dpb_p2,Fib_K14,cDC1,3800.053582234044,1900.026791117022,0.9458578728433175
26dpb_p2,Fib_K14,cDC1,3993.0976759090954,1996.5488379545477,0.9483407382723555
26dpb_p2,Fib_K14,cDC1,4186.1417695841465,2093.0708847920732,0.9520575643840795
26dpb_p2,Fib_K14,cDC1,4379.185863259198,2189.592931629599,0.9552424141988872
26dpb_p2,Fib_K14,cDC1,4572.2299569342495,2286.1149784671247,0.9601495145194915
26dpb_p2,Fib_K14,cDC1,4765.274050609301,2382.6370253046507,0.9624962152410627
26dpb_p2,Fib_K14,cDC1,4958.3181442843525,2479.1590721421762,0.964521681579093
26dpb_p2,Fib_K14,cDC1,5151.3622379594035,2575.6811189797018,0.9644552320695648
26dpb_p2,Fib_K14,cDC1,5344.4063316344555,2672.2031658172277,0.9630914385368621
26dpb_p2,Fib_K14,cDC1,5537.450425309507,2768.7252126547537,0.9636942666701874
26dpb_p2,Fib_K14,cDC1,5730.494518984558,2865.247259492279,0.96480525941352
26dpb_p2,Fib_K14,cDC1,5923.5386126596095,2961.7693063298047,0.9655838441215774
26dpb_p2,Fib_K14,cDC1,6116.582706334661,3058.2913531673307,0.9643928516141946
26dpb_p2,Fib_K14,cDC1,6309.626800009713,3154.8134000048567,0.9672711535380876
26dpb_p2,Fib_K14,cDC1,6502.670893684764,3251.335446842382,0.9697714034723851
26dpb_p2,Fib_K14,cDC1,6695.7149873598155,3347.8574936799077,0.9729552502937496
26dpb_p2,Fib_K14,cDC1,6888.759081034867,3444.3795405174337,0.9746626666583006
26dpb_p2,Fib_K14,cDC1,7081.803174709919,3540.9015873549597,0.9750035274069752
26dpb_p2,Fib_K14,cDC1,7274.84726838497,3637.423634192485,0.9781849117116077
26dpb_p2,Fib_K14,cDC1,7467.8913620600215,3733.9456810300107,0.9772102126272002
26dpb_p2,Fib_K14,cDC1,7660.935455735073,3830.4677278675367,0.9768227233903424
26dpb_p2,Fib_K14,cDC1,7853.979549410125,3926.9897747050627,0.977889068779899
26dpb_p2,Fib_K14,cDC1,8047.023643085176,4023.511821542588,0.9771430343235815
26dpb_p2,Fib_K14,cDC1,8240.067736760227,4120.033868380114,0.9796930073566342
26dpb_p2,Fib_K14,cDC1,8433.11183043528,4216.55591521764,0.9803392303602122
26dpb_p2,Fib_K14,cDC1,8626.155924110331,4313.077962055166,0.9837351425327977
26dpb_p2,Fib_K14,cDC1,8819.200017785382,4409.600008892691,0.9870108599844379
26dpb_p2,Fib_K14,cDC1,9012.244111460433,4506.122055730217,0.988403804173537
26dpb_p2,Fib_K14,cDC1,9205.288205135486,4602.644102567743,0.9884316185951554
26dpb_p2,Fib_K14,cDC1,9398.332298810537,4699.166149405269,0.9877694373003686
26dpb_p2,Fib_K14,cDC1,9591.376392485588,4795.688196242794,0.9875961632002253
26dpb_p2,Fib_K14,cDC1,9784.42048616064,4892.21024308032,0.9870497483062811
26dpb_p2,Fib_K14,cDC2,518.3039897581684,259.1519948790842,1.176247082808367
26dpb_p2,Fib_K14,cDC2,711.3480834332199,355.67404171660996,1.0875017511297127
26dpb_p2,Fib_K14,cDC2,904.3921771082714,452.1960885541357,1.0311177922516026
26dpb_p2,Fib_K14,cDC2,1097.436270783323,548.7181353916615,1.0440546096012222
26dpb_p2,Fib_K14,cDC2,1290.4803644583744,645.2401822291872,1.072621727553055
26dpb_p2,Fib_K14,cDC2,1483.524458133426,741.762229066713,1.0829915721263232
26dpb_p2,Fib_K14,cDC2,1676.5685518084774,838.2842759042387,1.0885830044554727
26dpb_p2,Fib_K14,cDC2,1869.612645483529,934.8063227417645,1.075621183875744
26dpb_p2,Fib_K14,cDC2,2062.6567391585804,1031.3283695792902,1.062306446945681
26dpb_p2,Fib_K14,cDC2,2255.700832833632,1127.850416416816,1.05346413536331
26dpb_p2,Fib_K14,cDC2,2448.7449265086834,1224.3724632543417,1.0439716653378022
26dpb_p2,Fib_K14,cDC2,2641.789020183735,1320.8945100918675,1.0351584377706693
26dpb_p2,Fib_K14,cDC2,2834.8331138587864,1417.4165569293932,1.0319508953606142
26dpb_p2,Fib_K14,cDC2,3027.877207533838,1513.938603766919,1.0209781022422093
26dpb_p2,Fib_K14,cDC2,3220.9213012088894,1610.4606506044447,1.0115727345699006
26dpb_p2,Fib_K14,cDC2,3413.965394883941,1706.9826974419705,1.0010305312724388
26dpb_p2,Fib_K14,cDC2,3607.0094885589924,1803.5047442794962,0.9966284317724512
26dpb_p2,Fib_K14,cDC2,3800.053582234044,1900.026791117022,0.9932883248151219
26dpb_p2,Fib_K14,cDC2,3993.0976759090954,1996.5488379545477,0.9958555893182579
26dpb_p2,Fib_K14,cDC2,4186.1417695841465,2093.0708847920732,0.99404556265399
26dpb_p2,Fib_K14,cDC2,4379.185863259198,2189.592931629599,0.9944913056664508
26dpb_p2,Fib_K14,cDC2,4572.2299569342495,2286.1149784671247,0.9932956357615266
26dpb_p2,Fib_K14,cDC2,4765.274050609301,2382.6370253046507,0.9922870987426453
26dpb_p2,Fib_K14,cDC2,4958.3181442843525,2479.1590721421762,0.9898275878993875
26dpb_p2,Fib_K14,cDC2,5151.3622379594035,2575.6811189797018,0.9869708327788841
26dpb_p2,Fib_K14,cDC2,5344.4063316344555,2672.2031658172277,0.9867941893795247
26dpb_p2,Fib_K14,cDC2,5537.450425309507,2768.7252126547537,0.9883087312297832
26dpb_p2,Fib_K14,cDC2,5730.494518984558,2865.247259492279,0.9903510333093598
26dpb_p2,Fib_K14,cDC2,5923.5386126596095,2961.7693063298047,0.988702395585042
26dpb_p2,Fib_K14,cDC2,6116.582706334661,3058.2913531673307,0.9910658603093648
26dpb_p2,Fib_K14,cDC2,6309.626800009713,3154.8134000048567,0.9909566497738667
26dpb_p2,Fib_K14,cDC2,6502.670893684764,3251.335446842382,0.9897814204608175
26dpb_p2,Fib_K14,cDC2,6695.7149873598155,3347.8574936799077,0.9896131290122341
26dpb_p2,Fib_K14,cDC2,6888.759081034867,3444.3795405174337,0.9872838786375584
26dpb_p2,Fib_K14,cDC2,7081.803174709919,3540.9015873549597,0.9868073011697562
26dpb_p2,Fib_K14,cDC2,7274.84726838497,3637.423634192485,0.9886918912473597
26dpb_p2,Fib_K14,cDC2,7467.8913620600215,3733.9456810300107,0.988658274434702
26dpb_p2,Fib_K14,cDC2,7660.935455735073,3830.4677278675367,0.9874699728468785
26dpb_p2,Fib_K14,cDC2,7853.979549410125,3926.9897747050627,0.9864345550416374
26dpb_p2,Fib_K14,cDC2,8047.023643085176,4023.511821542588,0.9862889508305985
26dpb_p2,Fib_K14,cDC2,8240.067736760227,4120.033868380114,0.9846351540234733
26dpb_p2,Fib_K14,cDC2,8433.11183043528,4216.55591521764,0.9847539103449713
26dpb_p2,Fib_K14,cDC2,8626.155924110331,4313.077962055166,0.9847242385717626
26dpb_p2,Fib_K14,cDC2,8819.200017785382,4409.600008892691,0.9841592178858379
26dpb_p2,Fib_K14,cDC2,9012.244111460433,4506.122055730217,0.9829477565813463
26dpb_p2,Fib_K14,cDC2,9205.288205135486,4602.644102567743,0.9816360172937689
26dpb_p2,Fib_K14,cDC2,9398.332298810537,4699.166149405269,0.9791540735749542
26dpb_p2,Fib_K14,cDC2,9591.376392485588,4795.688196242794,0.9771687365457684
26dpb_p2,Fib_K14,cDC2,9784.42048616064,4892.21024308032,0.9773854497708315
26dpb_p2,Fib_K14,pDC,518.3039897581684,259.1519948790842,1.0488034840668372
26dpb_p2,Fib_K14,pDC,711.3480834332199,355.67404171660996,0.9818116668359025
26dpb_p2,Fib_K14,pDC,904.3921771082714,452.1960885541357,0.9564653073114266
26dpb_p2,Fib_K14,pDC,1097.436270783323,548.7181353916615,0.936665520557122
26dpb_p2,Fib_K14,pDC,1290.4803644583744,645.2401822291872,0.9496364757006698
26dpb_p2,Fib_K14,pDC,1483.524458133426,741.762229066713,0.9655002556925243
26dpb_p2,Fib_K14,pDC,1676.5685518084774,838.2842759042387,0.9736303392497071
26dpb_p2,Fib_K14,pDC,1869.612645483529,934.8063227417645,0.9724429162563356
26dpb_p2,Fib_K14,pDC,2062.6567391585804,1031.3283695792902,0.9734511834338746
26dpb_p2,Fib_K14,pDC,2255.700832833632,1127.850416416816,0.9698362681818491
26dpb_p2,Fib_K14,pDC,2448.7449265086834,1224.3724632543417,0.9721134632053691
26dpb_p2,Fib_K14,pDC,2641.789020183735,1320.8945100918675,0.9737277886330883
26dpb_p2,Fib_K14,pDC,2834.8331138587864,1417.4165569293932,0.9735063431373809
26dpb_p2,Fib_K14,pDC,3027.877207533838,1513.938603766919,0.9773072192189719
26dpb_p2,Fib_K14,pDC,3220.9213012088894,1610.4606506044447,0.978365704174755
26dpb_p2,Fib_K14,pDC,3413.965394883941,1706.9826974419705,0.9815393074080923
26dpb_p2,Fib_K14,pDC,3607.0094885589924,1803.5047442794962,0.9843393512055644
26dpb_p2,Fib_K14,pDC,3800.053582234044,1900.026791117022,0.9855297560535528
26dpb_p2,Fib_K14,pDC,3993.0976759090954,1996.5488379545477,0.9846076095442273
26dpb_p2,Fib_K14,pDC,4186.1417695841465,2093.0708847920732,0.9833685310183989
26dpb_p2,Fib_K14,pDC,4379.185863259198,2189.592931629599,0.9828786177684359
26dpb_p2,Fib_K14,pDC,4572.2299569342495,2286.1149784671247,0.9824866454791434
26dpb_p2,Fib_K14,pDC,4765.274050609301,2382.6370253046507,0.9810676090165036
26dpb_p2,Fib_K14,pDC,4958.3181442843525,2479.1590721421762,0.9800095463167748
26dpb_p2,Fib_K14,pDC,5151.3622379594035,2575.6811189797018,0.9800698802075467
26dpb_p2,Fib_K14,pDC,5344.4063316344555,2672.2031658172277,0.9799007326606027
26dpb_p2,Fib_K14,pDC,5537.450425309507,2768.7252126547537,0.9797431536209665
26dpb_p2,Fib_K14,pDC,5730.494518984558,2865.247259492279,0.9805340950712698
26dpb_p2,Fib_K14,pDC,5923.5386126596095,2961.7693063298047,0.9797547406913194
26dpb_p2,Fib_K14,pDC,6116.582706334661,3058.2913531673307,0.9803096494854621
26dpb_p2,Fib_K14,pDC,6309.626800009713,3154.8134000048567,0.980891892824919
26dpb_p2,Fib_K14,pDC,6502.670893684764,3251.335446842382,0.9824424846308285
26dpb_p2,Fib_K14,pDC,6695.7149873598155,3347.8574936799077,0.9832937543724587
26dpb_p2,Fib_K14,pDC,6888.759081034867,3444.3795405174337,0.9846955109444555
26dpb_p2,Fib_K14,pDC,7081.803174709919,3540.9015873549597,0.9846995514630283
26dpb_p2,Fib_K14,pDC,7274.84726838497,3637.423634192485,0.9853869118734148
26dpb_p2,Fib_K14,pDC,7467.8913620600215,3733.9456810300107,0.9859653089981425
26dpb_p2,Fib_K14,pDC,7660.935455735073,3830.4677278675367,0.9875299338750847
26dpb_p2,Fib_K14,pDC,7853.979549410125,3926.9897747050627,0.9892753313227765
26dpb_p2,Fib_K14,pDC,8047.023643085176,4023.511821542588,0.9903229007009665
26dpb_p2,Fib_K14,pDC,8240.067736760227,4120.033868380114,0.9907994185945482
26dpb_p2,Fib_K14,pDC,8433.11183043528,4216.55591521764,0.9919229490202787
26dpb_p2,Fib_K14,pDC,8626.155924110331,4313.077962055166,0.9916253263439891
26dpb_p2,Fib_K14,pDC,8819.200017785382,4409.600008892691,0.9917251012901125
26dpb_p2,Fib_K14,pDC,9012.244111460433,4506.122055730217,0.9924757721815904
26dpb_p2,Fib_K14,pDC,9205.288205135486,4602.644102567743,0.9929314007558265
26dpb_p2,Fib_K14,pDC,9398.332298810537,4699.166149405269,0.9937229920189555
26dpb_p2,Fib_K14,pDC,9591.376392485588,4795.688196242794,0.9940263972620881
26dpb_p2,Fib_K14,pDC,9784.42048616064,4892.21024308032,0.9947924588793762
