KC_Basal	KC_Basal_Quies	KC_Basal_Mig	KC_Basal_Prolif	KC_Spinous	KC_Spinous_Mig	KC_Spinous_Mat	KC_Granular	SAC_SG_Progenitor	SAC_SG_Clear	SAC_SG_Dark	SAC_SG_Ductal	SAC_HF_HFSC	SAC_HF_DP_DS	SAC_HF_Matrix	SAC_HF_ORS	SAC_HF_IRS	Melanocyte	Fib_Papi	Fib_SFRP2	Fib_Fasci	Fib_EN1	Fib_Inflama	Fibrocyte	Fib_Myo	Fib_Prolif	Fib_K14	Endo_Arterial	Endo_Venous	Endo_Lymphatic	Endo_Capillary	Endo_Prolif	Pericyte	Neuron	Schwann	M1_Macrophage	M2_Macrophage	LAM	Neutrophil	Mast	cDC1	cDC2	pDC	LGHS	B_Mature	B_Plasma	CD4_T	CD8_T	NK
ALX1	0.16747688551045	0.141835663615872	0.0922451394475399	0.0793845916218103	0.128229292747639	0.134296831321121	0.0785869218329682	0.29521203470455	0.0175326808949525	0.0169278550070093	0.0443182093070713	0.0820011187871607	0.00140714262955632	0.00687093714505083	0.00183495882570284	0.00674176090001644	0.00361493234240495	0.370335476831547	0.0203684739436568	0.063475483347923	0.0167384143955369	0.0228527994373633	0.0448520347129069	0.0407428138411243	0.0746511495244897	0.0135776442636287	0.0468133403910339	0.0376288862960784	0.100484075845929	0.00894726442583071	0.0370638712618185	0.00877172281915173	0.0684549081428126	0.0217668922636841	0.0306888382166053	0.0199873230191456	0.0166869843725006	0.0208208763382404	0.00174904005518517	0.032233141596216	0.00191853683827437	0.0102138888804918	0.00373811816208569	0.00745352557377377	0.00665636087227806	0.00271136619223178	0.0345615676543307	0.0223102762610883	0.0032955242113849
AR	0.234787683333581	0.267657010079004	0.11379142569791	0.105587813161144	0.226863171470208	0.175853835526572	0.121343731248791	0.275528282022772	0.0474034882237007	0.0245718765927337	0.105493306769783	0.0769795367669703	0.00454205282093789	0.00478273808321072	0.00100673952281194	0.00447340482428604	0.00259546388131571	0.0222781567468671	0.0176580533044344	0.0523043980091051	0.0153125751422478	0.0204724485718037	0.0212149223698275	0.0258721875165707	0.0768646378467981	0.0102027002765867	0.0386689150776415	0.0196257404927265	0.0667073945530009	0.0078229092150226	0.0328696916415544	0.00440707048958755	0.0585564350041224	0.0283389751583334	0.00837888114144325	0.00760915714360877	0.00338757046747662	0.00438257564825739	0.00181566339692329	0.0120985390274116	0.00149849833417592	0.00603974414072916	0.00251658149076739	0.00552722922463034	0.00687307026277539	0.00387063678978072	0.0290308842961944	0.014243624006411	0.00267718419669349
ARID3A	0.195278480127749	0.159820947798095	0.111940314364937	0.0928001485974872	0.13520627106803	0.12718111468985	0.0698987675919736	0.193516928294389	0.0247704347942304	0.0172840937472591	0.0635300984782903	0.0846025187775842	0.0015548658385458	0.00319757583784419	0.00168617742463217	0.00775434695663679	0.00377554930736723	0.0342240678891892	0.0291204903195446	0.0473174167973245	0.0183242636555931	0.0191848771605905	0.0625868920120423	0.141915136477101	0.0785917460339502	0.0252449387926019	0.0604004769069184	0.0397956926122934	0.107405161434436	0.0113239262332314	0.0402154550302742	0.0111450754326037	0.0943273774367361	0.019102528396745	0.0108806446999314	0.137683525003717	0.10739374012734	0.0851393122127466	0.00618672155565525	0.0550482162188365	0.0191308908116284	0.0601385733174535	0.0606410537713504	0.0368123069152395	0.0415943438627857	0.0213382201547583	0.145359267011868	0.0760737010626797	0.0156377512595525
ARID5A	0.274440523506648	0.187422166651003	0.137052956478574	0.123977476939851	0.153738294974292	0.167295748601459	0.0824493113355385	0.247007759558163	0.0358848977421471	0.0612777330503649	0.0931005150822721	0.129988875680301	0.00389533286290733	0.00811455008614592	0.0031336176286596	0.0112722392065702	0.00631296371549239	0.0401939896127128	0.0302256132873323	0.0735744302971533	0.0245215234811839	0.0258252187647495	0.0593170597733426	0.0596631557241044	0.1421607753706	0.0262693144626531	0.0680906926156697	0.0680639005847827	0.157052708565487	0.0121533231325887	0.0544012217104947	0.016363985330077	0.141737372215236	0.0113876600950633	0.0144129474541399	0.0328254601730853	0.0262996725915593	0.0210503441945071	0.00310885289682883	0.0256493069312793	0.00361546572753768	0.0148879383124881	0.00807213755047742	0.0103572887242809	0.0113576769795815	0.00408065741906016	0.0614590824341259	0.0303821747286048	0.00578874800263307
ASCL1	0.103870874201566	0.103310080790119	0.0479979858937687	0.0540441683599753	0.0960096001244302	0.0767037807307891	0.0566501189471964	0.108264338190418	0.0132649509612108	0.0108697495808717	0.0497469483322122	0.0471372936400744	0.00114380748557585	0.00219154247992781	0.000127030066512823	0.00238926637326453	0.00101180476425533	0.0120119155007823	0.0140183889867806	0.0274455550240311	0.0118070940118498	0.0141337124237177	0.0173478845141699	0.0240633176951194	0.0369738283500232	0.00817672057140539	0.0235639092199991	0.0141826143657433	0.0472516027013508	0.00610229920037775	0.017714434717468	0.00546635340157575	0.0333321431753657	0.0286489191535793	0.00709901243813227	0.00346975677505035	0.00366796131312752	0.00407007037544482	0.00103280402592509	0.0102895823417865	0.00039837155485789	0.004712102296488	0.00379954478762201	0.00650697836439473	0.00940144755569583	0.0038197905586177	0.029767026160008	0.0144483106312173	0.00352294772059603
ATF2	0.0416262721469164	0.0613486688076663	0.00921045715967739	0.0215717383994116	0.0568680119478817	0.0376326024776508	0.0352497679034449	0.0531410058046977	0.00348142961610565	0.00460422992418552	0.0227751830621723	0.0199416154937906	0.0010170453105901	0.00190691493142736	0.00117834852120047	0.00128610009566965	0.00167321903866047	0.00872435413265094	0.00940435142426399	0.0348566250942834	0.0100049771458478	0.0117653100519608	0.00518477104074111	0.0113315057569782	0.0363912445986091	0.00425645285666487	0.0191001455906097	0.0209824254989526	0.037359444946053	0.00301679843930591	0.0241883842060944	0.00811662183888595	0.0336047618319963	0.116744331730281	0.0122330239890084	0.00127978229779246	0.00156789966883997	0.00246517833339976	8.88178419700125e-16	0.00653767209720857	0.00271064837586543	0.00738917097583092	0.00192687443941864	0.00392442305855023	0.00552519014521224	0.00240641085856386	0.0311838398006021	0.0134376691218802	0.00192557389180847
ATF3	0.287235379863609	0.183271696692285	0.183397672862936	0.129599073457411	0.143260546093853	0.180405285222231	0.0777692570330563	0.2555381061163	0.0346143010033678	0.0500840916235681	0.0864711871424446	0.159130373901933	0.00425125176292607	0.00876049695578529	0.00338930770835577	0.012682495779033	0.00542663863924919	0.0351055055060077	0.0325672030607591	0.0733966255370618	0.0258407490372534	0.0242635684750433	0.0859310800814382	0.0606105492984295	0.142318796969408	0.0339289700741456	0.0697109958008026	0.0496856802429888	0.115184177625018	0.00740948432830746	0.0383385462925766	0.0122377842499629	0.12089752910827	0.00657198809755788	0.0100356991606099	0.0356165132992041	0.0301431892842704	0.0238187672370933	0.00306265177545717	0.0209829938876036	0.00330220110403734	0.0132467197000057	0.00638837606499187	0.0095954667582121	0.00840584378110076	0.00304180473663285	0.0407030390280954	0.0206355273901928	0.00391514611225485
ATF4	0.274735910781612	0.209798991452925	0.154616757870506	0.14209738894537	0.170111681654135	0.197156005111234	0.0957291957955231	0.290406596761872	0.0313204354720982	0.0381508847135046	0.0820937812789497	0.131147593895893	0.00337349460371372	0.00669495584661228	0.00264207843510578	0.00894535305362587	0.00403152132316476	0.0355200455090005	0.0278162388908501	0.0720069366323013	0.0297978936580358	0.0258551307141752	0.0603281708160806	0.0557917213800698	0.118158245061787	0.0277823509141171	0.0596697866904328	0.0503512410309024	0.130260965291119	0.00938872578786443	0.0424143990397987	0.0143931859431323	0.107952280816168	0.00938520886275307	0.0113572254163491	0.0235153458804698	0.0188827377304563	0.0156637685585321	0.0023169958138487	0.0247701402928515	0.00366821630561454	0.0133787698200883	0.00809840303849874	0.00914597592899091	0.0112382553872952	0.00418534064633291	0.0639685850013915	0.0299638627169063	0.00545607390831038
ATF5	0.217595033479935	0.155268267722749	0.14498272056819	0.125699088523275	0.125005742660893	0.177227886428555	0.0753198532511374	0.253750240867418	0.0257220711035231	0.0240541260076477	0.0469998752937666	0.104485048762073	0.00219545524437548	0.00464556875849342	0.0031146943186533	0.0118791479677485	0.00525908213284154	0.0331811672097183	0.0317212472529995	0.0697310179298157	0.0260485902012513	0.021472916734758	0.103223572769311	0.117168593998509	0.0827760057658566	0.0384907684981788	0.0627318293723728	0.0511876128659794	0.118834178520876	0.01071021054676	0.0375559100043157	0.0150511654336545	0.0771012751254937	0.0106337892802012	0.00879454315817574	0.130510198549548	0.125138352577552	0.0985743600090587	0.00563611292184185	0.0378433760390531	0.00904021035061398	0.0426685317205875	0.0235756510832242	0.0259947358722334	0.0191048551530568	0.00636260373473074	0.0715898963100738	0.0370224531807131	0.00768066012501767
BACH2	0.0776126304452025	0.0421615734335048	0.0168426628399686	0.0251714047208288	0.0415105527942128	0.0342736849854749	0.0265457883382649	0.0489478227577367	0.0108776044062431	0.0142329393687242	0.0395960960582569	0.0464546773696535	0.00121431536448502	0.00329019999970093	0.000778075155234648	0.0028184524570829	0.00229677777586657	0.0146399965436477	0.00832940980022845	0.0287125916571229	0.0128998343563824	0.0155213589466754	0.0111218094686658	0.0709501019801595	0.0167045045390588	0.00638250209736957	0.0407303576966802	0.0210890075499823	0.0218534425034622	0.00511441838520754	0.013276863896808	0.00398921256200158	0.0133327417960878	0.0441943362260743	0.0178672903279559	0.0202204952691106	0.00918591457385354	0.00842134238918124	0.00300846233904517	0.00606548943631946	0.00391889073002383	0.0231734186321899	0.00462316686437969	0.00681828222112224	0.0212480284596674	0.00334739615241242	0.11405291031434	0.203425756888686	0.145365225003447
BATF	0.245233643626675	0.199401460247521	0.150203697956582	0.115049809429535	0.168432495876589	0.174356672848886	0.0878500515574585	0.253363768849944	0.0214415737092724	0.0213278336810105	0.0542975329330981	0.101411517848503	0.00167336521550743	0.00401160295294334	0.00196577590674896	0.00916807300747258	0.0043556185493473	0.0342295029528422	0.0254796400056543	0.0635924953132629	0.0207049928501222	0.0198549280330294	0.0594421231101052	0.091925584827415	0.0844158311990792	0.0246088062151744	0.0606193619101811	0.0600211549924607	0.147358678738568	0.00891336917360841	0.0480463331680068	0.0167942743503762	0.0808626184408341	0.0169391922322023	0.00889574543620064	0.0497873865443477	0.0406342097140042	0.0321507921767141	0.00325226620851904	0.116628652276098	0.00489101525933011	0.0216273368347395	0.0117314241795089	0.0150385131463389	0.0159727114309069	0.00633412706766068	0.118476697236033	0.0554568602943966	0.0105157688756408
BCL3	0.273629369676107	0.181995369912226	0.173006619715938	0.129207976747053	0.145406662771044	0.174952493530153	0.0799513219213455	0.267761046318729	0.0389781026450204	0.0619363524686077	0.0904430508380956	0.145128962675975	0.00468204279180984	0.00883794268251781	0.00393367705392	0.014258186658423	0.00717350555374119	0.0369503761123978	0.0285651291343496	0.0715946793350583	0.0256564326770858	0.0243798397162496	0.0761001697286721	0.0687435567078922	0.111183918782496	0.0289492891402616	0.0649642760636779	0.0570201293253718	0.138500224369325	0.00880610883536337	0.0451315851452267	0.0146239790081957	0.0994001782013969	0.00858658069929608	0.0100956877986648	0.0487494408151257	0.0395762899279547	0.0315447680425023	0.00385410919799289	0.0252856718781242	0.00520665620826732	0.0188999855485007	0.00951703516851055	0.0125917819583207	0.0117550405827141	0.00412815422767232	0.0577599749343982	0.0280035384056215	0.00545352670771115
BHLHE40	0.284946404207946	0.197300441423135	0.176459048368384	0.119962443962845	0.156132357025884	0.169623769406787	0.0823338705225303	0.269999970287919	0.0322213045105858	0.0610451886381224	0.0873673952950138	0.158528082431715	0.00411953978790902	0.00930080953363988	0.00329932186005588	0.0129594087984957	0.00534112555867838	0.0282120629620886	0.0262132175481382	0.0658563859699571	0.0221961810670268	0.0224477107474316	0.0750066444810971	0.0637572579524324	0.114178906085357	0.0269448775086267	0.0660767881053793	0.0485572074539471	0.117841242815435	0.00670757958010348	0.037469122974697	0.0115348214884539	0.104793827788503	0.00650529982362236	0.00860346416152757	0.0434703415227791	0.0364679445284641	0.0290294819345187	0.00323308594958716	0.0225731941176882	0.0031858192240215	0.0143228256223566	0.00585889924959193	0.0114143281137257	0.00889459410497817	0.00359144266501099	0.0425360026750898	0.0221419788386906	0.00458694015066374
BRCA1	0.28475186838664	0.214947921964538	0.153554126147632	0.339398358440487	0.167279648645682	0.211725403877197	0.0917748391315889	0.264503002870965	0.0215480869095113	0.018607364909655	0.0542098930263644	0.107483947633428	0.0026101700314507	0.0042964254948793	0.0071809167045358	0.00787627437204863	0.00343423380542607	0.0274006450054398	0.0197170948642313	0.0389230080023906	0.018688734009096	0.0139353549093686	0.0408870293064976	0.0440695423383928	0.0764784439716319	0.0636750443640366	0.0491050352217586	0.0286528900852698	0.085596462082256	0.00720295291136241	0.0282524782952396	0.0299507814944202	0.0712705906020822	0.0116815673634711	0.00770543462133022	0.0151868213491326	0.0124542151987048	0.0111949774027438	0.00187068116017186	0.017359466190966	0.00307951183419486	0.00817099641817687	0.00557960295681936	0.0076349765877759	0.00766933706622785	0.00615653066599642	0.0431390036081274	0.0193170480111802	0.00335966968381107
CDX1	0.230700584944327	0.288765299408606	0.140596852978348	0.0861919876941805	0.269907438493867	0.156531732031508	0.135965926945052	0.2750110022774	0.015895438038573	0.00945672107779982	0.042550231078984	0.0708653865809676	0.000446924032675655	0.00211053551863771	0.000555585112647194	0.00318522751207806	0.00177468235246225	0.0248779712408658	0.0166144744472694	0.0281174635696707	0.0111804848796113	0.0173648463949672	0.0208167931240166	0.0290594957102733	0.0498101006578933	0.00855477429178964	0.0391290589822606	0.0197322777958502	0.0710276030790966	0.00778058568841944	0.0312372792934168	0.00470698867253627	0.0512334676428592	0.034305333280047	0.0100461183623699	0.00888135863468986	0.00365897250152702	0.00376780288385314	0.000674178109605572	0.0118308393209582	0.00148605102443278	0.00570907287883859	0.00411426845415819	0.0081806437117441	0.00852484263643993	0.00414703462210808	0.0372025247633547	0.0180247997260505	0.00233098681454424
CEBPA	0.247128391929958	0.234415725164609	0.190640452275189	0.150533639460911	0.202568873925227	0.258021881292603	0.136390929933318	0.488659469843211	0.0203444177899419	0.0163006356217887	0.0479179418917848	0.117668457624554	0.00166775170273914	0.00377321935028929	0.00209504442552599	0.00923927270165459	0.00271804720176649	0.0234561354112497	0.0102075550675951	0.0209771194609556	0.00633433245711423	0.00645579269437513	0.0262776764972463	0.035901494704541	0.0323558755955132	0.00985119531025525	0.0455468978579061	0.0135832036547316	0.0396350016146227	0.00414845271347586	0.0124284167526125	0.00439232211675744	0.0311782582011195	0.00403006742421652	0.0033125087886734	0.010674098091956	0.00861234668513622	0.00792663349526823	0.00135357606576081	0.00791931402168444	0.000871181678240296	0.00359992795362207	0.001875190071984	0.00393914004323925	0.00266216335079217	0.00171159209325888	0.0120028804620071	0.00583203045174174	0.00103465204764508
CEBPB	0.263712007827649	0.182062795820841	0.191005699697287	0.142046478877036	0.147430051331405	0.215004057875595	0.0937546499124959	0.348266388045744	0.032194085911346	0.0379939065671795	0.0690780807486513	0.136680106684915	0.00340587646775248	0.00659944125199396	0.00367248678618581	0.0140171354708883	0.00569258659231764	0.0299916911649243	0.0320620715408266	0.0690841346086375	0.0231392940114118	0.0212666710234055	0.0924282050792927	0.0645054980860627	0.0944024926716311	0.034574340051729	0.0656558019660969	0.035178881088922	0.0895086847256961	0.00674277970086679	0.0280428908603352	0.0105347890296431	0.0864311304834497	0.00574033170417643	0.00772259970369826	0.0445918327407484	0.0393995661136464	0.0318550155530752	0.00322434342753197	0.0191189921223868	0.00326128842722695	0.0133342988999581	0.00608342505369008	0.00938614921325653	0.00730202079938502	0.00325242904347967	0.0324270607794412	0.0164577766952241	0.0030736439299015
CEBPD	0.27901927677673	0.187686009502985	0.183517805018519	0.135860385924571	0.150566976365656	0.194499533650857	0.0871186427028285	0.296140800101997	0.0369644728621443	0.0547907623974349	0.0866601661866822	0.14430819596717	0.00422662672142815	0.00811647809359561	0.00388254164135926	0.0140990229928665	0.0068343356989784	0.0333447746471028	0.030011290667867	0.0729967118722726	0.0243126966597671	0.0233047456382532	0.081929242351652	0.0630696316949452	0.106057649201856	0.0308155255390119	0.0666007545452261	0.0453626842355551	0.113123054439868	0.00794799466897045	0.0364994531862537	0.0122105282852472	0.0962049661514593	0.00846375139515576	0.00972760226456049	0.0416968512144645	0.0360212949914593	0.0283800398369646	0.00352540787263311	0.0216336228557361	0.00347169994100005	0.0142457926062896	0.00659322716194	0.00988252306436377	0.00867074448458405	0.00332147725993137	0.0442263221135848	0.0216160951332651	0.00404726973997138
CEBPE	0.267119878187921	0.182146326002814	0.196999612311371	0.110817456917716	0.148168102090558	0.150215418199871	0.0668933634149482	0.167002244564479	0.0242651313675443	0.0199681692801972	0.0506297395169135	0.110939385889946	0.00197505056888858	0.00464832262718473	0.0029428169358916	0.0126322291061021	0.00567742717000241	0.0434912976791482	0.0405727840675083	0.099638531408097	0.0305575283142498	0.0292078195816721	0.103648768426292	0.0874702407267542	0.12246960343348	0.0391036970148901	0.0718110989761962	0.0335293326724756	0.0875924342942784	0.00943143491767173	0.0282056576834726	0.00903781941487081	0.114465817097203	0.00870342142369829	0.00932359520280346	0.0876849529845443	0.0777702729574095	0.086316885322882	0.00407509721277033	0.0262263283354334	0.00572968788067951	0.0220848048787112	0.0107481173264772	0.0142410672639004	0.0116820297765337	0.00654200297188212	0.04218308131788	0.0235159413309713	0.00382809648697946
CLOCK	0.0881412931762999	0.0960846483298741	0.0196068286819714	0.0429481669894149	0.0867878499833381	0.0635777185902915	0.0498937465269174	0.0944802943585732	0.00842480066941731	0.0116614581842391	0.0419598462971549	0.0391844462899433	0.000716883363332865	0.00209140628370152	0.000376525989887355	0.00113227468870392	0.00183550223118045	0.0338105314958808	0.0151608037899558	0.0363267886495516	0.0194753423816002	0.0113079957416905	0.0111463909742903	0.0165665300183189	0.257110626169664	0.0128695773927103	0.0314115575580329	0.0139867767513483	0.0525108139048329	0.0126563144052572	0.0179025708476236	0.00552391192226109	0.0802995174645607	0.106613434797874	0.0175666698915675	0.00225187805429439	0.00374341587199867	0.00216393989777131	0.000465248752269387	0.0102803563771152	0.0010922820781174	0.00680007123246784	0.00205333447333189	0.00337073218910144	0.0053983436605517	0.00328788047002027	0.0335459383663035	0.0150791141905909	0.00330134615977973
CREB3L1	0.2475891883445	0.17660107596114	0.125716339230091	0.117793457314273	0.145400885845162	0.1633271273196	0.0805854194785942	0.249747256313047	0.0336639648549073	0.0291396729671402	0.0851012894812507	0.102051128776366	0.00279312410347343	0.00493089548313697	0.00245586024534916	0.00899057560315453	0.00441046318313831	0.0371449827594968	0.0671305686981134	0.161235868744459	0.052418505652374	0.053719920129804	0.159087841418101	0.0585426761351706	0.159051653100312	0.0590477022183042	0.078301215220614	0.0401456010003267	0.109601332439486	0.0103352648293848	0.0370690677920198	0.0124406963063596	0.152365114229042	0.0131588472799756	0.0152378553764727	0.0244267764093009	0.0217603429898574	0.018446054982346	0.00242637828064352	0.0199480635435196	0.00225916654580804	0.00868094480409054	0.00537991033128304	0.00690961004527113	0.00662858131294852	0.00486522062243311	0.031733878355668	0.0158418722468343	0.00270838545752394
CREB3L2	0.257827594915739	0.204534987211247	0.128934865160351	0.127120078185018	0.168911327794602	0.180379621420415	0.0937284537492571	0.278665226508629	0.039518442344584	0.0455008562179393	0.10282509742654	0.120684174963853	0.00387809745979706	0.00692670666575124	0.00266187759442782	0.00919781675710607	0.00491970845873824	0.0417078077986863	0.0357619660967206	0.0882138938342777	0.0319857287382251	0.0321361325580611	0.0731324934257647	0.0529601974788767	0.140614237274086	0.0319971258639636	0.0638441120308271	0.0538082361408995	0.140667787681225	0.0112850741904758	0.0490985460332196	0.0149750284887892	0.129385861764431	0.0128668951586328	0.0157353638453157	0.0236129413938022	0.0207726180061967	0.0176957462395472	0.00264693326813503	0.027304781798401	0.00286044342030356	0.0113544990487789	0.00694174245071233	0.00909361928533492	0.00948365216847002	0.00561052343252977	0.0470409447327054	0.0238196724801449	0.00422281186029683
CREM	0.0766423320072522	0.0727413658556524	0.0538671468492047	0.0323667909180254	0.0728720795756393	0.0468535976484317	0.0312980070216892	0.070843076222544	0.0118552246283795	0.00551987018808875	0.0183333947634439	0.037516045360859	0.000462348999170414	0.00130911829189384	0.00109769397493786	0.00579186619952732	0.00354966705691795	0.0112804854639158	0.0167004474574071	0.0242902473474902	0.00525711794076344	0.00718226020805579	0.0385740740310184	0.237276125763682	0.0359058884233667	0.0148917573345255	0.0502313937916085	0.0288721202494789	0.0491641497595944	0.0156514658242337	0.0186918950967427	0.00639389968193238	0.0324552082994887	0.013189161725661	0.00321627776615352	0.230727150043567	0.198482711539799	0.156898846239628	0.00893681518142064	0.129318790195712	0.0232146696602424	0.0944115955440021	0.0506486405763691	0.0616291132652519	0.0605421483798212	0.0140305713977561	0.280967761325123	0.151475798895979	0.0309585655449283
CUX1	0.129494572588646	0.215146086026802	0.0774922340669428	0.0437062922173248	0.234232803914809	0.0782567346661038	0.098494702101612	0.108231709212879	0.00709104908599922	0.00509119098710009	0.0262846232070597	0.0434649935430141	0.000400487689960149	0.00072790315152127	-2.22044604925031e-16	0.000385671518790431	-6.66133814775094e-16	0.0118658003315044	0.00787462743343459	0.0117950031563732	0.00840063021731052	0.00707030318005808	0.00463460402722116	0.0136350079182586	0.0197076048455651	0.00595313038822498	0.0166315936029864	0.0102883362871411	0.0286053357449769	0.00459121650022498	0.0107666368825243	0.00395693556929166	0.0189648734041015	0.0744530070849647	0.0038296159673894	0.00285335777901663	0.000633629942480063	0.000874333183999876	1.55431223447522e-15	0.00834451493970534	0.00235830935274794	0.00295432016007746	0.00123269429476114	0.00324581033191651	0.00432865331169641	0.00401159373474669	0.031213483779182	0.0148378108810445	0.000909624957361577
CUX2	0.228167611178885	0.166076573178635	0.132143474790411	0.0977970830389527	0.141694147916837	0.139057173919105	0.0812172294703855	0.239597730238087	0.0666354443290116	0.0466807261709667	0.24596304867645	0.11493726840585	0.0047648694756004	0.00701432306537209	0.00175268991817812	0.00713231891287303	0.00480700603339912	0.0355099484535211	0.0201899264580989	0.0621675276743636	0.0146008404429201	0.0239187828426423	0.02635309997733	0.037102979023899	0.1053666201559	0.0110857360586296	0.0565305038238131	0.0416999545275376	0.110155706492756	0.00930521382845728	0.0521623381579785	0.00746060875511834	0.12104841476693	0.0381512426603179	0.0148742523045909	0.00963442131487102	0.00677827823043209	0.00510589876174439	0.00398196876421764	0.0191140693308782	0.00163008936016362	0.00722997380838786	0.0044645045468561	0.00623627679827843	0.00775570405122017	0.00367162305999158	0.0339027489372199	0.0180766306458515	0.00325336913784757
DMRTA2	0.0461126036439877	0.0321863596323884	0.0251887970271873	0.0276411202412998	0.0291821408338487	0.0370065966745116	0.0187969379500721	0.0323493168803377	0.0095436024298643	0.0115375494699665	0.0231842521080605	0.0279127830259314	0.000759791506444674	0.00317091283210802	0.000748278030714977	0.00493657527424696	0.00137650382984222	0.00808750129424207	0.0146486214251349	0.0350667843851649	0.017492609448487	0.0211103922302092	0.0228484759227002	0.0201004468964185	0.0494625276596181	0.00750529965934954	0.0209534925422531	0.0128834381291691	0.0318282256507907	0.00960368497502739	0.0126397722205155	0.00308172464686929	0.0402934953342593	0.0386489198297877	0.0100152066271227	0.00398338857218206	0.00190491759238109	0.00182017241043475	0.00161467744829213	0.00483736157926828	1.74180038148286e-05	0.00443244771540585	0.00225163161036124	0.00460051783984461	0.00510457787441876	0.00446391880473418	0.028276533602258	0.0266513680875522	0.00328344400358249
DMRTC2	0.230641074806373	0.290337966813171	0.131831075322919	0.088165013031735	0.268983861438506	0.155231127110893	0.135786065897001	0.271320990086712	0.014302137834691	0.0100389774425007	0.0457413640155953	0.0689903169370143	0.000353098986578648	0.00246169643885585	0.000287782019539495	0.00257730777443188	0.00200378729775541	0.0289418192808366	0.0151214023426227	0.0262772973537481	0.0110550608105309	0.0114876879171968	0.0119476613245737	0.0294159562621853	0.0452580633034331	0.00785634357188836	0.0385540871666827	0.015636629988247	0.0679148738905225	0.00885880483649037	0.0277916603983583	0.00489740679676365	0.0469646419776373	0.0561103449977852	0.00968718040852479	0.00662054233297726	0.00268353046357128	0.00296131545087452	0.000412906114964029	0.0144811188727052	0.00116240350307584	0.00584112753007893	0.00290406104376473	0.00756908397228906	0.00855904145519459	0.00435584040054227	0.050023867739791	0.0219887835807071	0.00317127301972797
DPRX	0.222155526986059	0.28061206872496	0.123834547847793	0.0852413399982577	0.262282947950518	0.153463397796982	0.131815402136615	0.259402169236278	0.0167787335930872	0.0141332199333274	0.0504767276259471	0.0672325543437171	0.000771314293195546	0.00298953246207045	0.000572613172538539	0.00276612923940056	0.00202652087595034	0.0308192229853608	0.0141952337825852	0.0276203593312985	0.0119027102537852	0.0125258253237835	0.0110525495711875	0.0264737634520767	0.0454581266648367	0.00741692983198328	0.0391910474957582	0.0184099345342783	0.0672789139737839	0.00959933220525033	0.0268447998653596	0.00518474482329612	0.0435602187022488	0.0691099810568702	0.0119697859585804	0.00563893636766011	0.00246714016411942	0.00316600128635069	0.000806267049394904	0.0143954015329022	0.00118637430040702	0.00728940639161424	0.00348362870014751	0.00825495306871482	0.00859006950095709	0.00393985578429135	0.0384148390802197	0.0176969213407977	0.00259877494515814
DRGX	0.208590651105167	0.259965470579421	0.103686838420969	0.0790714178074945	0.2545153048246	0.136818173354775	0.122856022713276	0.230362294911491	0.0119714593828872	0.00968218845120439	0.0451920812425239	0.0692183344832957	0.000941799817220534	0.00161126985035143	0.000216903244224742	0.00300087106391067	0.000454224923538638	0.0232164727655571	0.0130911130798332	0.0407748502024555	0.0122293831698955	0.0144440494898886	0.0151618260519351	0.0232510657287061	0.0333185835498	0.00785270172102792	0.0337967315813545	0.0157529023815477	0.076289710356333	0.00949062025812863	0.0218528752978858	0.00589210222276737	0.0323655943272843	0.0755400787721456	0.00875040204089439	0.0033788508498187	0.00146137389755352	0.00176252731073911	0.000382009089659352	0.0132760143673578	0.00321214973433159	0.00666227382942308	0.00191697392051671	0.00854395460289559	0.00871921358631123	0.00406562865636817	0.0334245244769127	0.0162737414480618	0.00258874820504373
E2F3	0.248880993676385	0.226988814389051	0.143603291243519	0.31398869622343	0.196167228733408	0.197120184190671	0.101261849185589	0.252269532584532	0.0180173457796409	0.0111711729259572	0.0379249352464639	0.0835867415790044	0.00179015379483927	0.00269573119278332	0.00647688858598716	0.00607038700209239	0.00240709134232608	0.0241224499743693	0.017924599180587	0.0272300599798132	0.0158445171617587	0.0104550256676481	0.0327610862111293	0.04877177808821	0.0504271818817754	0.0656831312562919	0.0404556795404224	0.0200110253383885	0.0727036805833906	0.00656791873670093	0.0208663786267159	0.0289901977761028	0.0492549185874118	0.0202134466575933	0.00607407314587816	0.0331684553520113	0.0407380718327881	0.0286630607546083	0.00187872559647784	0.016597995670504	0.00414010067364246	0.0134060169061206	0.00653142838254628	0.00844808631767768	0.00857507746540265	0.00778475506650689	0.0468077959944617	0.0225092802993678	0.00499147296410474
E2F7	0.272867718814773	0.217013295609121	0.138620857329442	0.380474910119232	0.166710829566753	0.222176400919215	0.0961766844026029	0.284012415483066	0.0176771981686132	0.0150199100315391	0.0440383011276642	0.0943206518581634	0.00238242861040705	0.00364085370370981	0.00784074602425644	0.00671530475300408	0.00291924809940325	0.0267479627428029	0.0172235039721399	0.0324993618886891	0.0159324288830286	0.0109983193512135	0.0369593297120983	0.0383994293502457	0.0591365079972461	0.0712151651454438	0.0436627806749279	0.0218449214227938	0.0655432507109105	0.00622256245607389	0.02171569364888	0.0332701283676462	0.0566346862015009	0.00879603942153107	0.00572102845974598	0.0121734844264323	0.00939855101445541	0.00826445364645767	0.00161772832991958	0.0150838076641786	0.00257953085167872	0.0063333958669497	0.00517390140966045	0.00662978148495796	0.00590350348813029	0.00702074533220132	0.0343753825744602	0.0145628303673554	0.00256643921259447
EBF1	0.229964463157743	0.170910768058345	0.101569064680923	0.107865998571913	0.137741650072843	0.151070539451963	0.0733171012780123	0.214295042923885	0.022236006155549	0.0247684187816541	0.0612860974204776	0.0910143431114603	0.00208867601238816	0.00444239398338653	0.00176254807679765	0.00660301383353235	0.00316624510858554	0.0330439259264781	0.056507769887826	0.137251724203874	0.0450965133654899	0.0451363423211497	0.115454284859252	0.0545735105310325	0.226034951518939	0.0513642597993635	0.0742289882303393	0.0697137457167993	0.177476037657882	0.0149706398960393	0.0632792912348059	0.0192659745603896	0.214606722947863	0.0164091108536145	0.0164031790934456	0.0232445315374885	0.020816570579989	0.0177015020062785	0.00176753818958764	0.0196971101167586	0.00250803880856509	0.0101616500122921	0.00469044254087936	0.00728125263629043	0.00769994212931335	0.00317703890065346	0.0409897531368743	0.0195720487639809	0.00347990889560235
EBF2	0.15001865198809	0.130855508255443	0.0742751187065958	0.0762249468221834	0.106238908107451	0.115437044445446	0.0560331959196845	0.157689014208558	0.0170484692786944	0.0216786733496724	0.0425548683961532	0.0664985153146815	0.00134872886916093	0.00307940979149302	0.0013420176305492	0.00557161248174598	0.00240706768295618	0.0304439131311505	0.0731572178108515	0.126238069707939	0.0456364654301606	0.0403723313624721	0.12203212871046	0.0437833616083547	0.369047491387602	0.0724442862846268	0.0895677218043267	0.0452414648864565	0.11888540964152	0.011005514428862	0.0397264005533171	0.013350761365168	0.352540790217755	0.0112627499175646	0.0173793293816568	0.0115536453436392	0.00978932958877865	0.00838042763106739	0.00123206776701923	0.0119481855874939	0.00103930903949023	0.00504270868117707	0.00224392276724417	0.0034547934696374	0.00393526274685152	0.00111652163736708	0.0230738190246547	0.0120120647481196	0.00169951459032569
EBF3	0.171666115089687	0.124637626072281	0.0734174223639645	0.0633016268077795	0.0948487444552322	0.0820059935091306	0.0448051141362127	0.119144426980642	0.0151804415449468	0.0200303042833883	0.0552049684482169	0.0635266863498115	0.00121506310915109	0.00313965191263132	0.00101255268832368	0.00352643248760187	0.00234263986158056	0.0176557690395645	0.0210250967449896	0.0623487027515492	0.0186340363164565	0.0302473069946063	0.028894184965256	0.0337854732984744	0.110220346007781	0.0168372433376859	0.047528010458163	0.222544181790248	0.492637098539665	0.0274509496894049	0.197981259228395	0.0617928613391711	0.109952765635323	0.0116106368854565	0.0126078583453255	0.0152492753015194	0.0146951802631582	0.0122954214998994	0.00130064380083417	0.0148218194772611	0.00123416629237838	0.00624351946903157	0.00224445952902874	0.00714110179308425	0.00436011696433114	0.00238793601786491	0.0270326497306912	0.0136243916177476	0.00235219370164041
EGR1	0.264483060023663	0.242954365147488	0.14340725546245	0.129715436789822	0.19258683572618	0.185829198291111	0.100855029454246	0.289727117682573	0.0191068376971305	0.0350302022699311	0.0669425057132238	0.120531989384635	0.00214110382286004	0.00603309135107533	0.00183218934109353	0.00704415238128453	0.0029292368795224	0.0239110677024545	0.0344363154900429	0.0967713238259984	0.0254802211705938	0.0294893933702532	0.104206970979979	0.0476620100189966	0.118914751646258	0.0337611842211851	0.0612773813377803	0.040935565507345	0.0893074946122997	0.00662260201247533	0.030362935516439	0.0089738632752332	0.100650555837966	0.00335684280034965	0.00698525575416786	0.0218127793613339	0.019236841613177	0.0138553341823762	0.00188464333070604	0.0119092209657681	0.0016535941623651	0.00580634749842945	0.00213032697747673	0.00473326688563069	0.00437822532228749	0.00169332500893626	0.0162933917593164	0.00872308770264363	0.00185911813874395
ELK3	0.23708436795167	0.181133993279956	0.115965614733451	0.11608412049131	0.148493394413023	0.163193195629264	0.0808025947791025	0.244856702036307	0.0248995770479004	0.0273845789959963	0.0623125719444593	0.0960186653256176	0.0022788472673323	0.00462182861403182	0.00207273730384427	0.00764872940221761	0.00357638354954681	0.031285685372372	0.0346038839805662	0.0796821746060719	0.0268018431731227	0.0277530792670334	0.075171485850365	0.0537152447871009	0.123640346067761	0.0324573290148549	0.0580777120388992	0.125456244988638	0.291887317871938	0.0216355099065875	0.106015981434184	0.0331849480946886	0.120225138021962	0.0144466749965138	0.0127481933188817	0.0300584430312281	0.0266163946832638	0.0214114635864628	0.00217663671553125	0.0207448619426177	0.00296587714443008	0.0118278359507245	0.00613883776458213	0.00849822525941213	0.00839703285226578	0.00360141200219966	0.0440153057935633	0.0217647818902473	0.00379216578528951
EMX1	0.0718409073775461	0.0852782491044017	0.0179371771767332	0.043727238961071	0.0797635251983719	0.058519786419998	0.0493658749707575	0.0786181607656951	0.00767957863644519	0.00451921136911215	0.034517259850011	0.0298712122848884	0.000172146632735792	0.00261256356278028	0.000361576201840186	0.000445863976824112	0.000108148094400184	0.0271297763148018	0.0104612201968947	0.0192512967611278	0.0135601465740131	0.00974053069777014	0.00444932369280693	0.0138950799244633	0.140578434394871	0.00788702487663762	0.0229805543959339	0.011962130962762	0.0523620583454794	0.00889613979345039	0.0161978379239323	0.0071450913571165	0.0560052608547392	0.0645713796428935	0.00840357401265146	0.000612398735218012	0.00165226585537004	0.000309629626174868	0.000406741115020925	0.00899487375070451	0.000694434348370354	0.00308941013635722	0.00172955537737196	0.00247890892544556	0.0052937016378054	0.00108071508294016	0.0317360847065647	0.0147096504330546	0.00110385155700821
EMX2	0.0533961569922321	0.0192619726056664	0.0186310365033688	0.0176918852900945	0.0178892589049207	0.0215451204496904	0.00673685349203179	0.017042920780147	0.013692996433307	0.0145536728890991	0.0455136445624817	0.0345031681608625	0.000896771920905204	0.00407898752237368	0.000773446718633997	0.00376390776583313	0.00205338516880138	0.127682760171766	0.0670865418131283	0.0875585792016699	0.030788398312634	0.0324314289280001	0.0557897005824407	0.0270726362022049	0.475976715977986	0.0693459239812282	0.0988598172439907	0.0321133124992958	0.163252671080723	0.0191259230050165	0.0455219009031078	0.0169878902805156	0.442233161608622	0.0127585232954344	0.0153554920143484	0.00361124235808086	0.00299491224590565	0.00231071764251056	0.00116274912606829	0.00799077657826874	0.000616776901409266	0.00285458794487203	0.000958344353486629	0.00130716102510198	0.00374317391130286	0.000726254555236339	0.0180804916856619	0.0097129805931131	0.00104218655516275
ENO1	0.299415952575472	0.201654299031354	0.196417219534303	0.18208875390372	0.146038228351341	0.264918536983325	0.0961555541103287	0.327927814048105	0.0268104893320699	0.0272482210996512	0.0549584638047347	0.140133658751992	0.00302971196072521	0.00610958205978807	0.00375107957386211	0.0126957131235725	0.00444950194905047	0.0261299922572402	0.0239740818992192	0.0444709771345444	0.0169236943330504	0.0137458763765994	0.0627540867674019	0.0523944825882503	0.0791762931445638	0.0293922666954334	0.0618062469761926	0.0296926977899818	0.0786503724578551	0.00574349017588904	0.0249217505600698	0.0115941708964822	0.0722363402849719	0.0048924508704169	0.00566603853103254	0.0237293108469093	0.0194991972679713	0.0178265469876442	0.00225624718547435	0.0132763903719471	0.00251826838293534	0.00895977792808955	0.00415058117666045	0.00673832357099413	0.00519040111787272	0.00293378529302402	0.0250507538987742	0.0127744304221966	0.00225509599477403
EOMES	0.210249336146404	0.211685796296743	0.121357920267241	0.0946207725186043	0.193346835223255	0.140156933599797	0.0997797799232272	0.287357868255684	0.0176317007216851	0.0123611943263798	0.0473834160283659	0.0803310475676009	0.000955463825366598	0.00264272637155671	0.000966547425248487	0.00464512247649362	0.00246872936858478	0.0282203242402916	0.0152310643554601	0.0332683599951081	0.0141106739093841	0.0152691314207705	0.0273130382226432	0.12872585025031	0.0510223748549283	0.0117932378792419	0.0509000641087826	0.028405706329012	0.0823474020730199	0.00810400411258205	0.0294004326637082	0.00750631499566123	0.049225950490342	0.0256301414853899	0.00954051694051783	0.0566095128742922	0.0455372227449387	0.0365219105773953	0.00284992182334465	0.0339273189362215	0.00663957114167779	0.0288831211185219	0.0175352692888046	0.020908282947922	0.0258769489845383	0.00958550210187936	0.211501189225242	0.158786888405116	0.0322506234199466
ERG	0.234713228356213	0.179165952110982	0.107861236791477	0.109016463970848	0.147858052313302	0.155143923416954	0.079145121389459	0.234307138222799	0.0244329452474571	0.0283677271104401	0.0638920968462402	0.095216313234497	0.0022189388745133	0.00472182052899617	0.00186693562889739	0.00713915614211991	0.00350526951201924	0.0320959029105884	0.0352060189970924	0.0840091415744084	0.0281752707121982	0.0296478011934377	0.0670764904299563	0.0502069705775006	0.148764255536763	0.0313817820058564	0.060151384606281	0.127238613281015	0.291501063371855	0.0208100014774302	0.108116217003217	0.0329234622605843	0.144434267720527	0.0163799423114341	0.0141691151405319	0.0256028026237444	0.0223233849817548	0.0178589530607169	0.00204113028867714	0.0205863575029489	0.00257609477793375	0.0111494714387412	0.00523923172705898	0.00851944324334086	0.00815501567391941	0.00319173250334615	0.0423290273603301	0.0204734029487836	0.00352866540714469
ETS1	0.239772270303727	0.173477550505831	0.115487330010852	0.120539606158735	0.140896214905462	0.156535737123741	0.0753698692311576	0.2240165154125	0.024144874831334	0.0282778386680309	0.0641175353421944	0.100492099732993	0.00229738965726145	0.00507991110272044	0.00214050591844983	0.00761229630625959	0.00357064060879619	0.0439881956075956	0.0412251858762152	0.0893715950840077	0.032065135903337	0.0312109392737742	0.0816350238381199	0.0670433339596728	0.175357844035079	0.040448008629826	0.0667104378506231	0.0943638437334783	0.208514593186214	0.0148430539939515	0.0788155185184903	0.0238508637594711	0.178666445356577	0.0131939432571127	0.0160071629083576	0.0360148747480983	0.0301106314673409	0.0247667652276866	0.00238786178871919	0.0258786875708927	0.00401532146416472	0.0157053714447748	0.00839608820381355	0.0108243807442308	0.0119786796019662	0.00448570150098826	0.0696044245636109	0.034242132826797	0.00623232104940352
ETS2	0.294167304357404	0.188081296562527	0.191668810862029	0.165940468585599	0.144420258061255	0.211816171126301	0.0842096807252666	0.284286591213963	0.0276582724204961	0.0328754789332958	0.0635575303922025	0.139782812748344	0.00301172185736953	0.00644039922905026	0.00376917641951457	0.0128229495457967	0.00505517471546413	0.0288114201617494	0.0256875403956743	0.0548483648147553	0.019358793663821	0.017660377021413	0.0686133309846714	0.0624320895747075	0.0887561025420938	0.0310692329241017	0.0627359100087972	0.0606011361609279	0.147722737408403	0.00922343245643797	0.0484558809349078	0.0177467946127363	0.0823271897917445	0.00671485771482416	0.00771410152267871	0.045336631264738	0.0397459337164638	0.0319995183707757	0.00297176011480382	0.0191699638768013	0.00343826521275648	0.0141371145434673	0.00644599867632922	0.00973301734201992	0.00791489101639908	0.00336746392719522	0.0367373832994471	0.0180452679282099	0.00336952274034241
EZH2	0.278604282833908	0.203630564723857	0.171454609671668	0.31430145132982	0.159350068127045	0.213371942680109	0.09101121096944	0.280443498425915	0.0239463690955799	0.0210013111440409	0.0538571218163559	0.114269282522037	0.00267477498124935	0.00460903838702709	0.00688521717238699	0.00978161654260523	0.00415534124688022	0.0280677080367657	0.0214440729550205	0.0406829843822762	0.0186043940953566	0.0139810946431994	0.0495320324234689	0.0503899420949738	0.0758651852252061	0.0605826097515003	0.0533923597763903	0.0322062105700784	0.0885513694681213	0.00731799069683581	0.0294308102238547	0.0279659292094914	0.0713878935120698	0.00777137891265089	0.00731890972809446	0.0190082641316387	0.0155181711397461	0.014073173889003	0.00217993710561903	0.0183326272680298	0.00346623001539548	0.00962252033274202	0.0063612236653392	0.00839952465018845	0.00854397672668505	0.00618390670728997	0.0469543105865178	0.0208104465471191	0.00368814915626792
FLI1	0.236265044671356	0.185836064602021	0.110906395763678	0.111376090281333	0.15422717791612	0.157713406732887	0.0826238126361174	0.243765058337891	0.024616008389869	0.0289898529820254	0.0649148164963292	0.0965932212625576	0.00227812638330971	0.00483640590361456	0.00189079543284609	0.00736964234627169	0.00363925233318141	0.0310328654000622	0.0314048617745337	0.0758311424166174	0.0263670183721088	0.0267827118001582	0.062343049030066	0.0605478652709577	0.134413799533031	0.0287833615782681	0.0588956959352505	0.116691382644893	0.274608627571764	0.0188292668824357	0.0995994947001482	0.0300190197399333	0.13159661748677	0.0160476980040625	0.0131009391225864	0.0353299567742615	0.0299857566130466	0.0234882176889087	0.00237677996732621	0.0251420282796138	0.00384400570714982	0.0149205744138554	0.00780670997484489	0.0108218294032865	0.0115734648480281	0.00429003777197101	0.0599231786387038	0.0298016346238571	0.00527068308366641
FOSB	0.278350816994384	0.202345309038009	0.15621914474999	0.126305860748713	0.164422278647484	0.17834882590562	0.0896463096745734	0.275260647011815	0.0346219021698623	0.0481506427040197	0.094728369510485	0.14041840900306	0.00382669850632256	0.00784846661135719	0.00265088758553389	0.0101940180013506	0.00461658917888064	0.0399559787684972	0.0304825481042419	0.0789243255680274	0.02902201308699	0.0278052149277066	0.0759471039383738	0.0606225129983257	0.126192105388923	0.0291473846247889	0.0647359736564381	0.0492887945972501	0.115367292525319	0.00798795408575415	0.0391544506299353	0.0119030444740058	0.115623796103106	0.00966617844758688	0.0120042505542612	0.0333673136576764	0.0274875928025322	0.0223554574337229	0.00285855339705354	0.0270782103056433	0.00365307473348575	0.0138218809108104	0.00725188468978066	0.0100675253878078	0.00982816710904966	0.00396047336216165	0.0529668149450976	0.0271174148295192	0.00507822234584454
FOSL1	0.278297135681591	0.213322827496134	0.225712357210286	0.16432970645087	0.175759075581057	0.255818688382067	0.115215495819346	0.412639292280997	0.0223768451327414	0.0207328390597172	0.0500815790280096	0.135250636986564	0.00210476658776315	0.00474723178159908	0.00310654898685891	0.0123172336558406	0.00402484786977819	0.0244579902358203	0.0167181615114259	0.0328377973123719	0.0103798869553333	0.00973670258356574	0.0474135328591576	0.0452725208618598	0.0479132957953103	0.0190799502003607	0.0557334266496853	0.019935678228247	0.0554307523905058	0.0045300608587262	0.0168085177871582	0.00713938056217789	0.0444131597686755	0.00303293163611007	0.00388217018376991	0.0184703416235599	0.014880546980628	0.0131781183942196	0.00194858718945301	0.0103704639276525	0.00152877259432671	0.00599533786556916	0.00321826234258293	0.00513925662638348	0.00378658020542777	0.00217735694403309	0.0173248988769004	0.00821010400205358	0.00150745100800065
FOXA1	0.249643564906034	0.203693945645775	0.145201320844787	0.114652597308606	0.180352349880494	0.181126064794177	0.105494191139639	0.340777701438897	0.0775194416733	0.0798526636070777	0.170425908431855	0.139407708724009	0.00803760492838967	0.0104080129591385	0.00486194775826287	0.0159629630302286	0.00927018173023886	0.0318587289316026	0.0202773968084986	0.0510075261496713	0.015660189615299	0.0194226596910427	0.0359293765785016	0.040017981522937	0.0905037093911263	0.0146401474555546	0.0545976978038317	0.0470854344143838	0.116953189771241	0.00928076221124596	0.0443141650725176	0.0105402656084201	0.0877513298878947	0.0151601866909412	0.0117702628417742	0.0142278966577769	0.0117023697408205	0.0108979190152454	0.00494771193333843	0.0163008839744208	0.00193285056442249	0.00762752365485753	0.0049793185717546	0.00747115623752959	0.00629105353266857	0.00351311840683499	0.0316010509877331	0.0159812404974781	0.00287016906882065
FOXC1	0.325940355684458	0.195293813678837	0.17751979878404	0.149110165238475	0.146540706115549	0.194993159474022	0.0795401269048905	0.260121163637161	0.0357664338069092	0.05127339382997	0.0894640473346691	0.16602959029095	0.00441975679720941	0.00941177106073599	0.00374165319279562	0.0136046501472659	0.0055214300097095	0.0308544339963948	0.0257559792726109	0.0615238932738322	0.0216487951142901	0.0219317210682166	0.0634309016652035	0.0483426918386276	0.111813405203692	0.0249176181180515	0.0691961004072903	0.0512229919921245	0.130529054785688	0.00854264754136269	0.0432863931533829	0.0134741741692217	0.104905373778039	0.00726956378496313	0.00934117381183031	0.0200600469660518	0.0158332268060801	0.0135938383216943	0.00281618050340493	0.0151315283920055	0.00210068543973774	0.0087379761491656	0.00410330425522831	0.00684186558480837	0.00577422049790988	0.00221067498102934	0.0311031322980062	0.0151152207358027	0.00305159517369069
FOXD2	0.202155368132417	0.256061194141413	0.126738099887964	0.0708791160582107	0.240325421244671	0.135055231781996	0.120461156089841	0.253912195104677	0.0122810672801328	0.00834310162236873	0.0329729150346911	0.0560062363476412	0.000363767352316136	0.00205141357815575	0.000261600705813825	0.00242245213458991	0.00163369052257356	0.0216201072287576	0.0364523951346278	0.0414374845766234	0.0340531948184004	0.0383773686843242	0.0737587970047966	0.045029926884923	0.0343248714583217	0.0236690975943306	0.0417817775259175	0.0218823520949708	0.0693640670273319	0.00671122880510433	0.0301531040857033	0.00455661739861857	0.0372298282318919	0.0256090996278037	0.00884684742866493	0.0239387492101835	0.0351099549549436	0.0519979004799078	0.000940239061935855	0.0194845286112767	0.0010004176711147	0.00856257852055287	0.00234062168016891	0.0136036663854229	0.00766277873231047	0.00400329789165377	0.0340855522844381	0.0169504768644044	0.0019968893113449
FOXG1	0.23388432936456	0.267376505371647	0.158605322312928	0.0939214984918507	0.242631310643143	0.160691793525478	0.126268151295597	0.314115856650976	0.0167395668808622	0.0119778563533008	0.0505735025789574	0.0834151105202801	0.000657753940178751	0.00265312207560964	0.000659313923586868	0.00365891678030139	0.00232691830185128	0.0310401491840488	0.0160756695819029	0.0345726967157466	0.0113954635165601	0.0135246859573508	0.0234146972872615	0.0316520487964134	0.0532530709288974	0.00812650052947261	0.0436266298408999	0.0203319429482836	0.0770272190635162	0.00899042749993817	0.0296243480505167	0.00504514036910031	0.0525629231916855	0.0378760768429982	0.0107594157286992	0.00902354293144569	0.00478770828396602	0.00576863350689705	0.000708278695683018	0.0119241734396094	0.00222678048783975	0.00564799975630925	0.00722474017605745	0.00778713298485512	0.00767645531463468	0.00390456748941004	0.0357022694453621	0.019203501749707	0.00296959863774537
FOXI1	0.280213445699091	0.196159739990137	0.157288803459693	0.128681119360696	0.160943040260192	0.184944779715322	0.0917084004260016	0.304904638584227	0.0493621711050571	0.109918800440406	0.110763684579031	0.156243132068204	0.00702620203856386	0.0128864019712003	0.00545109791250908	0.0185257520721006	0.0122009824497623	0.0344640671952642	0.0226386388441895	0.0624937084126415	0.0194901048052323	0.0209823455038244	0.0552709112047601	0.0499370251514866	0.10163229835352	0.0212504747685818	0.0631633043581363	0.0447950627052696	0.110022956475404	0.00804533190192247	0.0372648492959138	0.0107077302759923	0.0947591993932106	0.00912920405855955	0.0107346064106133	0.0259432075178461	0.0214237069089194	0.0170992901872344	0.00456763264532012	0.0173015611528383	0.00256958133748553	0.0104221384302206	0.00455310828555011	0.00880519713583805	0.00678599565587579	0.00262799076417219	0.0362229255038489	0.0180110016441457	0.00344145351963698
FOXO1	0.187011655808288	0.188992977907157	0.106865969648568	0.0955477487080054	0.165588674175916	0.144704489833715	0.0931471659498069	0.253773697977131	0.0200427267583209	0.0250721972528744	0.0654096512431651	0.0847082414608896	0.00188056336966236	0.00445195769522866	0.00112290856934305	0.0041461273005825	0.0019315859914435	0.0240990220850547	0.022475695578244	0.078347545161473	0.0293142900595154	0.0288688765144942	0.0426494717899741	0.0501922371645269	0.0684699904144246	0.0148447532074649	0.045237204261827	0.0711020038704361	0.212891494334007	0.0174134175839038	0.0636647365655325	0.0225809774167911	0.062261884318823	0.0140526964072643	0.00921898626301565	0.0266253338935143	0.0224069351873719	0.0206046570147786	0.00183206643622902	0.0221902724681768	0.00396307218808345	0.0145376740890804	0.00791590638311046	0.00863566795161463	0.0114064498172088	0.00316459619680431	0.0735738467990998	0.0345773160584155	0.00588327420867796
FOXP1	0.271441087810225	0.215535065766004	0.131055790706497	0.131597647327354	0.180083988138302	0.178814762608031	0.096271382506906	0.269775701049447	0.0348766774074285	0.0431917052272007	0.0971684472972034	0.122466599596147	0.00351752194724009	0.00666165542877883	0.00244799986041921	0.00839739555257746	0.00439908167023906	0.0354533727730585	0.0272740795827018	0.0699318140488052	0.0268941613631635	0.026186392848864	0.0509293526418546	0.0563302334665068	0.114887692761963	0.0234632531515098	0.059739896448086	0.0621408550199934	0.162528179097718	0.0120361325917948	0.0548563068391035	0.0163889197728219	0.107692586411261	0.015501176683011	0.0131357369865486	0.023049392624614	0.0181265578828229	0.0147691693862653	0.00243652839937192	0.0264995600324756	0.00360023070954507	0.0139757335634031	0.00851320589099358	0.0101238219807013	0.0125355179883629	0.00477252366593173	0.0727278558638706	0.0336232098606878	0.00621863351481466
FOXP3	0.0444073481031619	0.0909066541939909	0.0244560825446356	0.0354149941408723	0.0861103534799578	0.044735662742721	0.0449925940157352	0.0852995961035681	0.00394411356758928	0.00266421814106255	0.00945544964758338	0.0202569736799394	0.000379590832944254	1.11022302462516e-16	0.000661218300984756	0.00151807580617169	0.00248499864553975	0.00648157172720765	0.00480417486740836	0.00777987973769578	0.00319237843038023	0.00240741727768734	0.00419785265346562	0.0666543168424684	0.0117104753296422	0.00184964517490116	0.0236191667730936	0.00686879613496849	0.0115428024781505	0.00383986804916359	0.00728258349685029	0.00148916163190216	0.0103677549126279	0.0141636405514549	0.000807171143501706	0.0100777794664569	0.0298434912902203	0.0110823664961718	0.00176666730699737	0.0123793004585981	0.00324813049938477	0.0185166147911604	0.0157410975698178	0.00484580871210349	0.0181579745457539	0.00335316485539661	0.229891618875741	0.0342631503358413	0.0218326652375085
GATA1	0.251910975515007	0.207296452456876	0.155523338479898	0.12523066652224	0.178766530207814	0.197207208729905	0.100515111173317	0.308833555027848	0.0220382388750455	0.0273889894265356	0.0589510055129977	0.10962998792296	0.00194719836923429	0.00479267751959322	0.00225524445439873	0.00894990115059469	0.00414728671059361	0.0385276308601339	0.024486880095473	0.0539675524395721	0.0202265595051754	0.018418558863587	0.0601305842418087	0.0820727312551119	0.0812888888927366	0.024193072834142	0.0591862494067302	0.0427952184926981	0.10052499893181	0.00932245608731896	0.0346271011082842	0.0109954823900855	0.0746706044859766	0.0175548394750686	0.0100999975811193	0.0565908977895762	0.0497596740515159	0.0413922789031745	0.00307342259086307	0.10868791750413	0.00506121562727246	0.0231783245224857	0.012122404958814	0.0186867584853204	0.0148021990311085	0.00616948356401115	0.0733660474689535	0.0368840562225138	0.00732796286745407
GATA2	0.238939465623623	0.176107294670744	0.125842166131875	0.113584589614224	0.14508725135031	0.164764080402451	0.0798318864492693	0.253073725543687	0.0249007690834422	0.0294449782232516	0.0649247252502221	0.10409016291367	0.00234825638554392	0.00503859802678475	0.00206012457675575	0.00807627729368021	0.00367381180634407	0.0358143055515712	0.0320605041861698	0.0768171940131712	0.0270916906768192	0.0268977460390215	0.0674639124652907	0.0624562766607231	0.134022821849534	0.0301917784289292	0.0607703522393004	0.111361537105863	0.253714772691574	0.0175678776286252	0.0916436981483988	0.0284725520759894	0.129527608673109	0.0135606061494189	0.0136893643016092	0.038534493940624	0.0332793981050743	0.027068394543582	0.00248313896501806	0.0438714270354666	0.00372997642091955	0.0157145772472949	0.00751262901012606	0.011480281748449	0.0105691146457223	0.00393237072264885	0.0544685942757109	0.0269820442069186	0.00506921383527481
GATA3	0.241891706539636	0.246751449842697	0.185948260268869	0.14812783436545	0.215487870999811	0.259504574771974	0.143954772824858	0.499677405120944	0.0179166884267703	0.0131605273652695	0.0450785057576608	0.111729747349166	0.0013485830662241	0.00320374865610951	0.00174965434707208	0.00799981292672458	0.00222154812544706	0.0221171521682967	0.00747514406964944	0.0157074586039746	0.00463300007861434	0.00459329595127467	0.0182397642957537	0.0333022623110566	0.0238857733615472	0.00628715326800688	0.0424297248773944	0.00928940508897802	0.0320004170461045	0.0037519976174416	0.00968586505046498	0.00332516010469541	0.0235578707683255	0.00356658761243811	0.00255392948203625	0.0075663178939287	0.00549729285011602	0.00497187153976086	0.00109698570704575	0.00585841347054428	0.000652164791151377	0.00273673913549821	0.00147743287189606	0.0034871135920731	0.00230090252508486	0.00146533105274627	0.0127079713161989	0.00584394627586438	0.000939382160566105
GATA4	0.120692782914626	0.148013881410454	0.0404379847480285	0.0669288361418586	0.152216516424468	0.0992875853957641	0.0855593259725578	0.188454780730418	0.00930527014170868	0.00925573443983529	0.0485675074733521	0.0508709526276931	0.000476011525885944	0.00307447112843739	0.000833359904695241	0.00165618479394103	0.00134857288066714	0.0209594604378293	0.0114474258264772	0.0320475906203362	0.0141699246475961	0.0113858104960387	0.0103687343267012	0.018105783440182	0.0401533698759851	0.00719827565658693	0.0256971250912099	0.0197140106580102	0.0579860116858986	0.0056905767462101	0.0190679499413187	0.00497733192139282	0.0334689789141913	0.0966733589531006	0.00790071141367843	0.0019308850843438	0.00135066934888473	0.00186613086219534	0.000664915373431274	0.0135722360332099	0.00110695173208031	0.0054829616519203	0.00353048819786062	0.00333205254880009	0.00703782550707321	0.00258329733806262	0.0319585457315099	0.0149605827863662	0.00193060006431756
GATA6	0.0395407923510257	0.0752362429379723	0.0242409493839463	0.0136876028542068	0.0914040778510573	0.0222232347212994	0.0272984360268029	0.0272114415049738	0.00687437669695357	0.0018410725696365	0.0107516059880775	0.0208619903181619	0.000740614720062815	0.00107240305848211	0.000246766448270597	0.000613017201748001	0.000106344505738543	0.00700174661022746	0.00493098093265565	0.00938285775702319	0.00783065196857913	0.00382331319347928	0.00337519884935744	0.00446219404689985	0.0169067499719341	0.00505374798225366	0.0129481447606552	0.0529602486240024	0.274534688733321	0.00303572408334107	0.0810892110312424	0.0158909188715537	0.0147819544090748	0.0330294878437535	0.0288606701460612	0.000391586818542233	0.000433936094094367	0.00159377858045673	0.000506090972491657	0.00415459130739382	0.000928461674542191	0.000950497493455549	0.000984201204047297	0.000523623830628539	0.00203416330464701	0.00331269702315928	0.0139678151934564	0.0075625976215753	0.000440540184892702
GCM1	0.0640581973739911	0.0810634592731871	0.0320360367287639	0.0424704215295881	0.0772081627372492	0.0628835491900998	0.0494444236413845	0.0879265551817545	0.0108220553175639	0.0111771227739272	0.0302668910417185	0.0310281651227953	0.00177179941616967	0.00250990403609253	0.000444703827002124	0.0034263915427466	0.00109233036997103	0.00990029034597084	0.00632590113733644	0.016570363592147	0.0103653743608925	0.00794243204884659	0.00789169735728767	0.0143483365572795	0.0235270628247958	0.00489609222797893	0.0184584784985244	0.0111408363485945	0.0318547907733386	0.00349875609739514	0.0153687514787557	0.00335731020272245	0.023585115715151	0.0551520482590799	0.0050079342516407	0.00145885864619311	0.00255628337715175	0.00189023054032833	0.000791883308839836	0.0115365170919519	0.00128650686428022	0.00463272113400692	0.00136155163523899	0.00220355286552842	0.00478123910678074	0.00175933148001839	0.0174153268083241	0.0115412119574081	0.00192257824861453
GCM2	0.212267828828282	0.280977239320663	0.118381261041533	0.078670191205102	0.269765413161814	0.1458217028685	0.135277766744993	0.246357055145065	0.0114896401152103	0.00914909800487873	0.0403944965964598	0.0597068170587186	0.000374349882157343	0.00146228736419252	0.000149338039739488	0.00117651946091857	0.00060133302060672	0.0239217805209003	0.0115606975862382	0.0196709224570026	0.00997277004734642	0.0108689249398565	0.00755576870099839	0.0224704478138611	0.0407136102449317	0.00680854950276277	0.0304892567717229	0.0146126196029901	0.0606502808912429	0.0075930339440986	0.024522373942184	0.00482270963314479	0.0436423698940425	0.0614178032416732	0.00955955773328743	0.00547799241836544	0.00163933022209961	0.00251547989169087	0.000282198366296171	0.0125932845823813	0.00139680409048137	0.00542930864150004	0.00242325175829405	0.00655069573224321	0.00808577514780939	0.00413516792024793	0.0366449384957822	0.0169259261010717	0.00207654186321515
GFI1	0.0654278571881979	0.0853676792592643	0.0396780843808359	0.0375943995348933	0.0800741605698193	0.0482857595226451	0.046857108087331	0.173423099810581	0.00765907330983095	0.0043719707926535	0.0294485144649559	0.0376476103274688	0.000519270097772084	0.0014869955170238	0.000351415396599775	0.000808993856637352	0.000860825982053059	0.0542657932444285	0.00784355377382051	0.0184714535799877	0.00869001136919589	0.00884727033321064	0.0128072824871152	0.101795581318016	0.0287993247748823	0.00577735177377137	0.0323601612249187	0.0103437441611718	0.0290101170057651	0.00276678034160027	0.0128968231268433	0.00244853880234919	0.0307989155408239	0.0271452498637554	0.00520981195140346	0.0153759388352022	0.00965979355611291	0.00860833607160605	0.00129561036563119	0.251505199673659	0.00275305782462942	0.025387221313274	0.0159774736544511	0.0267123846060544	0.0155388084361039	0.00537933656408041	0.223828125599542	0.138199850717026	0.0253011500496361
GLIS1	0.239285404704968	0.289601674425953	0.143012761544364	0.0909349003154344	0.26642331167393	0.161372194211352	0.136021951193031	0.279567438343303	0.015027101484743	0.00846190893499998	0.0422325218712405	0.0701782215076796	0.00019869705263309	0.00209290692090269	0.000291527414810755	0.00290889174197861	0.00168494134938657	0.0258567882516407	0.0154447205521411	0.0247812179810429	0.010926330817007	0.0109888660982971	0.0133013873388809	0.0289488424192612	0.0412558935007825	0.0067138042930468	0.0398617684962046	0.016275473424687	0.0677393596120298	0.00829363195219135	0.0289065310654149	0.00405880149070448	0.0430807318311704	0.0379026188051648	0.00830229463441079	0.00806203152142149	0.00263493275319227	0.00341782916928246	0.000435459931913296	0.0124333690346642	0.00112800633974963	0.00490402815777147	0.00384593063026828	0.00824302567998014	0.00897815165212368	0.00435934695744922	0.0385832664476172	0.0200117410156013	0.00286606893296848
GLIS2	0.297469853990978	0.248413823962604	0.123232158118028	0.149782016593363	0.199522235727656	0.207553285790775	0.109015143862732	0.270508484019783	0.0211508678343737	0.023787747387221	0.0654049182219008	0.130167311757468	0.00193034693861793	0.00532243792644416	0.00168261766553357	0.007794960887062	0.0024935168275102	0.0244148295338972	0.0254767277503571	0.0660396477801228	0.0316534278026013	0.026001094233673	0.0511696985764892	0.0396554463459957	0.120482855677818	0.0237363051508799	0.0560996774513483	0.0411457428506637	0.0982656911510242	0.0086848524475388	0.0293497596136396	0.0119594172770663	0.10440587130617	0.00821271188840922	0.00774726778379131	0.0106519255331677	0.00798367073103912	0.00688953003905179	0.00120534272519379	0.0143088432314307	0.00236300199422201	0.00756840914308698	0.00361984771481594	0.00557700794178739	0.00553236542508473	0.00242385951361146	0.0378529390062019	0.0165579238108998	0.0030201995190694
GRHL1	0.229206410547523	0.227340853288321	0.189804933297682	0.139357611210926	0.203843412113412	0.251995866772777	0.139404407090598	0.513291317591229	0.0216511166851077	0.0191343575232332	0.0505083133118387	0.115566411738351	0.00173391389254296	0.00377759538581723	0.00209761757730997	0.00949852000797757	0.00297150033647242	0.0239670449920951	0.00933615759556483	0.0188083092013023	0.00510530218666894	0.00595216790444042	0.0225219942692456	0.0348425561750787	0.0289822850137867	0.007579977199212	0.0442365557577472	0.0137492068339631	0.0402765206076331	0.00421549485209605	0.0134596594031442	0.00398865566591744	0.0294577644924241	0.00482278286530891	0.00349926428572034	0.00973469533604487	0.00748011282346162	0.00719702442909154	0.00139847625152401	0.00743822835410912	0.000820500639806987	0.00331240980877356	0.00185381697775977	0.00389868763608492	0.00271233843398144	0.00180184951505424	0.0113415853344286	0.00576001863841991	0.00105050573710808
HES4	0.266789616848907	0.179240862372817	0.240144217783307	0.154188888136058	0.138419148960873	0.214495377597863	0.0875309768635996	0.327437242145332	0.0305377871645318	0.0225274321045899	0.0492856814973257	0.129181455222376	0.00252061247336899	0.00451214292477642	0.00491881052200593	0.0176704623639279	0.00708820651743758	0.0291125939788917	0.0368228768938488	0.0554493906131011	0.0191144470092357	0.0163683074346515	0.103343227069282	0.065993460581256	0.0824269517066922	0.0426173673172576	0.0678665871244578	0.0272920208855965	0.0789516635392442	0.00619776172107855	0.0223839278349722	0.012259529413805	0.0733064119209592	0.00259254053151203	0.006356012015998	0.0401634436132148	0.0346468441330945	0.0295898087949154	0.00351702324771064	0.0169899512856979	0.0030272715238151	0.0118134294274285	0.00558621533300629	0.0100390255291987	0.00758013821455727	0.00339912987948532	0.0260134148024647	0.0130851035536382	0.00258454219436177
HIF1A	0.27532897162586	0.185264935101767	0.177071594001118	0.148163279216346	0.14664335421166	0.204230168742933	0.0850065234445971	0.274406617030805	0.0299216240867348	0.036469308013084	0.0706376904753701	0.133285511609925	0.0032672588005741	0.00663295678272091	0.00351762775028597	0.011893274085407	0.00526652426305252	0.0331323370261829	0.0360117599826526	0.0743788712682942	0.027620773775749	0.023752253284542	0.0953654302728737	0.064280408858881	0.114481548367054	0.0399288360297374	0.0651237993846097	0.0501568464181883	0.130228744907141	0.00889021778323484	0.0414078784755807	0.0158977118316233	0.105792127732123	0.00599449879270186	0.00928932545167704	0.0420208301038839	0.0381837312960691	0.0317045664040707	0.00292392430349719	0.0216430444893434	0.00396181296096354	0.0147004149023247	0.00659960507455626	0.00964698456623347	0.00842271004471928	0.00420747672224775	0.0420206386021797	0.0202254928166183	0.0038665587191179
HNF1B	0.138974500415449	0.165961560951677	0.0378024824138479	0.0714235992918708	0.153726223091857	0.118604975712202	0.0872982452854525	0.197210967545574	0.0136424808926843	0.0158300554043788	0.0629079202691847	0.0635298381242491	0.00154475681743005	0.00317657723373665	0.000337836586998375	0.00162220111430222	0.000953782452438823	0.0262225855831411	0.0173011682682374	0.0395124296869762	0.0139406491515693	0.014583298308954	0.0255192711625064	0.0272706133538607	0.0504321646919264	0.0100671005898231	0.0577564898344245	0.016133910137627	0.0603391644570488	0.0071235356960101	0.0201433303365546	0.00560113933392103	0.0379102626216942	0.0999969660675561	0.0103669390981842	0.00130928365141969	0.00164218448124431	0.00149685256024767	0.000505975583702245	0.0136534690812755	0.00167681824266896	0.00878975883554189	0.00272461339302943	0.00706557650309558	0.00824671975062019	0.00319023253192408	0.0390902003139899	0.0227406324697998	0.00297929210308201
HNF4G	0.189497952390404	0.247496858548157	0.0826946127649995	0.0823355420782073	0.243108924111233	0.135267833537504	0.118708639581072	0.236467625238202	0.011651756796543	0.009033746567914	0.0525075505237125	0.0639945945516256	0.00062451728810442	0.00161710279987659	0.000542154633775382	0.00136971141737341	0.000968562033698439	0.0279345398612858	0.0127999819622542	0.0288790544391846	0.014399391466827	0.0111840322424925	0.0089738802335354	0.0206148001629255	0.0484754240897531	0.00663969626719374	0.0301350996304013	0.0137898462335835	0.0610682290858908	0.00673871934553705	0.0192742063473965	0.00488294360606956	0.0389790788515088	0.0868564767140704	0.01235018107214	0.00255856944231758	0.00160950527240733	0.00170511355943437	0.000183542745754939	0.0128251230239693	0.00167444655093418	0.00576483111162374	0.0018426669991658	0.00585951663200768	0.00602844747349085	0.00435844827223686	0.0368718265157706	0.0169559966713366	0.00208476745477193
HOXA11	0.0973574243636299	0.0680904758499661	0.0442275371150915	0.0353184814292394	0.0552730603714213	0.0484448351711798	0.0227232686008807	0.0535659439220953	0.00557443978862227	0.00475508025471361	0.0136811013926004	0.0273222836717337	0.000217721389007774	0.0011880681430767	0.00056914296664301	0.00309610991894016	0.00193746532067018	0.0263122843223511	0.143938166423594	0.264219995158741	0.0954969444702503	0.0749862610197645	0.299063256943189	0.0590273588502392	0.245958675167799	0.125806064337668	0.0908745088819125	0.0386850125753225	0.0830187863380908	0.015857663247809	0.0370799616314369	0.0110639179934401	0.295720438410835	0.0133079063989763	0.022051427870832	0.0167234794706181	0.0138952518417927	0.011664292897959	0.000555595649364582	0.00778446995711013	0.000758646159457088	0.00305863921383853	0.00221897188261622	0.00260084044628839	0.00220346819814043	0.000756722491480621	0.0106447898275893	0.00592660452796123	0.000858135438694285
HOXA13	0.0583909920883934	0.0565276774049888	0.0232736661622379	0.0388562297563101	0.0461584638833414	0.0388828350220787	0.0263409493203737	0.0351174884539477	0.0150385258156738	0.0116905148612503	0.0472671538447405	0.0327115223766238	0.000878203888105222	0.00114111075251977	0.00149172081803362	0.00272725475761182	0.00333606647871476	0.0213956443021419	0.0248852286478549	0.0702021728679584	0.0210190215441587	0.0167623236053213	0.021653561590057	0.0195162548998145	0.0617482556692562	0.0153883027692731	0.0393601463505339	0.0103921000158818	0.0455880377881633	0.00578908690287094	0.0199765276957917	0.00749720803408582	0.0550633002845409	0.0261956212161434	0.0451700230262179	0.00574777606941157	0.00644590697706326	0.0103570277744258	0.000824616857098892	0.0174533801833576	0.00242133864318694	0.00897156765178408	0.00131102110901671	0.0164555880322493	0.00356859675581211	0.00282557946130124	0.0199459897940877	0.0074746801545007	0.00343625656017899
HOXA7	0.2543028165236	0.226012154227718	0.146925848897024	0.115935677565642	0.202095240327721	0.194493014383222	0.116331712155446	0.35603421518995	0.0597459236660013	0.0702069136109844	0.155452946142962	0.137651474832428	0.00615566029911507	0.00935284006674231	0.00389794327770043	0.0133390636201006	0.00815914920365746	0.0294696444367781	0.0156032690040681	0.040205408772984	0.0125175094808523	0.0152596741306539	0.0215269564912212	0.0364821582486765	0.0780412767143138	0.00951317410276264	0.0498286153917493	0.0399588185573401	0.100628309954621	0.00886822978093083	0.0400781851924973	0.00825101196046396	0.0809156819396936	0.0186175541699818	0.0104660641101106	0.0107787631353177	0.00835380830362298	0.00806039107577228	0.0037276733600623	0.0147691396861633	0.00175544922286142	0.00739078404938454	0.00382957964720121	0.00704506965992846	0.00610658626474725	0.00281985954628539	0.0329506914022977	0.016158798206694	0.00286683738718252
HOXB13	0.183553270516508	0.273947170254449	0.132272414421523	0.0543871517251537	0.283131950701471	0.106353942411036	0.127538132366964	0.164630117839005	0.0096985486240837	0.00361673155603248	0.0224056165708502	0.0525783034832767	1.5806249854089e-05	0.000881342454765899	0.000240028984801244	0.00211607356343124	0.00121802057589315	0.0133388440025977	0.0198405052387999	0.0241291678740037	0.00777004172938556	0.0109738106357321	0.034125355574389	0.0184204859221673	0.025442742391362	0.00973116597869628	0.0299256664399702	0.00799647519194002	0.0460139979476644	0.0082786906464023	0.0163675458406952	0.00507598064974668	0.0273177185518192	0.0216064368465024	0.0351687111343396	0.00655116530047406	0.00314457558533165	0.00282572886696641	0.000290176176322987	0.0077851574156218	0.00060016406272112	0.00398815925945917	0.00155495863529009	0.00612645469786921	0.00564496804888504	0.00371848267720087	0.0208312976504805	0.00918827736441197	0.00150801449008253
HOXC9	0.22705147995386	0.199990620763144	0.129293234383864	0.103875953755182	0.16708486271248	0.151691694676428	0.0810505690658501	0.196987937456125	0.0202129587378517	0.0355308591953205	0.0606413549386711	0.113511913828779	0.00258652823260141	0.00710147971408381	0.00234403344425638	0.00727953730716369	0.00324693442090684	0.0299589268141875	0.043628406565366	0.0843974587807546	0.0297850846136346	0.0267543534455598	0.0722942886824441	0.0499495759106839	0.21549767826052	0.0418794167770942	0.0656077276265077	0.0377369250229052	0.106591175296335	0.00644483711386734	0.0393297190049615	0.0128361236389389	0.228533116036037	0.0105637005524614	0.0157975583954501	0.0222013143031993	0.0177057056421908	0.014019051725744	0.00176049522105326	0.0214944601425371	0.00276916585386022	0.0104748569857791	0.00510503164816312	0.00862582560841441	0.00894459261022074	0.00249822295660218	0.0470491169594724	0.020258625408248	0.0041367885517265
HOXD11	0.231820123122395	0.284980259972599	0.142251041706613	0.0850856958271067	0.263408183132701	0.156151724526532	0.133120339774115	0.265653287816672	0.0163809795077241	0.00858280903768982	0.0421367626580648	0.0690566554083788	0.000197830934232535	0.00215066328179048	0.000305826010688959	0.00309279844466259	0.00214445096400473	0.0258752343177431	0.0248323878257707	0.0373207303035871	0.0339450699546334	0.0255089704508715	0.0278024813199833	0.0296289435318393	0.0511368572192161	0.0134458690192238	0.0405445253519339	0.0183546860448386	0.0714107038211096	0.0083239378295854	0.0312356300011922	0.00440287480698909	0.0548115689537418	0.0336521638405165	0.0101147873215188	0.00960670624903637	0.00395851403094039	0.00414590363327672	0.000698391863389713	0.0143757543338188	0.00129039690305355	0.00583157652290445	0.00403499771071969	0.00809819506712861	0.00970746188928229	0.00448604388217033	0.04109812568044	0.02015906210788	0.00320710162431681
HOXD9	0.129839949379832	0.128868937359067	0.0702742321311465	0.0589382621202887	0.114453374496756	0.0963390913860208	0.0582410325958497	0.134080578899456	0.0111289270290447	0.0109367049202189	0.0389585303236043	0.049257238382012	0.000780488194040863	0.00238821653078458	0.000662550942697959	0.00318333754022149	0.00110990500546837	0.0207893026872722	0.0212586317060367	0.0429840773335353	0.0145620878072789	0.0145865135333115	0.0427517376523538	0.0352595857518112	0.0719388507610597	0.0157693446568077	0.0387241191153251	0.201243330770064	0.413305928398384	0.0433348103249132	0.182146063637446	0.0501384940026351	0.0623979204966836	0.0145472990643775	0.00757432588384799	0.0203823965122301	0.0155433450745646	0.00898431517154119	0.00141639578917285	0.0149241420719253	0.00161806370290707	0.00567001112276422	0.0027361734214697	0.00495541752436646	0.00669414745345431	0.00364682395320814	0.0385268198962174	0.0163636588398686	0.00246770381429695
IKZF1	0.250552266172282	0.195397091342208	0.145019240777541	0.120004244569311	0.164797512506147	0.169074278192505	0.0885242272279139	0.266822182390597	0.0269905805753623	0.0301208855576733	0.0660670779367679	0.112667067335105	0.00260467941138454	0.00535687070583513	0.00246160311209831	0.00956737469884261	0.00431480988252031	0.035078003734248	0.027103068301196	0.0618653953223822	0.0232029744150424	0.0214110465831439	0.0631740236957143	0.100183876726627	0.0993340114447134	0.0267356701068542	0.0603485885086169	0.0539841727957551	0.138615974439623	0.00962916082284004	0.0457231715876874	0.014284232085457	0.0953324563739324	0.0137689763744642	0.0108845133548139	0.0725740584042929	0.0623576203201731	0.0497634540759271	0.00370122563317776	0.0459487099707021	0.00778900692470752	0.0299878438143606	0.0160363727435442	0.0212760275055274	0.0212439750323448	0.00689399851740369	0.113160805917997	0.0587723715374473	0.0110709185809911
IL24	0.285563476361426	0.131363325473296	0.177690521046658	0.128847771759402	0.0869997103210476	0.144065993861885	0.0425219427895718	0.121280664626417	0.0216231964021707	0.0176686485893234	0.0490487513568817	0.118462329266919	0.00153780215454891	0.00480971102848804	0.00313501638765867	0.0116314481026549	0.00562157641642336	0.0366629600215322	0.0618481101786619	0.0616869487622322	0.0373007474760225	0.017868875363104	0.194816975276631	0.0587473314020985	0.05739723464636	0.0648643735813392	0.0625607380824243	0.0271089819027976	0.0904770315244505	0.00516235384446906	0.0245595956441342	0.0124976784399756	0.0579934196191778	0.00954671420975828	0.0082683575543836	0.0214661970622052	0.0174100963613352	0.0137838209297052	0.00205386478653891	0.0128461137696247	0.00263763496051372	0.00742999555406709	0.00437519373368378	0.00476006788027072	0.00501018028590716	0.00211040989147826	0.0282975163272086	0.0125577245101418	0.00260259249408779
IRF1	0.281725436316335	0.170394246656701	0.179047746233285	0.130106759517422	0.135686827850068	0.166714054583308	0.0723075021576753	0.242515662829091	0.0347274811106615	0.0526627197674652	0.0886708901698896	0.148644418008914	0.00413451149701793	0.0083694412201214	0.00384504539466191	0.0139111623578336	0.0062520077003192	0.0349825483045947	0.0337918766653907	0.0802988691470142	0.0288186739967499	0.0281191983541642	0.0911056844169699	0.0664579438344051	0.1316110326502	0.0359163997310729	0.0711664486201455	0.0586592602893049	0.144141484103292	0.00937382437745971	0.0467884754201371	0.0158233394926843	0.118127756434968	0.00731083301873525	0.0114628197095861	0.0405078695088864	0.0322403405937307	0.0263507999661141	0.00339715507053895	0.025176956086804	0.00395022819886703	0.015230759406895	0.007704761523737	0.0101564060265185	0.011061825071347	0.00397238641043363	0.0558466829357809	0.0272378156923851	0.00530615575272009
IRF4	0.250586644090157	0.207543964911534	0.143316099675415	0.113147401403385	0.180707586060324	0.166555138143448	0.0953150200168793	0.274937790448287	0.0260764152705253	0.0264016523562629	0.0638138344551802	0.107147813808926	0.00216648703220379	0.00504522448799971	0.00202334321684239	0.00857480129855137	0.00417308727215637	0.0979111236734174	0.0254900651225245	0.055907410049203	0.0201879234007984	0.0205208722632549	0.0538851138493657	0.0966998221193807	0.0827085186074665	0.0220691636804724	0.0588932811776159	0.0392573464975444	0.110784943971374	0.00955749141982143	0.037376578564849	0.010857513182074	0.081476815557572	0.018865316633029	0.0145397670076579	0.0619459848593782	0.0482070849028029	0.0382906408452186	0.00333676150421458	0.0372557155150131	0.00822493769329768	0.0326696972693613	0.0273313367729895	0.0221783409839565	0.0261196926381329	0.00960161468902587	0.119790485604277	0.0656744681551629	0.0130002983843451
IRF7	0.240969787202542	0.190660484110372	0.154201929656373	0.114711187424807	0.161031846752233	0.178468225200225	0.0881741075955955	0.276141093775193	0.026560954654628	0.0268159318495024	0.0562572263739708	0.108713558614541	0.00241866987883244	0.00493444642125429	0.00282811853287224	0.0122292945377827	0.00504608056688038	0.0365822633687052	0.0258782381190246	0.0556576000698233	0.0193331914125131	0.0183219265716761	0.0685446229133744	0.10771391263531	0.0743619811563622	0.0252147194227212	0.0594808921441683	0.0540506081783665	0.131372274173327	0.00899273826309221	0.0416344580973825	0.0129491999171064	0.0712064663473371	0.0121302049781448	0.00972469831799905	0.11427743146014	0.0978865097915924	0.0817304817357929	0.0049814348011854	0.0348509921332847	0.00985385541329431	0.0385397484961006	0.0244109759109443	0.0261256596762807	0.0210743259745727	0.00750930833039976	0.0723032875558589	0.0400600524373497	0.00778218914159212
IRF8	0.242946195590347	0.180092790863245	0.150345726763104	0.116999242141802	0.150846587869502	0.174495185638945	0.0832906936368194	0.267161772959329	0.0275772908925496	0.0274811610690997	0.0596768340631646	0.11070135683063	0.00256067985291675	0.00517178891235903	0.0028929465283698	0.0118435149158045	0.00492357745034022	0.0350691928459116	0.0339182539051421	0.0737359518257996	0.0257983528774146	0.0232109312975062	0.0881292321811761	0.100870528968892	0.109200687261245	0.0346020574913208	0.06353369123435	0.049736578035918	0.13167186176974	0.0095155631365873	0.0417692676570447	0.0138724404872679	0.104629912103391	0.0118273168084497	0.0107092592097986	0.091925538929069	0.0831107863531254	0.0675536473235359	0.00424022926502821	0.0358758141553388	0.0090747319051987	0.0340709448083547	0.0186397397040582	0.0237013346478491	0.0194729694845341	0.00654415296446276	0.0756403119534845	0.0404725809243163	0.0079762779714484
IRX4	0.401009867180837	0.217981822851635	0.177249452626	0.211713203242988	0.136030437273448	0.25499734767282	0.0823239534910823	0.263072188962997	0.0222014497778089	0.0254272613096522	0.0510948124752315	0.135421713260625	0.00279672854414814	0.00649030193694911	0.00318880279528866	0.0107530389931572	0.00340624712435877	0.0255842345795265	0.0198271502296373	0.0364770099639196	0.0119222995285619	0.0107315265330852	0.0479567709346878	0.0438769329242443	0.0697875721558172	0.0221885878486812	0.0679917239698645	0.0307861540859982	0.0739188453599879	0.00611989047181527	0.0253749878373406	0.00987413354173816	0.0656990784188148	0.00470587517758791	0.00697008548631661	0.0157785656692463	0.0134210240848882	0.0120056872833585	0.00180618633495722	0.010171992109884	0.00137417306394361	0.00574929455154105	0.0029683227393601	0.0046543933958918	0.00346363323595988	0.00204751993453001	0.0141702131683593	0.00730766936854277	0.00152842110485096
KLF9	0.247857798174368	0.164502648590539	0.112574453359003	0.110663471349696	0.129911522369766	0.149208950469521	0.0700220693837472	0.211295672982602	0.0308833784927711	0.0403444575408106	0.0785380698315867	0.110367388692178	0.00321054413116162	0.00664409880598549	0.00263471043135688	0.00875986080268409	0.0043412964575853	0.0369677503210852	0.0495728618094753	0.121177963622726	0.0421771998885784	0.0411287463480863	0.109793229392096	0.0529995619058359	0.212579888957783	0.0482008268581051	0.0749096530256179	0.0706877289137149	0.162115180440146	0.0117474937491724	0.0558853707971627	0.0190574085281894	0.19747469010635	0.00605514229124648	0.0177285263208754	0.0203609473982432	0.0177864485158616	0.0151638839733467	0.0023211158428188	0.0212972695393806	0.00224529574272203	0.00817821672972874	0.00457185018349682	0.00647531037170679	0.00733455710766528	0.00345489455422288	0.0386546539825394	0.020026532317339	0.00333294088875857
LEF1	0.179085340300732	0.203019996012753	0.101847144069175	0.0786525710116543	0.185583406743226	0.128752605669111	0.0982129995755447	0.252544380571877	0.0123092897169486	0.00837742439165767	0.0368900603816077	0.0637865561510069	0.000635763715900017	0.00542904619350892	0.00101364223434786	0.00543652980845377	0.00128705164573861	0.33742947083247	0.0240177795944341	0.0300582381343237	0.0150240970756763	0.0113194585167466	0.0287080806642013	0.041253825543399	0.0631946949293769	0.018909587551822	0.0356143265401705	0.0447530146124655	0.103865130192061	0.00896618649835279	0.0502256768593972	0.0114464198323415	0.0957640989133974	0.0304694112080597	0.00954778337779727	0.00874142143769108	0.00516588239061377	0.00509371432280892	0.000903326841092733	0.0256046801974839	0.00137588656442877	0.00684167501877275	0.00700209257241657	0.00641897566964289	0.00848041655235976	0.00400931321920384	0.0724313856890565	0.0315197719896569	0.00522932322567904
LHX2	0.243004486541156	0.19684381805052	0.110289098379731	0.112565466551841	0.181973725656402	0.153378971603102	0.0797918034072195	0.145480363552785	0.0112460570160609	0.0122203018654805	0.0376241488947271	0.0733907502352477	0.000522933965877215	0.00352410259079883	0.00143428852873395	0.00476353002294605	0.0017280896191354	0.0148395888301123	0.012958085281346	0.044183323210368	0.0228479929049414	0.0119055568579922	0.042386217185711	0.0302359908848167	0.033586641576121	0.0153574274905502	0.0403767924427716	0.00704750387567266	0.027671009582092	0.00342103084741996	0.0093005233194815	0.0034634787919734	0.0249593585176904	0.0301763577180938	0.0167585646543998	0.00319626993687994	0.00231028841270364	0.00246696622486064	0.000912526852593798	0.00885061764509043	0.000478654442897852	0.00332541214256521	0.00204029730076083	0.0168607787957722	0.00351863020588361	0.00206051512742134	0.0175082911323712	0.0078589478851927	0.00172316273443573
LHX6	0.114850036519064	0.145642242916524	0.076579984252944	0.0351613715944754	0.149079440855925	0.0630398319657337	0.0656739792941203	0.0979491862663582	0.00689553410379018	0.0121237704466619	0.0234515026747133	0.0398731276269282	0.000253145692665324	0.00215496218794586	0.000274051035007661	0.00165537865779131	0.0029375638715865	0.0190368263780554	0.00999810772879162	0.0261339984371978	0.0100170447760654	0.00912771585934857	0.0110076726207122	0.0175910306441089	0.0478343697153208	0.0100022943193184	0.0199325090101117	0.0282801689327008	0.523319604092743	0.0144482229786299	0.0643436024941262	0.0647631647932658	0.0408116722294196	0.0331777273404326	0.0112877224092292	0.0127083449272333	0.00762300108171265	0.00390339288700159	0.000720363702378934	0.0153659261641285	0.00168615394247651	0.00645276473115453	0.00157800150520515	0.00358592794639068	0.00577807668186292	0.00384761912160347	0.0261600288913257	0.0122851561659117	0.00206375210114929
LHX8	0.210458490459288	0.284374387606405	0.130202705175031	0.0715033455893961	0.274346288236007	0.138870805185502	0.136084503828391	0.233302008094608	0.011501402285131	0.00597134089369655	0.0365625198720274	0.0579044938954636	5.44092552352549e-05	0.00182665987589825	0.000173981250742639	0.00157567640271639	0.00059569524892078	0.0205898858661051	0.0123639708744547	0.0147349552573404	0.00875591559137767	0.00948692085746439	0.00813342448088294	0.021505029999304	0.0344026833648505	0.00582147350686291	0.0306173659352238	0.0127911589713396	0.0544446435134078	0.00714781640220963	0.0252543679323888	0.00337186831565961	0.0354580603206787	0.0538725078642217	0.00751196598050874	0.0055143163795458	0.00142462846383329	0.00295615691114703	0.000181793610181669	0.0101951532708735	0.00101776772820683	0.00518217200419557	0.00204643653451786	0.00976643932864318	0.00893128522294151	0.00406793756785118	0.0331737703303761	0.0179552828807132	0.00206417091688815
LHX9	0.0624907151337496	0.0650940731241894	0.0173759484131275	0.0307824012965519	0.0622609888587473	0.0495886302774211	0.0387624462965278	0.079504805126196	0.0189509910263004	0.0273446817382494	0.0496386046195709	0.0451587292740635	0.00312121059945314	0.00482659778570205	0.00124287520055955	0.000920319760440713	0.00050453191061206	0.0313266486239074	0.0132361599733343	0.0264657638788068	0.0176174764705315	0.0128911886288169	0.0118453657994145	0.0272169018794022	0.0346272078055585	0.00845834931459466	0.0224868713525788	0.0176725638169891	0.0555295395644342	0.0070160610257699	0.0234454771960594	0.00820386666820017	0.0313627886405361	0.116668134817845	0.00848932068601016	0.0134616022211207	0.0108336923633652	0.00901592099374837	0.00147584086538588	0.0329880932421003	0.000881729320290292	0.0112135403302405	0.00351916660542151	0.00713252997858815	0.00948039731986661	0.00582738984832254	0.0351224980274959	0.0200873230834426	0.00563224275300378
LMX1A	0.172569964974755	0.216739231253502	0.0667076995437806	0.0824167511136146	0.21422141954517	0.131025810444788	0.113300527177931	0.243984834670139	0.0139348713239701	0.016237548830238	0.0618050523402277	0.0682067588972702	0.0013307656384608	0.00241699819584718	0.00066610184145488	0.00176455830401467	0.00111712809151454	0.0263696991569013	0.0100366214030879	0.0244391237072703	0.0134304988879586	0.0120192164127813	0.00784385309180691	0.026040913626698	0.0369706499311941	0.00735969745497767	0.0253351083387328	0.0152213117522974	0.0565544169557306	0.00806003494061613	0.0197423069363916	0.00598300023747989	0.0326944439996907	0.0857152557841894	0.0116294775738142	0.00218730375579423	0.000832962472660403	0.00111361911444208	0.000604637091392135	0.0119525899087627	0.00163269800103905	0.00673200549466491	0.00262857284212181	0.00655439951438985	0.00795365972229067	0.00428125072318586	0.0426339175636521	0.0193021304946436	0.00293833557277501
MAFB	0.252638605409164	0.203985290926015	0.196815734317207	0.133839666822288	0.173763461613625	0.218179331499079	0.108318299605052	0.373846949280115	0.0216712711624648	0.0197365957005291	0.0514778418043007	0.120960698020913	0.00181564911516041	0.00428427225731709	0.00253040245438152	0.0109154912138806	0.00375864206470478	0.0283184283013205	0.0315997180478739	0.0746982889804058	0.0234818169558769	0.0212967161540238	0.0924022282480663	0.0635779673054078	0.0760994391372094	0.03082438838209	0.0603904744102657	0.0295507570653825	0.0810653040866793	0.00666754820950766	0.023708807289571	0.00874550142725938	0.070444721990748	0.00508241381179997	0.00624878054604161	0.0505869868255172	0.0464927078028141	0.0372944830736041	0.00257439769075596	0.0168539643775019	0.00301850394791836	0.0132401653635741	0.00549575293183202	0.00957154278366346	0.00656439007979515	0.00282876814044886	0.0234719256480125	0.0121880197185691	0.00225383243524457
MAFF	0.285252014919629	0.184636590678018	0.175701199667794	0.126370006497196	0.147933065480981	0.178731234955802	0.0819007171323375	0.274874067342272	0.0423224945037922	0.0740706791506518	0.101179958296015	0.169602998662279	0.00579369567350063	0.0111442393668073	0.0040685151704829	0.0146493137584442	0.00717465873840184	0.034513670733188	0.0259227554641799	0.067453239161112	0.0247868967571276	0.0234404103532855	0.0686278883348771	0.0569126912408524	0.113780876816368	0.025586967522742	0.0649823607537534	0.0487767494273467	0.116558154739792	0.0071328198476911	0.0377097001604887	0.0118912502822376	0.103989735293976	0.00633326650772315	0.00953414529999774	0.0317239953487223	0.0248967075030112	0.0193554140559364	0.00359843689974992	0.0214028534364665	0.00344361213742705	0.0133029643828508	0.00629403924408978	0.00956040397791547	0.0085822583878834	0.00309532653757771	0.0475119914051856	0.0233985887368011	0.00456385040138874
MAFG	0.163177442852176	0.111603499234246	0.0747670165140406	0.0925067706082184	0.0985060612797792	0.159126731879209	0.0594933700426535	0.143614539459695	0.0355445381729196	0.0478762651891236	0.055942794815323	0.119303642215871	0.00537659617866848	0.00961664328466227	0.000902269770189035	0.00245706059789974	0.000986611351316169	0.0239227310788086	0.0246414318575658	0.0747033246101139	0.0335706512161311	0.0265702600329942	0.0273962844644247	0.0201306438938327	0.0951739444533179	0.0188777344514792	0.0436697064287508	0.042316849095573	0.0713094406843272	0.00859846072933346	0.0336791037215844	0.0148060168202242	0.0719901348432512	0.00947784670344376	0.0115060581285069	0.00760132920525203	0.00415988355554964	0.00410940242142932	0.000781680393434292	0.0156169914585637	0.00367472442701078	0.0183134516165913	0.00486909172253791	0.00552567236355617	0.00522321389905123	0.00169819061067689	0.0278145673851964	0.0114215525542166	0.00258765077870771
MEF2C	0.19373542326689	0.150122850856251	0.0785788126291348	0.101270377350676	0.113711699137426	0.140961147376585	0.0618365299904576	0.162562358201864	0.0231566530421812	0.0188959726041977	0.0539053878187514	0.0725806580324102	0.00205198890053138	0.00366586905774569	0.00119007512559088	0.00593837908450867	0.00236175210791478	0.0391152434362069	0.0398619925324689	0.0662968950784731	0.0236137960557801	0.0258032699975581	0.0562930517064808	0.0605939188400642	0.20402424927491	0.0362383945877236	0.0609073229146222	0.139506407093253	0.268396597858772	0.0161179691435305	0.10580109446101	0.0327923727267068	0.21755190073256	0.0109811499555962	0.0139327125094586	0.0402238956855907	0.0327052130524408	0.0323998109508191	0.00229010750835279	0.014124724690466	0.00403307324010505	0.0141800808626236	0.00679172668258343	0.0075116715823299	0.0134812380430346	0.00399275486524986	0.049006633310315	0.0272530880158363	0.00451184865499188
MITF	0.234733679376821	0.152981431574504	0.114661025459206	0.110611414337269	0.124820897132834	0.169673560549924	0.0764265359170109	0.273462169820666	0.0270800176548597	0.0294479688320898	0.0720002675814634	0.109352513552488	0.00249593032015816	0.00664078421375081	0.00232254239414376	0.00941841307471769	0.00404122073937763	0.171662967468407	0.0386359279449735	0.0988116731529333	0.0307425336912812	0.0308317903506703	0.0884275612405236	0.0686791045120059	0.121647235523659	0.0345225039343415	0.0668229625241747	0.0490019842754696	0.134378604427902	0.011212336402769	0.0435689317654793	0.0138290397506284	0.119674512268754	0.0158127708983669	0.0196130663460945	0.0479109811722648	0.0520062276310269	0.056764614358749	0.00277692905896809	0.0783408056596535	0.00324490403444999	0.0152384849591203	0.00704442506380443	0.0118083848747141	0.00849259993366414	0.00367280374656276	0.039697821946485	0.0202917989545794	0.00369825000566926
MNX1	0.194318896780796	0.281065025131645	0.125197433318674	0.0607561984851255	0.28031800919081	0.120787815667081	0.134565836088126	0.197869928293694	0.0107977408175932	0.00435948849949019	0.0311466650585337	0.0536165737755363	0.00062833785735128	0.00121688202758907	0.000259922603234708	0.00131477849300177	0.000361260249173379	0.0162240405838856	0.0100007955723269	0.0128531733877875	0.00679844948896235	0.00598946547890167	0.00616787103459526	0.0190539911364447	0.0260100282155336	0.00483398679350089	0.0255396225545976	0.00906527827115955	0.042595068364046	0.00694230278442787	0.0176648582847837	0.00296637528790156	0.0321482233192582	0.0551993863256763	0.00666519471833593	0.00431098768565064	0.00107414535107264	0.00214294865108555	0.000143830825132141	0.00911408670252745	0.00094630523877437	0.00426083453481207	0.00178992692741697	0.00627437737225478	0.00912624871942924	0.00455020220142566	0.0312022061016981	0.0151763810984202	0.00167582853282444
MSC	0.246780383297817	0.13171593136732	0.15134031808317	0.125194834608384	0.094071254863241	0.15319910408135	0.0497725702005216	0.174841985094204	0.028917651936351	0.0256327342909615	0.0471366959764311	0.108116782614924	0.00273055069039385	0.00502719718871392	0.00382739541050325	0.014400014237687	0.00525323526602151	0.0413114341815595	0.0727854967958836	0.129546476083043	0.045037001990043	0.0401935979601824	0.205583852722183	0.0843932893990342	0.171856409941024	0.0787231855805601	0.0893693231464558	0.0438972464734799	0.111080513928888	0.00961970180045657	0.0319591979690843	0.0170865888763758	0.159222311445275	0.00509756801842454	0.0132818552343064	0.0549523934205634	0.0463796702398113	0.040643670698351	0.00334173434089458	0.0278897602201245	0.00354063089131551	0.0147230623170246	0.00650985261468939	0.0102710209795749	0.00716993301452695	0.00344254671051192	0.0356423616812169	0.0180092408660724	0.00317668008434113
MYBL2	0.286417354677401	0.212523527510103	0.159710601354166	0.256522483959672	0.164639303408092	0.228916969691973	0.0988119863838676	0.311057593755936	0.0242136197944147	0.0214727766038987	0.0541771431508038	0.112505948540786	0.00260586388151696	0.00455720997400988	0.00506731023499074	0.00929325979735574	0.00381420931181942	0.0304206158286102	0.0243454328531461	0.0445502808405679	0.0188010498836462	0.0148390016141342	0.0561043897545221	0.0509201891835748	0.0817363950106482	0.0476732793158809	0.0541786711363762	0.0338758803045163	0.0941487164866216	0.00783275247430759	0.0307115875379109	0.0213406700462306	0.0767251954692932	0.00629514493264305	0.00729873122702918	0.0225882000126645	0.0188115798574156	0.0165419662158972	0.00212957377213263	0.018132756523614	0.00321416312297673	0.010272099457048	0.00740664573432592	0.00814849408188367	0.00785169293050236	0.0054849745814558	0.0420306818448294	0.0192096171262094	0.00346112813841981
MYC	0.293448131944305	0.220720329104282	0.164965982006682	0.13141446640874	0.168695689231951	0.180499888215214	0.0849345967859418	0.24642312691613	0.0257875301085579	0.0418876952966978	0.079944109017188	0.15728665788308	0.00343209584779824	0.00803647797972462	0.00222027507132405	0.00854760236566343	0.0034899667838979	0.0287846434085917	0.0249672528828827	0.0657669109197285	0.0205574349247346	0.0214915977471228	0.0657997828978834	0.0497086166223779	0.143261473352655	0.0267799998442302	0.060679514069288	0.0518851576908648	0.112615153966842	0.00761032175786114	0.0381434260288205	0.0115712293701615	0.138826369988454	0.00329348713009314	0.00844737880367863	0.0236901911060066	0.0194763964130156	0.0151811549104377	0.00219395994194538	0.016554572429722	0.00240229222746391	0.00833631655299993	0.00400097709437164	0.00727506141088996	0.00634183112311781	0.00231645263478719	0.0320487694705235	0.0158552181108151	0.00290571388351202
MYCN	0.0701350499253093	0.0546086319919967	0.0161744962744015	0.0379125986116704	0.0549574448349093	0.0569239810311547	0.0412119225918057	0.0951443266284691	0.00706111936591514	0.0116229357052283	0.023228954431638	0.0260648597197867	0.00052578186552299	0.00142514711673569	0.000108392153264081	0.00241608699003248	0.00223367736198643	0.0096264810363591	0.0100661659662634	0.0172414971854342	0.00836843011457955	0.00942504816687162	0.0155811365420901	0.013129726318317	0.0336119496814096	0.0104256860422205	0.021928991330294	0.0129747717168611	0.0834771548399931	0.1479048808938	0.0245075485837101	0.0112463733989105	0.0278491877649939	0.0641361642393964	0.0262947512469767	0.000596931997117078	0.000857301751737038	0.000503247682294594	0	0.00770855280863425	0.00057445906437148	0.00288513569260418	0.00217675492021741	0.000839392307893982	0.00401053692609299	0.00144470600722268	0.0157429409826149	0.0080690156922909	0.000596939502517047
MYEF2	0.215767338377571	0.232120238124833	0.115758012424056	0.087552453419846	0.214187180046724	0.140003387907633	0.111435763896628	0.25892643553064	0.0253218865863016	0.0255082487994363	0.0562253901160343	0.0863321799921406	0.00131916496071838	0.00612207345364091	0.00267076863141313	0.00993885495456148	0.00434509607454869	0.273911543095242	0.0130237220666294	0.0321106504643675	0.00907611788020302	0.0115064185738164	0.0151061129617028	0.0373633045514064	0.052524455696733	0.00800324476142178	0.0371077687310882	0.0173071503040353	0.0530739194330334	0.0101222296798508	0.019383092203423	0.00469604951653091	0.0484055788710156	0.0356586852846104	0.0155890583986795	0.0126144942514651	0.0108534720030972	0.018659291932581	0.00189858936479537	0.019727387620581	0.00187387298703545	0.00855802266311079	0.00685720045612559	0.021366967379904	0.00747704050727149	0.00371364471735758	0.0310783461206122	0.0160019283649204	0.00200289432394207
MYF6	0.191548522395378	0.269169991819769	0.136742293891865	0.126705178850599	0.276904705274306	0.114774813506444	0.123689257403225	0.166452239862897	0.00920181271993181	0.00326124235187608	0.0207713252431122	0.0512662434818125	0.00041114612369042	0.00108155077440508	0.00402851835805373	0.00189937037008581	0.000243815173604167	0.0139241311778642	0.0116988389517039	0.00979509312155391	0.00447711448563537	0.00514660431922609	0.0186597368484749	0.0194417966428528	0.0174638847421824	0.0159231829910749	0.0214991563171633	0.00645341619215478	0.0280088761872416	0.00501513353717209	0.0118342710729924	0.00536049267908267	0.0222767687003771	0.0136025134446895	0.00340498739882222	0.00679024750858881	0.00219767357304013	0.00265487844305057	0.000400630011561542	0.00818271053323971	0.00154062204744843	0.00379689326756849	0.00138929062489113	0.00547759327674158	0.00499458925385743	0.00452186076318384	0.0246434406101218	0.009398798048881	0.00148056538707708
NANOG	0.0425748752099169	0.0179454014096125	0.0195883359469633	0.0218581344338246	0.0185804824241076	0.0224293566712086	0.0113053327911319	0.0177385945917929	0.00808902178364257	0.0104935025861902	0.0425300738853556	0.0559732565511315	0.00271746003128404	0.00265867595608804	0.00110412416014227	5.99520433297585e-15	0.000411628168413003	0.0150545095864026	0.00874767129009402	0.0163263443990769	0.0116958620249221	0.0116261376993583	0.00600512551274313	0.00693807625167575	0.0256169733274922	0.0087114278189373	0.00953399868097127	0.0120403408913474	0.0267279340184644	0.00538499339316856	0.0124593752597864	0.0101073688442277	0.0194580473656729	0.123808967598395	0.017391023624262	0.00034105507585358	0.000572585270127268	8.99280649946377e-15	2.22044604925031e-15	0.01014386398462	0.00394948288122698	0.00468389691396187	0.0041717691887726	0.0014534781572626	0.00899202218350659	-4.44089209850063e-16	0.0372781908553075	0.0160791424493958	0.00281021649983559
NEUROD2	0.0285080992175578	0.0342508293771729	0.00955135595531909	0.0157177614352491	0.0315092807578813	0.0268004854134037	0.0229344360837753	0.0368411564554967	0.0143131635491591	0.0253854434543317	0.0434487029326125	0.0371854620486122	0.00061671764967941	0.0060914348869443	0.00160668728364499	0.0123682482624281	0.00253522351567548	0.00868444247551103	0.00547281679451417	0.0105128060652309	0.00669383917722755	0.00512332626198664	0.00114336374446367	0.00967186400913467	0.0129139864876275	0.00324428647355735	0.0125786449419267	0.00590944998726806	0.0148055245138139	0.00717532636271478	0.00990603113795363	0.00290840164253003	0.0125322678640263	0.0794922415713194	0.00656971725026123	-6.88338275267597e-15	0.000185723340414001	9.59171719804308e-05	0.000626175821841546	0.00581131977401816	-1.55431223447522e-14	0.00243613815617472	0.00384123060556996	0.00320662534716698	0.0024819178821146	0.00460490660538682	0.0232269915094242	0.00903989571063035	0.00307995221291724
NF1	0.137271946832021	0.196280801499878	0.0776402856022997	0.060751305433682	0.209484750885529	0.0830412527641885	0.0936016572835077	0.119160067758774	0.0105194724356649	0.00877557221620151	0.0326006555833327	0.0500300366178481	0.000915345184469007	0.0019222198319131	0.000101299296065727	0.0038079485118605	0.00130737128251623	0.0124870683602041	0.0095833016219472	0.0192328388408873	0.0105758864040122	0.00823176242120105	0.0112725439751029	0.0256658778322358	0.0270818973795568	0.0050219979676922	0.0220670754680538	0.014059482673342	0.0406865483898056	0.0056760115883705	0.016286779322239	0.00600209646561067	0.0264615207437884	0.02476748247158	0.00543278544449421	0.0126529481648161	0.00986353217234881	0.00817573237364932	0.00103781996264618	0.0100650451502831	0.0020856181230956	0.0096996980942361	0.00204529168893286	0.0105912528802293	0.00433411460731803	0.00450671670306646	0.0361586546934253	0.0111014174639663	0.00253012820845022
NFATC1	0.0912586020673903	0.0683060111501214	0.0395504446013872	0.0420973737975023	0.0570209889822548	0.0586078588955345	0.034040704421994	0.093317314932567	0.0175350746609251	0.0274685042925082	0.0551450178881725	0.0500165247067839	0.00186576778136505	0.00379248658424269	0.000984628181842195	0.0034645826519677	0.0027385355773506	0.0159815921775227	0.0489068308260551	0.082148894743703	0.0230177198076241	0.0315000161293446	0.0612955260713315	0.0712409929652347	0.152783444741928	0.0428214048570246	0.0496151040804316	0.0604796256094489	0.225492514978193	0.0973418527543064	0.0647043452276754	0.021370109706131	0.193967182585774	0.0417140272435221	0.00869791534070175	0.0341945895141935	0.0370273462905277	0.029345859370677	0.00225212311207579	0.0333196436862759	0.00668177485391275	0.0219036266474129	0.0252572318893243	0.0124623989661635	0.0247242513437198	0.00379459275725069	0.123779661391067	0.0408219814708455	0.0084274042679604
NFATC3	0.125481648959943	0.13182403840161	0.0322902091317322	0.0763306836460722	0.111201853362465	0.100661566235723	0.0697225949942166	0.138388705052777	0.0129743668339419	0.0146106526169132	0.0513107444520489	0.0599473498120805	0.000950934055678143	0.00452248760463902	0.000609657592006041	0.00187962831443977	0.000447200105340384	0.0156982962764858	0.0109784430166835	0.0263087258391717	0.0140285614222381	0.0165232590472401	0.00805705868366779	0.0273746112847183	0.0426586658790586	0.00789586019395738	0.0267034793682852	0.0251553958325037	0.080909008010438	0.00873749745028685	0.0249467295374579	0.00990594760331309	0.047810385731694	0.0358194609294313	0.00837049446587612	0.00377775292537819	0.00237721137362956	0.00263167056702518	0.000417045001210203	0.0227359113622989	0.00107437436501234	0.00406146646196781	0.00415252599603932	0.00634396843419494	0.00463299885012913	0.00245931487694051	0.0420383382289321	0.0294812036719575	0.00420417759537073
NFATC4	0.238504420503787	0.176603771069621	0.116579919639055	0.114094673381708	0.143182406823673	0.159923072245941	0.0776554980194655	0.236939046179257	0.0230652208139484	0.028387122637908	0.0636433422326511	0.102155652889646	0.00222448673079811	0.00503066095681448	0.00188007342614538	0.00706483776747857	0.00318380807052598	0.0358371023063402	0.0556111713773271	0.12906926942711	0.0442385953591236	0.0443152639707527	0.115635888291365	0.0534896703095826	0.217749131716767	0.0510765673816385	0.0755883784845732	0.0585341280556244	0.144838989820667	0.0116061641741254	0.0512390407643577	0.016081780412866	0.206318671502347	0.0126927647275579	0.0160837716248565	0.0221806350313805	0.0201755625330893	0.0170213434772457	0.00175102992067178	0.0199890009993637	0.00239978300258858	0.00957498464075557	0.00515601945053779	0.00691575784813425	0.00707267025459279	0.00310106899317208	0.0376899367151819	0.0182872679566282	0.00319563989086025
NFE2	0.232445612667699	0.205318951653923	0.181561225334762	0.112977033804241	0.182317191607725	0.184826745312779	0.104923548532651	0.450641150080304	0.0243788886836357	0.0101590849178684	0.0461764952281871	0.0941158914440857	0.00128608296435206	0.00289278125744996	0.00249828429058219	0.011440684500984	0.00257931119285959	0.0300542205882796	0.0153265653946445	0.0283100470769964	0.00827297522270043	0.00888655685515594	0.0318434660065905	0.0541001015406781	0.0354827867126619	0.0111612202169802	0.0486203009720989	0.0225676891922574	0.0553600541067265	0.00585910952139168	0.0193888336391139	0.00424657771853854	0.0402062118689452	0.00998953216819121	0.00554740236933737	0.0600005326799038	0.0349424290754339	0.0319342874615549	0.00310438698873838	0.0114981706630469	0.00262721822539658	0.0104605915665766	0.00397462074657573	0.00890337534751973	0.00677036928691466	0.00389182288318013	0.0270109286982199	0.0135198492589905	0.00187939389824399
NFE2L3	0.207865395415953	0.218921599911759	0.178829002772312	0.13127875454322	0.201680403686939	0.245672893356862	0.143042234115268	0.548833891133348	0.0172532813749465	0.0120013528731853	0.0432166383970556	0.102828616033901	0.00112456068190547	0.00280959821791082	0.00161783635814694	0.00815218726819622	0.00224392617452285	0.0241178767451469	0.00895818742376964	0.0191390733353856	0.00525366019557127	0.00640259964401935	0.022058449410276	0.0341616127679514	0.0281901767723867	0.00705951293134333	0.041187171561603	0.0132961181351663	0.0396343719850849	0.00410240868524392	0.0129438686677412	0.00385568289875604	0.0269466666989926	0.00432694598527972	0.00332454729324394	0.0101065572401069	0.00746445082293357	0.00671851972409709	0.00111124312826472	0.00793115760838226	0.000792050139096556	0.00343889537402964	0.00186115233699202	0.00395101984135748	0.00261078878399879	0.00179505427851478	0.01246300387665	0.00640346509063083	0.00112393440503711
NFIA	0.259194673023706	0.17412363846002	0.0858997505376315	0.117152392052722	0.141257140752218	0.153299639026048	0.0796027068376055	0.212184318680615	0.0475102248923494	0.0603215356360138	0.133670735191451	0.118663809458441	0.0052136641322218	0.00855620759910736	0.00267990310975741	0.0104714000334505	0.00593998029931775	0.0253331433844397	0.0256667906864293	0.0879241789169722	0.0281166042512575	0.0304449532455923	0.0414831670747472	0.0325078045982781	0.108665782222594	0.0166286225729169	0.057609218566111	0.0731069526677599	0.172897863282591	0.0176085920918903	0.0621668957434407	0.0177003888064793	0.101888908142426	0.0154857252873239	0.0143947099752166	0.00833919902544533	0.00899808535476665	0.00694555288042897	0.00284739539798629	0.0125181448253513	0.00151018060401431	0.00587754787627137	0.00569379749006704	0.00451467440905895	0.005443012397503	0.0018730332536242	0.0236362726580743	0.0105851007063835	0.00192342779494825
NFIL3	0.282683418924278	0.191368878047451	0.169153135179686	0.126446072818878	0.151888600824809	0.181891840898763	0.0830611060388939	0.268029173059017	0.0318292518695187	0.0505981567840397	0.0864214637186014	0.155215433738093	0.00409445617546378	0.00869936090077306	0.00287056305496391	0.0108946367166016	0.00456047232500634	0.0340104941061815	0.0304360102491156	0.0776280262548205	0.0285370465671237	0.0261962984289505	0.0823953092516165	0.0588183693519235	0.13101381644964	0.0310867480093555	0.0659024160906643	0.0514874309420628	0.117402641448899	0.00702868343234486	0.0384413402515138	0.0124391966429311	0.118117710523228	0.00574858948562373	0.00978634696292269	0.0340708058997321	0.0280177400693689	0.0222695573171908	0.00277995671859577	0.0232297446756033	0.00326388400603839	0.0132576674316067	0.0059978935786017	0.00947108892585657	0.00796262858998464	0.00309134735681316	0.0433978834484214	0.0218665637842694	0.00428037586336671
NFKB1	0.258949941070034	0.199575722179571	0.144368834173446	0.133221916358304	0.165952302598448	0.182824725722326	0.091346013441688	0.278039694962993	0.0289961766604981	0.0359630584079516	0.0712549144588689	0.120030191902706	0.0031994961481514	0.00628750683965751	0.00269112438987185	0.00967308033642111	0.00440183576541853	0.0359604478018217	0.0290335744270492	0.075076219335632	0.0298165065709333	0.0259710494397094	0.068338313394349	0.0774805821190481	0.111472182868837	0.0294045782112556	0.0602939914600162	0.0512944288463483	0.139016508301784	0.00910515556487179	0.0429492068614219	0.0152017449599606	0.0997883819435997	0.0124598661595007	0.0114738942382824	0.0512093796845721	0.0411496847305401	0.0328478010896974	0.00309645965888405	0.0388483003789866	0.00671349581103309	0.0258496380093083	0.0129066107941935	0.0169743165100376	0.016833371990713	0.00508860918636733	0.085878973120924	0.0427288160793761	0.00834247059013826
NFKB2	0.257583599477063	0.194671372140024	0.148445307528522	0.131356030556543	0.161992092042445	0.179271116286944	0.0896322823118758	0.275611610605933	0.0313269453192826	0.034893974537643	0.0736969621130863	0.120837313961653	0.00323248710269675	0.00605517099058073	0.00267605613225719	0.00970527367244656	0.00452742447441101	0.0335991387371366	0.0269080036955769	0.06466211667008	0.0262761025075846	0.0230374103709665	0.0625839750758609	0.0870530893863524	0.102127860926908	0.0277556403765404	0.0603475054117837	0.0512390717716733	0.134084954801054	0.0090566097231326	0.0427898447231337	0.0146130481820861	0.0928215696139691	0.0122147250716482	0.0104144370682897	0.0505536943217511	0.0394008972154893	0.0320046973054378	0.00333808949602243	0.0366314668131891	0.00674301507723063	0.0256433067011264	0.0154148913459633	0.0161126376713737	0.0219705102075858	0.00654728207251942	0.118083555160443	0.0577714264133121	0.011036428830969
NHLH1	0.0512997939925939	0.0534660657629522	0.0144853950406214	0.0279246854023057	0.0542086450034326	0.0410906812442264	0.0355704930355021	0.0655715172118854	0.0087359119421172	0.0105964488212993	0.0298830591057405	0.0341792931462837	0.000463180856438816	0.00129444934240941	0.000929321099078839	0.00237437532917073	0.00257615020412638	0.0199798669602311	0.00605816681065241	0.0243056247212692	0.0158177736812629	0.0114198453630825	0.00583026482249793	0.0286165868236123	0.0373994638154356	0.00651884979719863	0.0202109346898495	0.0154198330089295	0.0328743261121591	0.00546052303078204	0.0165510306696214	0.00450692440872857	0.0308084815460437	0.0453117558468626	0.00889985758213885	0.00591645355312787	0.00454278869307378	0.0196174192739303	0.000929210225525501	0.0139510711975608	0.0039180622053836	0.0661800154506534	0.00591957078369576	0.0230144685713138	0.00417643120551436	0.00200534826258747	0.0380248860841637	0.0159383697122086	0.00331450289407598
NKX6-1	0.227707740673037	0.298897971058349	0.140116072318425	0.0847701156111077	0.281229529082738	0.155589123424154	0.141996559272198	0.2620123739441	0.0148050543348799	0.00838348104289033	0.0388701283874584	0.0637260542502046	0.000324264420616727	0.00207263533843183	0.000262785039605085	0.00217472030785504	0.00127049413255054	0.0225962990171122	0.0134353981449948	0.0179530681086149	0.0079464757719494	0.00850762371534519	0.0092909812398162	0.0249783607895728	0.0374754081482336	0.00654881581024291	0.0345498510959144	0.0141301820363151	0.0613163829614036	0.00804761651988817	0.0275501557370836	0.00402022299210358	0.0411378564867837	0.0358250828888491	0.0120510690059106	0.00646422734071439	0.00208521853729704	0.00300952813461308	0.000542508033914091	0.0116212048062294	0.001157929470887	0.00511266844490166	0.00267440947142639	0.00779930963876696	0.00791329003849195	0.00487907238320995	0.0364532856941322	0.018080905354054	0.00231741112546224
NOTO	0.129357211064992	0.145749615452257	0.0267226256380211	0.0698263376395419	0.135625081420069	0.101859965934538	0.081318123402746	0.18164011907032	0.00968251050532598	0.0118809068111354	0.054668491783288	0.0540843983248638	0.000617649065580483	0.00212074065480572	0.000349946424818004	0.000854947741675161	0.000881700286137654	0.0235459670172476	0.00895900009121198	0.0246419307997443	0.0126522941908378	0.00949996073025239	0.0057000637460034	0.0187851364931307	0.0385985158313855	0.00561347643931054	0.0255762563735136	0.0170596269696988	0.0544501757016916	0.00505265031974733	0.0186987486609251	0.00721419324895067	0.0299022201175303	0.100203365117793	0.0121712934859857	0.000634061711928702	0.000440585879630362	0.000754693644254179	0.000315145860827926	0.01033027229677	0.00176868692172527	0.00729948758528343	0.00183421472592382	0.00326440599185962	0.00786968187376402	0.0046217140806446	0.0324098244414668	0.0155017654118278	0.00210057112124518
NR1H3	0.15386943172625	0.18690385155971	0.112109290228447	0.0616518123160057	0.173303199312502	0.122579751850009	0.091407294175388	0.308208142368222	0.011415895973986	0.00521177344241686	0.0246340760932146	0.0545213369185134	0.00036203151702674	0.00136187946303645	0.00033848434814221	0.00465332051619005	0.00177818153782916	0.0214003544649117	0.024325321491893	0.0345474773602747	0.00976361684049376	0.0134097201098695	0.0512614026491793	0.0960127947936811	0.0644114586569629	0.0247614031279768	0.0497960954737704	0.0279614888011632	0.0607378200978435	0.00860418610457026	0.0421470126755321	0.00483040017283831	0.124782823222145	0.0150167070306061	0.00712161346153062	0.105647149647746	0.180450999279607	0.197496948637554	0.00299218645848676	0.0205258138746398	0.00218227306091945	0.022594748235952	0.00522237031297301	0.0137261301941607	0.0080968699411863	0.00283737024272956	0.025695480723982	0.0131584539941436	0.00193240758351398
NR1H4	0.233337452398806	0.289391176743483	0.136509477377352	0.0915026529360681	0.266802770503866	0.163316714221629	0.137816745241883	0.279871233979318	0.015701188766839	0.00862541096284264	0.0475060095454117	0.0726791211900704	0.000295652826405757	0.00238067279062038	0.000213028287045836	0.00250779090804221	0.00144080920039324	0.0299568716498531	0.0146810867141824	0.0240369235590098	0.0106705148967527	0.0102751376912751	0.0116032596874733	0.0311877517706965	0.0435359971926015	0.00715550279206856	0.0377005111378124	0.0181722044029572	0.0710927957437557	0.00815058860630213	0.0304599003138506	0.004716931711645	0.0465907573320051	0.0395180705398732	0.00947088686073083	0.0209222376295357	0.0117587228521268	0.00702830094162676	0.000712525423123722	0.013610627303329	0.00198168368573759	0.00930784918200456	0.00547295650105872	0.0106284060518149	0.0116963784295613	0.00460055211327604	0.0396976353476725	0.018816414936955	0.00265209195865546
NR2E3	0.108524137895526	0.136939846204651	0.0328539745811001	0.0685797093113953	0.116200051593653	0.06904782133072	0.0573413006986139	0.0761704885409362	0.010092652603312	0.015808544903807	0.0494547019386706	0.0481972431155577	0.001657212116704	0.00248877679959558	0.000757822658449592	0.00149044986826619	0.00135862643006102	0.0157354988118148	0.0128579743883497	0.0375689732940248	0.0161746701227323	0.0213897919193494	0.0151056778454024	0.0219992780912106	0.0477043143836742	0.00880324181698766	0.0285754867515118	0.017591120685454	0.0530339610314903	0.0133563967535579	0.0212654403416516	0.00544606079529419	0.0419024502691423	0.0452375129646325	0.0115975889032569	0.00294477205759469	0.00254935982190807	0.00167533885409332	0.000789507056193517	0.0138663838978661	0.000570577799056782	0.0043514841157366	0.00169873089827766	0.0035845883818536	0.00547347341135951	0.00320053481728744	0.0306150302854296	0.0221704322850338	0.00198941952816134
NR2F1	0.0191258135923099	0.0218875289921749	0.0116603027484721	0.00927509747499045	0.0179532319522546	0.0147661013189155	0.00973131269633432	0.0201878548794907	0.00281001952844762	0.00132902240195198	0.0111992952020825	0.0134499682954772	-4.44089209850063e-16	0.00190289487036632	0.00695523588697855	0.003504540312539	0.000481186446110726	0.166041352050889	0.0428328152291995	0.0590236133934025	0.164617245981338	0.046570927713895	0.0306779077285348	0.0149945358321179	0.0764139248210218	0.0195095640896871	0.0165996830432578	0.00793561829713996	0.0183669738092636	0.0278188147375359	0.00989598109178469	0.0038624104221181	0.0663026780240186	0.0369365814099825	0.0168344375737186	0.000893406870187352	0.000766533139332726	0.00103611074126131	6.66133814775094e-16	0.00862830348087185	0.00061456724631026	0.00169299098594422	0.000483123475228275	0.00058813110219702	0.00133245296002538	0.0037237240292054	0.017230908318369	0.00826954001783109	0.000236425968612064
NR6A1	0.25420961381957	0.258515846590075	0.104731757141494	0.0926089211523029	0.240978315519837	0.144723054308824	0.117051542637526	0.232121888863533	0.0155882585304361	0.00808984123997114	0.0517814156923704	0.0623351506165264	0.000373889727389387	0.00170636437768179	0.00061916372530435	0.00178396283279136	0.000773845669324258	0.0218983642844639	0.0170011553481833	0.0285589031587048	0.0129607028747556	0.0120850870071328	0.0131061888986204	0.0283301640398663	0.0443064977271057	0.00908652081267913	0.0383054877420461	0.0182414691656532	0.0740587619467805	0.00872547217325104	0.0287769715995398	0.00589112406702275	0.0451196443153397	0.0699753601934717	0.00945724952302407	0.0185713096988918	0.00893540127201242	0.00324633094862148	0.000453989277450662	0.0125330644114174	0.000920990764768925	0.00596484798301788	0.00290846224423502	0.0071275148233827	0.00706914009082948	0.00409350758069349	0.035686926385129	0.0158802913663161	0.0023273902594656
OLIG1	0.215012315614276	0.276291400508745	0.155189965417709	0.095106635868477	0.253953155290354	0.183642945982383	0.138808723514634	0.349319179624149	0.0159391282635675	0.0172234083334487	0.0420121226172068	0.0868581670525524	0.00034051049976358	0.00228608877643821	0.000818970616877635	0.00466326722311794	0.00205363250905044	0.0220844222919925	0.0116023539466317	0.0149825653773441	0.00569678501284665	0.0078025940368609	0.0146807439197989	0.0350774855745288	0.0318903394451098	0.00600885342391921	0.0386505406633615	0.0122441645106215	0.0541626105644277	0.00647181477589043	0.024604088566257	0.0027195591452891	0.0369111223831733	0.01515519984097	0.00616092562455384	0.0319892595306799	0.00795052028295062	0.0117052481723964	0.00119570101165267	0.00995857639585662	0.000924128129858537	0.00526317273674959	0.00276293436604702	0.00718699515444765	0.00776411142328026	0.00398028170359743	0.0314808793377538	0.0145093871045738	0.00215196100667669
ONECUT2	0.0174858141506093	0.0192021113386028	0.00581380388061259	0.0117916786654991	0.0187458143664648	0.0211875811940251	0.0095550504976869	0.0315036916602872	0.00292150554608739	0.0013613302197002	0.0156233935979662	0.00957045908820908	0.000260501830787074	0.00132356884985974	0.000644761333237875	3.75598603130634e-05	-2.22044604925031e-15	0.00414545263492005	0.00716239033723731	0.00582292339547363	0.00716169783288412	0.00471791111477082	0.00422138295806018	0.010523260305247	0.0349978225535723	0.00143072386081111	0.0119140656620578	0.00576105597234877	0.0151513702053194	0.00706791148281671	0.00601933363613238	0.00115053844704138	0.011122100146151	0.0877615109880984	0.0039134361755232	0.00787688220582505	0.00274407150821321	0.000781772279877302	1.11022302462516e-16	0.00767518215255503	7.7715611723761e-16	0.00478774021373984	0.00278212649664678	0.00276353962582787	0.00189555769674188	0.000783127270126638	0.0202114337262682	0.00723367674032593	0.00242734944857659
OTX2	0.235158832574248	0.3001455690734	0.147295873669984	0.0867039055989571	0.276758964864521	0.16161094553801	0.142622975377767	0.280456194901834	0.0146850032752865	0.00684182811886169	0.039157776107293	0.0647997560728349	0.000123407936923892	0.00169406604077416	0.000126763790322504	0.00243154033250237	0.00157913504618645	0.0240189723202615	0.0138190180909281	0.0186955360670029	0.00765230106974113	0.010305720527536	0.00925167890171852	0.0272362434053418	0.039193629273409	0.00623910917259318	0.0384001006117554	0.0148545526103895	0.0652266849494818	0.0090248866177649	0.0298128816060919	0.0035666098625331	0.0456649293754774	0.0329234433640533	0.00902030479235982	0.00866631714715904	0.00263226044349318	0.00371377935472594	0.000495373964393808	0.0122469474020339	0.00121815473593012	0.00576174800073326	0.00293519942127574	0.00970796436573074	0.00927096822052631	0.00430019357632838	0.0376735977050456	0.0177317005850522	0.00246658174081038
PAX5	0.143595644877396	0.17900146040152	0.0543171545085406	0.0721617977524575	0.174623939582433	0.10510866506197	0.0858679540173911	0.171492902908562	0.0161814727435212	0.0120727144407111	0.0406470660751164	0.0585622735218704	0.000595858841827113	0.00306769608885049	0.000691156805472604	0.00406964882877303	0.00228734300512434	0.0249119347919671	0.0144329788016502	0.0338394602352643	0.0131970673602415	0.011711763187599	0.0162414665630985	0.0610990115769068	0.0446481566119994	0.0101145152262573	0.0335398083815626	0.0273324350988025	0.0846674047068465	0.0145416896513277	0.0303466365257048	0.00797593988236578	0.0542461626468997	0.0749283246846544	0.0120016588399015	0.0223512293943986	0.0151568876065146	0.0121478451805168	0.00182933609789293	0.0294006718258304	0.00749765695818039	0.0195011450846971	0.0146061468148103	0.0165158769484814	0.14239766736182	0.0247716006165346	0.0696818920322708	0.03608374632094	0.00780042475432641
PAX7	0.055403642009206	0.0677075682265639	0.00895223604779272	0.0294347598333581	0.0714450071381357	0.0497702648871456	0.0438859557391266	0.0753767291387319	0.00630616063937683	0.00357574443470821	0.037460879931603	0.0216811713869804	0.000370965290917069	0.00192728779216489	-3.10862446895044e-15	0.000717616391596176	0.000182162230221494	0.0239082245332294	0.00778641785930412	0.0156505606636628	0.0099906929288891	0.00931401371555496	0.00372836883593175	0.0136503658675273	0.0215896758162352	0.00298998523245353	0.014365382527297	0.013678964210271	0.0394529520810022	0.00779125097624167	0.017652389882385	0.00698799310900289	0.0158709341394496	0.136916558461407	0.00686469769028031	0.0013090683405268	0.000182490033826754	5.55111512312578e-15	0.000416391415665185	0.0116023483387778	0.000817552565587243	0.00285974460152161	0.00240747734698243	0.00233544411029085	0.00955973069288296	0.00486025442320104	0.0295666948744003	0.0128822722967989	0.00043007840737308
PBX1	0.279351413699384	0.243544774094662	0.119574935092241	0.125995901094564	0.200486309131131	0.175220991756362	0.105245109908457	0.265298579324944	0.0469035476425843	0.0537521342924456	0.117465630586181	0.114325401613687	0.00461405940989323	0.00745133743781978	0.00186215267302781	0.00722068832411926	0.00474642142785187	0.0359082833840524	0.0247346198477643	0.0790640133005716	0.023087912732195	0.026388205212339	0.04613205826642	0.0366902791817555	0.128237993978004	0.0180224781999274	0.0605298566605178	0.041772591497536	0.119758370991419	0.0108752184992655	0.0442662387937178	0.0107824240112169	0.105334172048048	0.0178227091936839	0.0122629296877379	0.0130886254697812	0.0111620255759699	0.00815735423811459	0.00258488017295166	0.016538043519744	0.00144507438097374	0.00603991784441948	0.00269546380514929	0.00633588564650167	0.00517784630501772	0.00264362037700294	0.0277204197626906	0.0141683885975559	0.00234042512076083
PBX3	0.240260941073506	0.238593231599271	0.121476933890112	0.100262193873911	0.21429019727069	0.161506187546549	0.113175578959821	0.282260773366598	0.0545896504733043	0.0409171355827326	0.180301109417277	0.109685331997779	0.00416053739526145	0.00595883214442861	0.0018152001367473	0.00682628552107023	0.00399263849642906	0.0308857186720372	0.0198348458644599	0.047495879750137	0.0160790538691933	0.0192820031798191	0.0245490404987445	0.0509865305730458	0.0810133722604489	0.0108231487107884	0.0514006601727551	0.0326601534585512	0.0956221537585271	0.00996035289736463	0.0393712269558923	0.00718056377357623	0.0813307444493587	0.0355803863945838	0.0121382177100682	0.0294076023225129	0.023258172934993	0.0174685835664534	0.00333996245850399	0.0189463100163405	0.00388680068308878	0.0162151597891468	0.0123339423261604	0.0120016686390234	0.0112075498761024	0.00444731774029838	0.0581982159833748	0.0271069659584224	0.00495333128503894
PKNOX2	0.226119755836183	0.235800524455615	0.103365486002776	0.0947996718055151	0.220476698870273	0.145286494219072	0.111053434778454	0.248817205177017	0.0188475092752927	0.0176581709318773	0.0518407975710776	0.0802243747657647	0.000916508017225759	0.00535954252316473	0.00125374116669286	0.00442260255379789	0.00333772231144525	0.265882706126787	0.0178104660144797	0.0456615069907571	0.0147632680333492	0.0174302744711778	0.0218870887501577	0.0305071146221096	0.0672955083918436	0.0102435224406419	0.0426726234258163	0.015900134313239	0.0571310209502266	0.00887273752664286	0.0200348854862724	0.00489615466324356	0.0587324241346026	0.0457221990585591	0.0212585031617798	0.0094707906887459	0.00952597608496664	0.0169092278863928	0.00134475017048441	0.0171441048149682	0.00114054465436664	0.00663352376180315	0.00662740518374261	0.0065695975029022	0.00701253634943377	0.00375345486942513	0.0341277811403818	0.0171176825926442	0.00208857622085001
POU1F1	0.120726121066868	0.144026050674533	0.027680249531268	0.0543584597986679	0.134342232525557	0.0870176474713942	0.0708158250804023	0.137696756109888	0.0230886565329473	0.0179431150103817	0.0872275904910742	0.0560560253860338	0.00171747580618886	0.00315950772893148	0.00108343071041017	0.00220736761490792	0.00222232236710473	0.0599804512994279	0.0276224685953705	0.0704819670475911	0.0309764476048757	0.0295150204022072	0.0262451041283696	0.0278711404655705	0.0806335902035054	0.0134608913349765	0.0360985737199557	0.0312681253161177	0.0768760359441931	0.0101783580030643	0.0299066716190248	0.00989836648726672	0.0674935153800128	0.123753681451272	0.0359120123627287	0.00575553643025462	0.00563372661466022	0.00260449778984762	0.000504973092052552	0.0129741627063141	0.00264324383920544	0.00692411863108588	0.00473806177706648	0.00542818903290931	0.0109294516684288	0.00386358425072086	0.0511223658044389	0.0262880273607099	0.00481109533906054
POU2AF1	0.265087995958451	0.214614980387528	0.152772810058504	0.185247322716469	0.181428900001942	0.186693328480401	0.0989421369383905	0.289296764289299	0.0320823300640141	0.0249014437087101	0.0798002775250881	0.103536562853598	0.00238912780495326	0.0045531785553603	0.00369048802974914	0.00921569989983539	0.00420105954760086	0.0298478895129354	0.0293178009065982	0.0568695474020856	0.0215224397173776	0.0206763253445008	0.0655290685311057	0.0658398722989052	0.0844186238680205	0.0396359116354095	0.0569367448804566	0.0371288566722647	0.101937070775457	0.0099030289093901	0.0369427834871334	0.0162520520441249	0.0855685895673343	0.0212291623794327	0.0109783117285296	0.0294492668030769	0.0232006623920615	0.0193030554825738	0.00268451240860945	0.0279260107450219	0.00486382574312227	0.0157273958563124	0.0167144150001096	0.0128045936586709	0.0284151492930422	0.0207090715292144	0.0676184387227741	0.0344040645681785	0.0062796059162612
POU2F1	0.221512641381584	0.26638336598293	0.108704510760572	0.0892566991069996	0.24778475711512	0.140710957076786	0.120321154848636	0.228717749696931	0.0176395650502347	0.0177401627103457	0.0630404063489061	0.081751162540772	0.00132795937990182	0.00355458744202575	0.000909802434185814	0.00297581892713428	0.00184012811991674	0.0297001408000874	0.0153168518164808	0.0373336625523671	0.0161266221609089	0.0163218824061178	0.0141297271273311	0.0282225118988471	0.0693912795171556	0.00962939124856121	0.0376281030810113	0.0253900162684885	0.102387250310444	0.0116238667722484	0.0331309640278301	0.00998929629798062	0.0671132693744558	0.0711001441139382	0.012197413409227	0.0083041568438702	0.00418958996497854	0.00546023887677738	0.000814091649186222	0.0188795461727453	0.00154388624434432	0.00649431545297152	0.00211202986498882	0.00709731371613764	0.00732032339118371	0.00412164378844149	0.0416821719911815	0.018855605431453	0.00260754989632028
POU3F2	0.189162448139944	0.285174299811814	0.12992982087285	0.0569410846547143	0.294370093803368	0.110949424862119	0.134347843916051	0.173122725134194	0.00922182098675606	0.00325072888717637	0.0249039399731634	0.0513342039388387	3.83129842718155e-05	0.000771140018182015	3.10862446895044e-15	0.00101625690872353	0.000116476249202968	0.0151681818129499	0.00899447133346887	0.00732727461078042	0.00442020158768508	0.00467859107891155	0.00658207861096527	0.0158794661957482	0.0182402158636584	0.00499176004719215	0.0252392701760498	0.00618746554173688	0.0337135456290322	0.00577429481486746	0.0138401342058129	0.00238606962458299	0.0211273884002185	0.0270073655141564	0.0177968773717218	0.00554172968943645	0.00186831283686506	0.00276560396659653	0.000159509030914107	0.00853829545513829	0.000495048149800947	0.00418824063415602	0.00167482557123799	0.00573729841689974	0.00576916002875649	0.00415595077968156	0.0223047969501027	0.00938493127523787	0.0012273992971259
POU3F3	0.195927850879732	0.160039426742467	0.0911092740817661	0.0947705147255289	0.139014006363355	0.154006876015929	0.0833687960020565	0.311163529236248	0.0222398558577861	0.0219773765870765	0.0594071987121937	0.0924690802089188	0.00165134877615314	0.00682590371384628	0.0017791256410411	0.00724043446090417	0.00337023854388363	0.292374220952425	0.0335961341387143	0.0862327763374073	0.0284769571874163	0.0345115142143473	0.0639102943024006	0.0420322524936874	0.104102056378469	0.0250512017022299	0.0520313611714565	0.0390283775627702	0.0913342444522788	0.00950259900822004	0.0365625393427242	0.00993123640626936	0.115530436372374	0.0203749810939533	0.0348019807605433	0.0185725687125924	0.0222250193904279	0.0200672695530635	0.00155125920380295	0.0303749583530588	0.00265714229734404	0.00960161880323229	0.00595513835310291	0.008273050375463	0.00586001550153081	0.0034398103537514	0.0296295926417272	0.0157200262237458	0.00258706075523718
POU5F1	0.0207594645073147	0.0241523981467635	0.00789622145335733	0.0163081151041533	0.0317781454949011	0.0201631372301627	0.0197281906143196	0.0334869589025177	0.00750843350450014	0.00814325048060982	0.0287383510571998	0.0153833757785078	0.00315572990965307	0.0024844870118006	0.000997329027432658	0.000842837726025669	0.0012580038487946	0.00774228221592677	0.00536707418428051	0.0171186109371526	0.00967039496622002	0.00524629158492096	0.00741196673459532	0.0132591681512617	0.018279164178499	0.00823892736978149	0.0137898873599244	0.00724622422261012	0.0245319332620344	0.0112004991053765	0.00926845717659641	0.00384215351468287	0.0144416225150452	0.111152112105309	0.00949975179755624	0.00606366156684901	0.00359406574298449	0.00286374813043955	0.00127449704836002	0.00777672772701621	0.00244517576794179	0.00703654200060078	0.00632039118644101	0.00328472402537483	0.0133190199033676	0.0162362622072731	0.0343630128548962	0.0162872662896497	0.00220819264862548
POU6F1	0.119207813465251	0.138939479373242	0.0250110522651541	0.058457098399625	0.125889954994192	0.0861271607351024	0.0727735660126015	0.140750411170607	0.0131564533591133	0.020255813601142	0.0667679376935458	0.050066699684058	0.000931205305180427	0.00318222789582145	0.000740852808075898	0.00182883574724313	0.0011874550020492	0.0209299997710368	0.0192368039079114	0.041537769219296	0.0257556300230961	0.0213957117719887	0.0226571215739431	0.0260631301616557	0.0636775911301262	0.0146731136739793	0.0344401865990984	0.0245792743870026	0.0754184785373022	0.00793773320256497	0.0303981810064038	0.00937847206813602	0.0573288357886781	0.122671234508567	0.0124950422500505	0.00424455289602577	0.00303687367002303	0.00290453690115067	0.000689700818318206	0.0156383159075015	0.00290538287533548	0.00668090797129983	0.00327445216653355	0.00787999269327067	0.00951909735850354	0.00334411022652226	0.0639837585034355	0.0266916663540055	0.00386919038619937
PPARG	0.231611598350386	0.168573133279202	0.102887792018356	0.0994863669177657	0.138099987563872	0.130008163168016	0.0699529487177247	0.213453492794091	0.0170683969349856	0.0223303093362748	0.0514376921211609	0.084236955292129	0.00149057187463275	0.0037990701948365	0.00116818882976044	0.00493974320963131	0.00220175347155371	0.0268481884026381	0.0330180423710564	0.0639010755673419	0.018390712468482	0.0227995016511888	0.0409776919432523	0.0378145044114864	0.194121715183844	0.0319497363166812	0.0581328509117249	0.19240052419268	0.253458857149701	0.0171406883321559	0.131567809851507	0.0303172659495243	0.208075406542348	0.0126331641689008	0.014587779580191	0.0165884654249683	0.0170554471163864	0.0185842916609422	0.00134093687623182	0.0127772004127602	0.00100186577156069	0.00591843791735358	0.00305027480287645	0.00458325459009878	0.00577200823622015	0.0032280959113804	0.022942118899145	0.0117103255476478	0.00187672184439291
PRDM1	0.247787994421349	0.153311874192372	0.18973954329141	0.14468104557598	0.11343055438854	0.199305569966651	0.0761425755722385	0.325067442781327	0.0259550750624505	0.0166914276879843	0.0341179586315959	0.107039539342311	0.00204252353439593	0.003625511235122	0.00385327501919663	0.0146706396922907	0.00559989262506222	0.0369157931516904	0.0456768430425927	0.0705128172764002	0.0278781478037784	0.019378031860899	0.13852751398363	0.081338443788323	0.0837509225795814	0.0563319398578618	0.0710809612151111	0.0322867410691439	0.0954749888175084	0.00827111266196212	0.025753818738069	0.0152659600943679	0.0780087047332394	0.00235054055693795	0.00780610967483164	0.0574742385738083	0.0509477207576003	0.0435355504413526	0.00345697469522099	0.0235426253257636	0.00405566442598393	0.0168097182346056	0.00885708830670695	0.0124453499264734	0.0100626148820193	0.00649846582561486	0.0345724148081745	0.0162585025568971	0.00330712322945803
PRDM16	0.22839832885441	0.299918393218568	0.144752381723002	0.0838957534265834	0.276927963520208	0.158582664915897	0.140813039696948	0.274014477112548	0.0137466571792959	0.00652788663336779	0.0368415475004699	0.0641018250716821	7.14752942837515e-05	0.00172309328971121	8.98758618141926e-05	0.00231581837968176	0.00152075322525014	0.0233058395683713	0.0136944278539198	0.0192612480789278	0.00758545082304662	0.00930234130370211	0.0114446625791894	0.0260222085551659	0.0378837851949012	0.0061367409001345	0.0363491284610221	0.0296001952781979	0.0618089624682447	0.00959891351733355	0.0331059371973688	0.00337974336232882	0.043868675534885	0.0248956706865456	0.0173421093094284	0.00857791708876676	0.00262246467281479	0.00295152516029207	0.000398727281281763	0.0111090823427731	0.00103901904363779	0.00515033004959897	0.00269845742633312	0.00824330994095379	0.00883303946907077	0.00402502867568377	0.0350759444324376	0.0173999735088046	0.00222755152591425
PRDM5	0.169937890881949	0.219894608362194	0.054602822110781	0.0689041334636232	0.208403874358287	0.119886259657554	0.102578510414893	0.201035023794396	0.00946894389097652	0.012298587429765	0.0495536071142463	0.0572232322986777	0.000432891273709712	0.00290634231050291	0.000306781122572652	0.000538013996899789	0.0003147166455435	0.0255943366121525	0.011754117726646	0.0281614326635919	0.0178640488135764	0.010424449992449	0.00689571700361458	0.0233705283347041	0.0404912894329079	0.00698286035437445	0.0432449258461119	0.0179424946134814	0.0686387140392005	0.0082846044425684	0.0242936407332532	0.00623602205139107	0.0366697006857893	0.130438379586076	0.0106655522013877	0.00364642164911966	0.00132217903089804	0.00164427919040078	0.000354156460211308	0.0210765119584684	0.00143964766009019	0.00613719814896496	0.00391532427063135	0.00480008702771806	0.00862310222364759	0.0045539449183194	0.0437578940176437	0.0193509853160152	0.00294906429168318
RARB	0.125660780127627	0.145704327297995	0.0259460657607165	0.0634344593706595	0.135305391711345	0.0995282740058245	0.0826352778761359	0.174599163443088	0.0120282839338699	0.00924479155278424	0.0592307755873822	0.0488862308909817	0.000131234981198158	0.00353115128866144	0.000788845262969851	0.00135752221370322	0.000482315741706429	0.0187483137259077	0.0137158969126301	0.0267882720032728	0.0202118508535101	0.0143382321210783	0.00980734793640092	0.0204803133952987	0.0438342082446936	0.00896984814584023	0.0437739163235433	0.0151937517193401	0.0504603776398929	0.00534446782266706	0.0202221570849187	0.00490565121130415	0.0388927942930022	0.12260719496024	0.0116591865150903	0.000778975455601794	0.000323800521277784	0.000499033846287134	0.000106223717649012	0.012927421708441	0.00193656962057598	0.00543948865795696	0.00198660111006688	0.00403561060360369	0.00732805207729648	0.00398231982512465	0.0402509255141401	0.019086215115427	0.0032457423670903
RAX	0.188891885528858	0.26531659234762	0.11429766180589	0.0863379261622559	0.253050567338253	0.149326156939592	0.135569450435316	0.291074450587752	0.0106590795628654	0.00469698164784971	0.0281671141717568	0.0597414117691297	0.000216180721497317	0.00117935911172218	0.000138129250402019	0.00126729974237061	0.000690083382241413	0.0160343568831752	0.0360433580288926	0.03193177722258	0.072625519597892	0.0313982413681386	0.0220965988404211	0.0184066129883523	0.0336341198651426	0.00838793329170739	0.0273305462964732	0.00741210083585475	0.0329013618018694	0.00475110108965615	0.0151250825087104	0.00258346714283642	0.0353929468493415	0.0161751034962769	0.00483278300945456	0.00379726470741093	0.00121499094211619	0.00178890210620786	0.000147343448112958	0.0111988899056787	0.000587150800170133	0.00323686333055895	0.00187670098586146	0.00443022036118423	0.00407339253628836	0.00253205149382696	0.0185878000012483	0.0082841334055388	0.00140533735740767
REL	0.268452040115644	0.197259281738453	0.162677595135281	0.131796626362807	0.166153199575989	0.17628830150524	0.0888169354544639	0.272816319872709	0.0301172224323876	0.0357579784563031	0.0704382664178375	0.127759312810467	0.00317189303148502	0.00642860851098082	0.00312523075257531	0.0113469694758255	0.0048487966341042	0.0343132311730152	0.0247673399006463	0.0578025107878772	0.0217450196826413	0.0198591955471472	0.0602283799627339	0.0916457672350957	0.089328895791927	0.0258552135998719	0.0606214168483372	0.0453917904571985	0.122443084183738	0.00836552875841967	0.0387802027059071	0.0131017646922731	0.0847047134603406	0.0123008423794566	0.0101508177495924	0.0662590144008052	0.0534334809354111	0.0429473060127665	0.00374838738912042	0.0412571913722546	0.00785719877222624	0.0298089511374493	0.0163072630674137	0.0208487905295685	0.0207016169977046	0.00624475788589052	0.0995522730898325	0.0523756701727005	0.0102000033009821
RELB	0.252508247789919	0.207691765808856	0.163657147876303	0.124417949344896	0.177319773330973	0.181098846752157	0.0959803720504591	0.280577302233331	0.0278893112100107	0.0260579828056465	0.0599895922515387	0.111619310925503	0.00262165514728752	0.00497595714009802	0.00265704877808315	0.0100195374492844	0.00427671091755699	0.031296220570494	0.0279979239547488	0.0670996248936959	0.0261858961037815	0.0230769199200295	0.0702008672538557	0.077533450763287	0.0928585717576331	0.0274948623434212	0.0571918721467931	0.0526341365506966	0.149948354395803	0.0101008140616308	0.0470774331830424	0.0164301832489475	0.0884906037349518	0.0139945071788347	0.00991242509319956	0.0431351822734172	0.0326286507746713	0.0274724138362992	0.0028446773981734	0.0328922776873865	0.00660576892263198	0.0253784353674127	0.0154846100010397	0.017550580428171	0.0178878509865138	0.00645864891856407	0.0942489918916792	0.0480914769291518	0.00916916783897559
RFX4	0.0331739537324639	0.036729720736516	0.00480000683095216	0.0214651864880686	0.0356239625497785	0.0298434526093283	0.0257601366172076	0.0409550477575342	0.0063652232520095	0.00990722738235372	0.0222747470536278	0.0194565817266117	0.00109179074739763	0.00220721531101131	0.000906694492100568	0.00171658094188742	9.63736560424255e-05	0.00652486999402024	0.00923368778336009	0.0320453307694004	0.00967454910908061	0.00840774672894473	0.00932622401624339	0.0114027223654274	0.0138117877037638	0.00228415907298685	0.0121928251120165	0.00748111586391764	0.0265577440549625	0.0116307445077539	0.0133194410287336	0.00400878383654879	0.0136480197650638	0.086261339367705	0.00407953131866634	0.000224104098747402	0.000192732705180498	0.000355641885952274	0.00120177764560681	0.00869175172387626	0.000862982280117386	0.00404038321335209	-1.77635683940025e-15	0.0147527613129272	0.00815732129013291	0.00618732156126889	0.0172857956144923	0.0136556860661938	0.00328668673253518
RFX7	0.243570924919452	0.294569504090517	0.135241798910174	0.0908488482796718	0.278056705435121	0.162106324478141	0.139878404719122	0.291488010940066	0.0147292349352797	0.010066358198052	0.047193841738984	0.0738483893648676	0.00036583097814924	0.00223823233808074	0.000323437578473973	0.00267484286860109	0.00145958786425493	0.0277831197389165	0.0133618931791712	0.023496179401189	0.0110488387302982	0.0108728481903748	0.0113216899218773	0.0258028425123089	0.0420741434056617	0.00661897535902711	0.0375469981213332	0.015827873351794	0.0657084420161438	0.00768048829461088	0.0253182628333765	0.00455042172277942	0.0446743547007349	0.0447112294579247	0.00840632748442216	0.00636894804254018	0.00208607855863074	0.0028948404296022	0.000369130249732619	0.0136746063316948	0.000916677797064613	0.0047706445095701	0.00263774673216743	0.00708060233984953	0.00801050680660664	0.0039775489058772	0.0359440879037651	0.0170028718144231	0.00256814282735174
RORB	0.231150996487287	0.29857911222285	0.138811517642245	0.0869143124007806	0.279602743423543	0.159091083564548	0.14121139639601	0.280836019430039	0.013735124976753	0.00837329570703305	0.0413944831381826	0.0666115156620014	0.000189701121655284	0.00185717985400913	0.000121666602112658	0.00215896640870306	0.00162325835431032	0.0268046248576916	0.0141030991693087	0.0208560167191189	0.00959106879913807	0.0104510610591846	0.0103855218076021	0.0258118124356083	0.0407650546103757	0.00628637284883204	0.0358351800783618	0.0155630440913486	0.066901456529243	0.00792616794345102	0.0288897265712362	0.00445844825612851	0.0434619972698126	0.0481427119378194	0.00996058396851884	0.00698799293218366	0.0022359950109232	0.00272560837793168	0.000444726149724683	0.0116227407250195	0.00109617200817769	0.00560246752789284	0.0028410006047801	0.00843480574047317	0.00844141787072772	0.00394361692252621	0.0378016257215869	0.0182109365411949	0.00263971147001973
RUNX1	0.289607579414797	0.136853539652046	0.131496661296915	0.108842859657268	0.092949972391968	0.126162215504428	0.0476688181996217	0.135257322864454	0.0450122789286509	0.0516249441186949	0.0986233957369729	0.146820597411024	0.00449139361263629	0.00985624457854894	0.00360092715285243	0.0124754037999195	0.00880607335076067	0.0212030678904129	0.0317862696184859	0.0951177851207647	0.0314714735196533	0.0399563458324879	0.0901404933847603	0.0599261016204619	0.0676065636645744	0.0243811535784793	0.0847356873483665	0.0233763004820962	0.0603191498556491	0.00513758479943671	0.0208995097276843	0.00698740836421985	0.0618088279495882	0.0197126996514918	0.0146409930048601	0.0327713920588226	0.0288866483259542	0.0229135033970627	0.00439441661322282	0.0171875926772039	0.00229632288680404	0.0124088096521509	0.0075584568265481	0.00734644949773933	0.00664106590355817	0.00325862391558629	0.0532632625792746	0.0321682508117311	0.0062458028774609
RUNX3	0.270407486064404	0.196475833485086	0.149438245353182	0.125952809639651	0.163573088380631	0.174143672283788	0.088298224335164	0.270062951353188	0.0295038285494753	0.0363468351452487	0.0741863733183831	0.131630008643183	0.00308541179422372	0.00678517805366496	0.00275699153581821	0.0104882727662079	0.00461545753845738	0.0506404589985938	0.0254061345536155	0.0620718070300126	0.0237228214156866	0.0220783046363258	0.0575539906915021	0.0886097230237104	0.0987522434327004	0.0242586771809084	0.0619032826378745	0.0489689833706066	0.126248885047169	0.00883482026218529	0.0418674747029621	0.0129205333428819	0.0943458464755442	0.0125897922283638	0.011210625977347	0.0565007355907762	0.0471585893354465	0.0380273182863105	0.00336953548464969	0.0390626544604831	0.00644764857714875	0.0254903487380994	0.013725172661933	0.0178021600481679	0.0189244144293377	0.00584691620022482	0.106977772426359	0.054756710185637	0.0102642663032869
RXRG	0.179897249506062	0.168253789182613	0.0873801550565563	0.0570611166314721	0.162223969794119	0.100341677014743	0.0815797885639935	0.191354139444559	0.0210223076153324	0.0150165687420976	0.0487369641137948	0.0679550934582204	0.0014028333557341	0.00460432733376992	0.00199309976223661	0.00605893205531327	0.00159282712075182	0.115171634156356	0.0445753833908069	0.0774199074021614	0.0346298915704417	0.0387265468716071	0.073728106068663	0.0330526185533992	0.176683868481801	0.0295716878362658	0.0541802316770252	0.0624987402104779	0.118781883736873	0.0173388382794196	0.0391613216654453	0.0118391539126204	0.20693122325057	0.0371923510224251	0.130219070647486	0.00928324096431377	0.0060313540164737	0.00809855656139868	0.00138406281937531	0.0124703548623106	0.000976766081013158	0.0058330537886031	0.00563294783662494	0.00391894433964812	0.00571397774364946	0.00397714620540035	0.0218594805960874	0.0100050051364202	0.00250370643068898
SIX1	0.192038338381862	0.132175038260623	0.102981293883163	0.0795594126978139	0.109264473080488	0.117016229279566	0.0582483983274409	0.183088586292321	0.017251310989564	0.0143504510159136	0.0436144967066283	0.0764343657967226	0.00112723926518044	0.00321735678816082	0.00143803695633493	0.0079511099130366	0.00292195605028156	0.0301795652926364	0.0916163788131934	0.208006733070434	0.0662206885640957	0.0687432532280199	0.219091738879819	0.0612115810570529	0.259766477955804	0.0831976109364596	0.0932687589781338	0.0222227015247503	0.0708365486871916	0.00590596874638716	0.0250670627887709	0.0062070256660357	0.264595684747234	0.0136572301214786	0.0164887840072736	0.0242613190082375	0.0204381848338533	0.0167893241840258	0.00167747675156216	0.0149835765053405	0.00185181177767868	0.0082009996367024	0.00557266980775206	0.0059125654336698	0.00485064123138201	0.00319887847956857	0.0181162595333022	0.00898208780681398	0.00151278835884683
SMAD1	0.226429683721547	0.162778693265716	0.0888519503230503	0.105931575641919	0.128132471731239	0.137493906376073	0.0666477500936361	0.199207727094809	0.0231884228445769	0.025032686995571	0.0623992441418797	0.0889747883857438	0.0020129499900472	0.00420748163080154	0.0018095382965907	0.00610156322239563	0.00302966147201333	0.0212455451861809	0.0181177433507829	0.0426800861149864	0.0173962746646396	0.0203009557754588	0.0307979130027061	0.0331147249121189	0.0594553555797301	0.0136647197990255	0.0453564633810062	0.172347878808629	0.436210497909105	0.0444498095256288	0.167445748900516	0.0544481726088134	0.0662193347315905	0.0164960608507014	0.0115329447341903	0.0140459361489518	0.0121336851949057	0.0078356277650089	0.00166756533858359	0.0105322763025255	0.00139288853984998	0.00561605095048234	0.00446590683700299	0.00592903298675851	0.00531149014506638	0.00274643513264294	0.025065741431239	0.0129313271834054	0.00163846756065233
SNAI3	0.229576756178713	0.302802001925711	0.147541464138415	0.0818720677881561	0.283617060395489	0.156287386137538	0.14363503888253	0.267197037711668	0.0132630562051663	0.00604441841097669	0.0359043950164415	0.062499355363231	4.58177913846836e-05	0.00165087231839678	0.000125536702893614	0.00213073471943859	0.00134377407303865	0.0229874509821237	0.0130252569334122	0.0167452490050956	0.00792473284949247	0.00958684319196235	0.00880828826058533	0.0246244282487953	0.0376396877857439	0.005936659207462	0.0343420054317731	0.0132452716913845	0.0588018930023537	0.00773651047267365	0.0276648423953949	0.00333448151617244	0.0429703158571911	0.0294029724037268	0.00813774141790025	0.00720550273888665	0.00204487979214762	0.00331975093491121	0.000423522669182663	0.0112619686608558	0.00097106309347561	0.00514260744345563	0.00349680487242154	0.00812979615371878	0.0083379456986783	0.00410433867959381	0.0371213914977251	0.0173189688123465	0.00244060301885773
SOX10	0.274569911747714	0.184705071423135	0.125903853338008	0.114066518993952	0.148441524320339	0.158448074492878	0.0810770644284546	0.253825511376643	0.0389550981096374	0.0779924741644988	0.102675088045325	0.131865424327208	0.00453314819368267	0.0103467559818846	0.00383931770635049	0.0140120960602823	0.00910355298985899	0.118523951627915	0.0285482951883591	0.0796443049964229	0.0263115658914537	0.0299328556018434	0.0598829565880257	0.0509696418648078	0.12638462382449	0.0252331972405668	0.0719671135766331	0.0604952983852685	0.12792783557492	0.0105701996785785	0.0453368203706308	0.0126636489623413	0.121480033640055	0.0204293578974015	0.0431181684296499	0.0228379755271555	0.0198956828840615	0.0169250682005753	0.00358126004950265	0.0214301317356602	0.00289532631151335	0.0103050535958418	0.00517292394929891	0.00745871910342621	0.00766496275538209	0.00315087649492796	0.0458270066391757	0.0221384193582552	0.00435367350228366
SOX15	0.298255240250202	0.260242682313987	0.195513386610263	0.184069109048105	0.208654037684589	0.271673008546543	0.130973554935425	0.416153678068412	0.0181089797239444	0.0137517906984133	0.0470585262136213	0.128977852805451	0.00172476847234815	0.00424474507386818	0.0022662816083947	0.00861739448902998	0.00216658480646204	0.0205198607657263	0.00658450190361903	0.0124959127895907	0.00350183792041459	0.00356401014231122	0.0163492349766949	0.0323708763856266	0.0256615006484286	0.00739581729114325	0.0456656687828922	0.0115744666182787	0.0320656221524298	0.00363837453034588	0.0106252066072814	0.00465072240634257	0.025392868810715	0.00182156956776391	0.00193447746742503	0.00428965305307361	0.00400393743049521	0.00372862329371992	0.00114864935983516	0.00464720231544291	0.000431592215367149	0.0018533502524225	0.00125424360810267	0.00302798250482361	0.00161114851012623	0.00110079866040769	0.00650582389842813	0.00419074517391316	0.000749072403531947
SOX17	0.257136824866603	0.159991657344467	0.119258389854363	0.110434184408765	0.128362411169209	0.146443568442119	0.0675217997722506	0.219854837703296	0.022768620658435	0.0288246324054831	0.0612067579618799	0.107282217525537	0.00239020088816999	0.00524118754173086	0.00189343162408884	0.00726242182452475	0.00307192104622445	0.0258786397605371	0.0272739572634122	0.0653076330268059	0.0227057777201025	0.0243464685618169	0.0522417847966337	0.0414807808456289	0.118029090144225	0.0237824604341155	0.0566840689547619	0.192044048282632	0.316322802713906	0.0197182458421006	0.134560642580569	0.037276158779844	0.11332897726211	0.0121706805689663	0.0142957528521643	0.0194371883262934	0.0169798285986579	0.0124403467515345	0.00183939398790933	0.0145822213697993	0.00142804930954243	0.00734966335185105	0.00372804077660382	0.00500277098913848	0.00660170369071844	0.00280398964621242	0.036346870497896	0.0163349886877291	0.00288144765615594
SOX2	0.328468936298359	0.203807098741176	0.122302545345699	0.143077898506658	0.159126878536172	0.177613219997672	0.0844801044023286	0.246193822650204	0.0250592453967724	0.0391364744385604	0.0743730076388023	0.108203888922992	0.00244534881351899	0.00617130422271617	0.00201596545456928	0.00740672301971634	0.00422814459971832	0.0681838747838792	0.0303711319007602	0.0892603977283435	0.0281562647457021	0.0367194936531654	0.0541672105147029	0.0422589738194318	0.105240570086742	0.0232278253539044	0.0728881817577576	0.0492825539865251	0.133248424922361	0.0131351565441291	0.048742753192762	0.0141110507863487	0.0994711588052066	0.0249698395055451	0.0670315413334723	0.0145892657059725	0.0133273672485991	0.00860369237593384	0.00186975938173473	0.0161217788128781	0.00218570234095372	0.00723017341826726	0.00380385759631641	0.00715109931246172	0.00587908278357019	0.00265437980064243	0.0371816076075118	0.0168402457043015	0.00275452508115959
SOX30	0.0596245945651181	0.0492731370401949	0.0166127290778333	0.0243210913625171	0.0477784124817726	0.0280946365509231	0.0280717420740979	0.0429264282964952	0.0115943393919824	0.00363798405683269	0.0260445816950332	0.0256176731639306	0.000371257370712197	0.00143267747097653	4.44089209850063e-16	0.000834763086663859	0	0.0447911515450123	0.00977483809571122	0.0135225190524091	0.00941453029759476	0.00708996247321658	0.00685656508910781	0.010038651277479	0.0153496627847374	0.00623931913059173	0.0164750364632957	0.0143595181230209	0.021869646751552	0.00383437191356961	0.0119404664420386	0.00412866615642082	0.0117167916253162	0.10127186216364	0.0141288812538698	0.0017531386943439	0.00273866201805184	0.00353459652843258	2.22044604925031e-15	0.00772625794562942	0.000664057950529706	0.00344718812924216	0.001857737497309	0.00984858506369368	0.0065472110310284	0.000524332779180847	0.0235468103606908	0.0100298067659648	0.00207489220652057
SOX4	0.316447037543337	0.172686429099699	0.191041361081224	0.137042451688614	0.132831460558016	0.174602784666309	0.0709834436194263	0.228675051125887	0.0395410080270434	0.0506666695470355	0.0923389921265311	0.168910152662633	0.00463191946617414	0.00924806503521947	0.00392155585067888	0.0144175636094881	0.00660855867347365	0.038350062268887	0.0330020092544306	0.0810696992341514	0.0286109430575058	0.0274706439773504	0.0879804991754837	0.0589618205556605	0.121498225589193	0.032456194689455	0.0766872822886366	0.0470708241442548	0.115237535244746	0.00805191607043199	0.0375395802080518	0.0125881185195644	0.107457003457876	0.0066409663943936	0.012004612844642	0.0301355865005228	0.0248122532191147	0.0200278941846925	0.00348883536108846	0.0196487280558085	0.00309842138085092	0.0119727134555769	0.00650718398333749	0.00820398167695469	0.00839840140782921	0.00318997315830671	0.0417446555964338	0.0203804374953279	0.00407175563996454
SOX5	0.189085609898597	0.249792595125882	0.11019287076052	0.0676350586759442	0.250365094080116	0.111534440345608	0.114696090145739	0.175191261011104	0.0115131881799796	0.0122619117805732	0.0394515143085801	0.0610871132613795	0.000939535068571251	0.00268548072732977	0.000278356364628252	0.00211597045960765	0.00118571483102869	0.0323304024113074	0.0127546893353231	0.0174947587819416	0.0112663028623003	0.0065637368997935	0.00820086333272096	0.0177620066851568	0.059783390049897	0.00784882638503148	0.0267562666333364	0.016210738205525	0.0508271357073629	0.00670018705015574	0.0191435423976694	0.00516386391161128	0.0550605798891763	0.0765166786349667	0.0110033618689471	0.00363254334812746	0.00113016725325665	0.00190609308900502	0.000154994646665907	0.0102499620867361	0.000765360182826247	0.0041867654820571	0.00304315411187406	0.00589816423676526	0.00637351457423474	0.00388063866764732	0.0324390685751725	0.0155015265727086	0.00189636978580521
SOX6	0.233640782028161	0.284520265983716	0.123985203181778	0.0866074179645008	0.262288147376744	0.158334195541528	0.137439596359278	0.294172011263554	0.0128852475508305	0.00827229548983865	0.0501016341192568	0.0677990596579281	0.000222900961103112	0.0024143879714339	0.000162003893252383	0.00166404345893623	0.00113369455455514	0.0301024849865029	0.0119648149139943	0.0216891491076445	0.010611556966524	0.0100390688666756	0.00763841012933764	0.0246064124287992	0.0433787513844807	0.00616821186111061	0.0358936258200795	0.0197361418052018	0.0730499877467858	0.00863303314491359	0.0290236269387372	0.0054107592587016	0.0438877388961745	0.0584977161612499	0.0113501528389028	0.00526449234419579	0.00198723856679639	0.00243967336585937	0.000613761498747256	0.0129653589634811	0.00103453150021582	0.00500869163188078	0.00464682472312283	0.00659569640157276	0.00802394348384272	0.00356195419305538	0.037764506002578	0.0168356739390378	0.00237369377000973
SOX8	0.24711121134568	0.163409721679997	0.135411061445174	0.106153303974256	0.136258494910042	0.158020680685778	0.0784041087852297	0.290885508736798	0.0551088454435539	0.114441988783406	0.117951520422037	0.146102416136275	0.00724992867811536	0.01334631184447	0.00518130573518172	0.0183737588666468	0.0114505157665166	0.0523112379746078	0.0298344995167317	0.0826121902732291	0.0265415520837248	0.0321905562158471	0.0665652962161988	0.0513756031873079	0.135207963358212	0.0250688875646125	0.0693564579614465	0.0476217540912275	0.12050853310511	0.00878204121455806	0.042539409021414	0.0117777211986456	0.121158387809447	0.0141792434040049	0.0360301970851375	0.0285418951096444	0.0229435518864715	0.0181289666798234	0.00485257062705857	0.0214369299952317	0.00302545079957639	0.012356536140041	0.00602022597859309	0.00773699108715831	0.00751738721074735	0.0023749859189417	0.0440676596146121	0.0228258493077835	0.00458214372221477
SPI1	0.251732860528518	0.17915793659891	0.170171384640844	0.123583879437912	0.145659139581195	0.18345136090641	0.0820698973356841	0.276961659492409	0.0267803337084846	0.0264694939405101	0.0557000943097428	0.11466099230852	0.00244212663988086	0.00503652099083229	0.00321195492453319	0.0129463614089825	0.00531675452542468	0.0370613585803595	0.034732443256118	0.0739227395426725	0.0249464040346785	0.0228712725948523	0.0965908967928164	0.0963770730532294	0.09968014399391	0.0365235098519113	0.0652190300083009	0.0484079679749408	0.125079432506581	0.00928774087642825	0.0395961523711128	0.0137205864315857	0.0939400127885818	0.00925247297943899	0.00992492528515854	0.0868594443305538	0.0783638405285241	0.064501531772408	0.00412384838806967	0.0333872648028648	0.00721729762091772	0.0286170038643065	0.0131952533019234	0.0201924371322675	0.0156759025177904	0.00539762792930221	0.0652732789306393	0.0345919064371147	0.00643244589942038
SPIB	0.252212767931738	0.196867251364123	0.150309550207834	0.121263722882429	0.168085125036407	0.17153830682786	0.0891222789670998	0.268504893481194	0.0269190996425561	0.0278810711993366	0.0585117252981975	0.109396150555986	0.00261287904118213	0.00516037818945181	0.002664917158401	0.0107885431146073	0.00471043739038413	0.0307561054019888	0.0250780229887537	0.0542495002262043	0.0205182760537831	0.0182825721476216	0.0599251725855605	0.10557425338811	0.078605364973491	0.0246280310850548	0.0574258869731508	0.0457024884827667	0.133461356720439	0.00847537074770344	0.0408673803136645	0.0131696715929881	0.075775379763608	0.0140673977457445	0.00994450690797199	0.0977218014931698	0.0789317280324839	0.0620506268637888	0.00457998031359774	0.0362904823348298	0.0124796917111035	0.0461689051493582	0.0287829797983188	0.0320376389817683	0.0285754526880186	0.00834805355974655	0.0923800759540667	0.048369181654194	0.00968305946024306
SPIC	0.196790420450957	0.235714161064824	0.142622565364524	0.0733414306702895	0.220868878393338	0.133627481432491	0.109254635551395	0.239480166874871	0.0146365000617419	0.0101899910845322	0.0293507612050836	0.0622324288534802	0.000396722719846809	0.00187818217046143	0.000874225434306597	0.0064811034777118	0.00349492819384167	0.0207486600542387	0.0172920448998743	0.0209409683088591	0.0107637442307243	0.00855232789161942	0.0404312252292787	0.0994391816382012	0.0305279569315355	0.0134461280688458	0.0452904495090903	0.0127693427560076	0.0505957145710596	0.00571870002635633	0.0211986268151336	0.00326061539068712	0.0373091115568356	0.0134000720163709	0.00622483737878143	0.16410882608233	0.200142585100514	0.13144678372243	0.00508298865735601	0.0214642523200721	0.00518207342155086	0.0288534396149034	0.00971381236481728	0.0154481186987094	0.0120303420322087	0.00507390917943296	0.0290757150130241	0.0276894238343919	0.00420168259359943
SREBF1	0.258524178999485	0.219363473947345	0.144678689589655	0.124367184963734	0.193161286919778	0.190034758017092	0.11071500812736	0.332930571739001	0.0503757461044293	0.0585262139462783	0.146331281692363	0.130941914319425	0.00471975908494304	0.00769969880304378	0.0026353411524378	0.00927094611445267	0.0056111922854396	0.0347716764240775	0.0209240398348993	0.0563075777825273	0.0187319161228797	0.0206122964044714	0.0375081359361532	0.042952263030523	0.0923002719319881	0.0156839252751737	0.0543506382622212	0.0438017718090704	0.11478633707157	0.00934451980182349	0.0426600804832715	0.0102594434112653	0.090149913791055	0.0161282128653901	0.0117986843612162	0.0163187112370946	0.0133585939333524	0.0116132592838354	0.00304977289610942	0.0198292978511566	0.00206721846317337	0.00866716669281753	0.00489785232554896	0.00759000409793087	0.00742492629063096	0.00345771906338621	0.0397338285333353	0.019469585555437	0.00358131929758554
STAT1	0.248066715563004	0.18274178117685	0.171514715519511	0.127725282351372	0.146836593813617	0.196348859331796	0.0853343533136839	0.28490959155743	0.0258387218923188	0.0207988907912872	0.0518867823452231	0.111330815858739	0.00204965724781903	0.00451461079902959	0.00309681553022534	0.0128279993991105	0.00474811066755865	0.0431951066813911	0.035106418777044	0.0721910016035366	0.0252432956372894	0.0212069214144675	0.101340631679421	0.0935027369522219	0.0918382971104441	0.0374413396795654	0.0641651703821549	0.0446450199440861	0.108878126529318	0.00860876458101156	0.0345037065474508	0.0122097485856731	0.0875024367127029	0.00891646971305482	0.00947779130689308	0.0978084358903131	0.0906446673155332	0.0768169761639168	0.00424928382378109	0.0298813134966858	0.00567754204096937	0.0253214161206189	0.0106426438614182	0.0164899743580054	0.0123666771376481	0.00509402665717817	0.0450160835315314	0.0257512601814132	0.00459935618336016
STAT2	0.230595319739375	0.19350914450814	0.108082219234213	0.101784272831142	0.167474310325221	0.152427728690048	0.0892022115788953	0.248843560380946	0.0217566015328652	0.0229161505663003	0.0605894634118036	0.0864148862383033	0.0017290239559945	0.00393062322090953	0.00128678712567054	0.00571014404634662	0.00305414333438636	0.0349751725944125	0.0609911310995117	0.204257580354965	0.0613393035231168	0.0676838995818794	0.156315253092371	0.0607628546324275	0.137188750493817	0.0463238153334369	0.0743399535130808	0.0426537306025808	0.121444020978521	0.0133942466071701	0.0403540990941799	0.0115823798710428	0.126113000671806	0.0183259952573763	0.0162864942295943	0.0316352915767489	0.0256019783508747	0.0226260144763472	0.00181631112501091	0.0187049978383718	0.00302369931303403	0.0118658488551452	0.00680400040762563	0.00787802099781132	0.0081458130766261	0.00400321378099233	0.0367518091200297	0.0179406475772508	0.00302735943734422
TAL1	0.227587056840309	0.189763966493468	0.110017434933912	0.101736047149954	0.161203943901594	0.152082947951233	0.0846915324144477	0.247736740382192	0.0209050946499325	0.0231202314877499	0.0602376682721758	0.0879872382111087	0.00162900874834393	0.00389441267631474	0.00141310689070129	0.00584664043714855	0.00297724856229298	0.0288296437876419	0.0194179168231272	0.0522525182672773	0.0159353745178374	0.0186302706443739	0.0366354528453835	0.0510595826018803	0.0759293785152775	0.0158690520450612	0.048930750838942	0.151971163467409	0.354867805434805	0.0255260781586231	0.131633735621142	0.0400619480190494	0.0722308938833573	0.0185624553517656	0.0118473392340998	0.0286792806140233	0.0240682271227184	0.0195856175903177	0.00181674084218586	0.0571941763710201	0.00261625215169259	0.0122692312994042	0.00565887135870191	0.0113064738313455	0.00908680703706632	0.00380410388110031	0.0496547142360025	0.0245842903500799	0.00439020461636075
TBX15	0.231988296852994	0.174535807157971	0.10533949275361	0.108078330444196	0.141714273393225	0.153056448983901	0.075715001416758	0.222875653594748	0.0215765968463618	0.024696556453194	0.0595013283606942	0.0946438717099003	0.00194174536549174	0.0045638412726714	0.00172536739526086	0.00654678110139151	0.00312724474626513	0.0350540320457793	0.063734911157076	0.148034935915132	0.0513967841069958	0.0529376650141211	0.130162651957501	0.0525233335658271	0.228265874334899	0.0564644768713929	0.0792593722551951	0.0517294267872308	0.138788732081984	0.0115185996047908	0.0478824337203726	0.0152842304903992	0.221655163762721	0.014130263973134	0.0170043604351953	0.0192217989027254	0.0178148014967012	0.0154960646475411	0.00158057763165109	0.0179325750085122	0.00208146473054394	0.0084048689169629	0.00440429199239034	0.00618293324920871	0.00640426711972331	0.00297717470296455	0.0340460407612699	0.0166499438016237	0.00278469142141535
TBX19	0.0279598884541097	0.0349300693772781	0.00997556746724482	0.0155869979077755	0.0358405922271667	0.0240092584668069	0.0215605751970944	0.0373478179342535	0.00332061767556913	0.011333985146339	0.0151022532824183	0.0206196210471941	0.000122603602557003	0.00257371233332937	0.000398219844422343	0.00356176796221275	0.00177946641028726	0.0244741512772915	0.01523647897126	0.0294151656941355	0.0234471775984197	0.0261332961623759	0.00794309233762247	0.0171785735157411	0.0607365268455968	0.00896624604526974	0.0251676844422195	0.012023255461093	0.035283453965076	0.00970037213334551	0.0159323684850505	0.0043393716976754	0.0426377686977271	0.0551824063752989	0.00624212138718994	0.00196638629981161	0.00169970410305909	0.00240609319437679	0.000981255758522925	0.00911267108495117	0.00526486741808985	0.00434510011818934	0.00207097759165342	0.00348691720754213	0.0041704359850967	0.00426333804599288	0.0391734861973339	0.0237509440311152	0.0034394268526996
TBX20	0.0693528232882188	0.0858687284108965	0.016110878277789	0.0463316363728334	0.0783673065638806	0.0526667853247049	0.048045100378353	0.0776709145442859	0.00686352760343467	0.00530220296160833	0.0290560507281474	0.0289597590569053	0.000267921581204922	0.000864315865000798	0.000109949333289894	0.000473476969375386	6.97079225749908e-05	0.0189601441616325	0.00666961869952298	0.0179366768855997	0.0162134227846008	0.0104691578299846	0.00401280972230644	0.0142957761026559	0.0285855802910786	0.00461722851007451	0.0175603176066084	0.0124154812179564	0.0366039153021422	0.00287352730028201	0.0144561894620117	0.00551333892258188	0.0236566863529257	0.122499316377681	0.0094689394224533	1.765254609154e-14	0.000186548696307853	0.00011199771210646	8.43769498715119e-15	0.0105682407383966	0.00271212189898051	0.00387008471912453	0.00175834815758602	0.0039983632468068	0.00797552769770404	0.00325809522883336	0.0368424613927043	0.0186521770730361	0.00260349193097986
TBX21	0.22282607317219	0.245835764201993	0.128239297028597	0.0818563530014733	0.225914783730648	0.141999932752666	0.11290799708976	0.250460883235505	0.0152723512139643	0.00833972680511597	0.0392447474345944	0.074468993726746	0.00039338773680242	0.00239974146111199	0.000601349276176721	0.00431098777439387	0.00234334880035936	0.0283711263285289	0.0159726317109405	0.0320595064381217	0.0122814450466937	0.0147017927301423	0.0233977021623784	0.110495835344358	0.0462046572811411	0.0102594698993507	0.0475840465478337	0.0225539273598538	0.078645062761425	0.00800152481791327	0.032083582699883	0.00587594273088976	0.0507968607605511	0.0288342289497709	0.00995150956406954	0.0458321310878973	0.0321401937050083	0.0268129747481221	0.00248234986071816	0.0353026167798417	0.00567660799397873	0.0265544170695378	0.0126633667287726	0.0192268394903501	0.0226447599953583	0.00890361306268417	0.169788861639865	0.141863665015991	0.0288445147437246
TBX22	0.20619307539094	0.295244574214335	0.139289524847304	0.064116275670949	0.293671208761786	0.125403853653722	0.139458654453455	0.200750062137707	0.0104939836804039	0.00354392252607361	0.0264152561967725	0.0525424694784462	-7.105427357601e-15	0.000972272639684357	6.77497595917842e-05	0.00129265396705558	0.00043518827676825	0.0167346999279192	0.010190092613392	0.00934638014785327	0.00542842343138306	0.00549883526751827	0.00731086601554432	0.0180498493388066	0.0341070535754894	0.005332093704425	0.0384020948405441	0.00833213812318201	0.0388914936633236	0.00679581539281449	0.0186976403428405	0.00258384995018601	0.0318940494656802	0.0203819325554382	0.0051481199472807	0.00505601838540548	0.00123685165995147	0.00236016872716238	0.000229314964354188	0.00866634565789881	0.000592353208877849	0.00371582359158706	0.00161458441590856	0.0069701000977167	0.00607699831600772	0.00368316844153094	0.026795448355351	0.011451550065142	0.00156040765692156
TBX4	0.159410585315668	0.212712395386807	0.0761900957155688	0.0607569778470567	0.217433192317756	0.094653909403499	0.0945919050368961	0.150160115465318	0.0127807098308905	0.0093541192658102	0.0396871512821959	0.0567583863142593	0.000412930978504811	0.00192098612932567	0.000358934531075272	0.00182817347083319	0.00165903156328295	0.0162740146090086	0.013785856893624	0.0346068207871342	0.0144168237383824	0.0201870362941166	0.0109705508638828	0.0233946517255632	0.0533985430137385	0.00663421688199117	0.0386609005162	0.012442621631602	0.0491252069306957	0.00914808258643163	0.0149503983026835	0.00520602535733417	0.038175053897562	0.0841991254098486	0.0131704814489426	0.00342771474895032	0.00194080969795274	0.00269234208582514	0.000678838257632264	0.0128823906365677	0.00110811524351151	0.0057158676504232	0.00443276512799051	0.00395126109485289	0.00607970122651591	0.00419774727232602	0.0425446732279945	0.014841674066165	0.00230038439076719
TCF12	0.256923911568681	0.233642755273564	0.12778684598115	0.121655970763222	0.208147154174749	0.168536503526048	0.10944367792406	0.270383395751099	0.0309089411001704	0.0330385494234613	0.0899227249112313	0.106462780131246	0.00242775179616228	0.00555687711188346	0.00227435248981311	0.0092117263695124	0.00427338564686086	0.0393343865450737	0.030678750450273	0.0644296065651149	0.0241270476203649	0.0246450012678612	0.0726972095049657	0.0467858933078593	0.0848793621815509	0.0263562053614843	0.0545967641426787	0.0537583155772765	0.13084029381771	0.013440141458178	0.0472761661432646	0.0142387392163579	0.0815090820495394	0.036188631404603	0.013250863528816	0.020910764873917	0.0189307076497575	0.0149748559983751	0.00214256138874391	0.0182310172655158	0.00205268824496585	0.00823523949749982	0.00645229819059034	0.00803875333170845	0.00732530128364695	0.00470031652341119	0.0410529621161067	0.01888037780518	0.00336973577951394
TCF4	0.243478830701024	0.182154888989908	0.105433683252684	0.113905370856675	0.148798249279252	0.156665122874577	0.078711563459442	0.22403226139224	0.0238129522759833	0.0303802826718926	0.0655115335103699	0.0973657544703128	0.002267189693546	0.00484405487626027	0.00182040286236074	0.00693704632573811	0.00321622910211938	0.0342901982960852	0.0453746887265408	0.111957444516926	0.0394355760227374	0.0387547886536282	0.100281603681626	0.0596839449324065	0.169508537985531	0.0411977118035176	0.066881884932398	0.0943224248511758	0.214299157049604	0.0157975189414964	0.0753372854417005	0.0233149705796036	0.1629582273569	0.0151625639360133	0.0142268212236171	0.0333317283665393	0.0274804624697955	0.0224074759587088	0.00219020814426063	0.0210190491161639	0.00345234504941816	0.0128293267983435	0.00726660122644496	0.00891131656156874	0.00949578658397021	0.00377933591072221	0.0485000781086402	0.0239180533389306	0.00434750172822418
TCF7	0.235361886582222	0.210778330334762	0.136328429248076	0.0968329168061779	0.188755578068611	0.158352347573463	0.100729227754458	0.265841037965851	0.0298004728585227	0.0254644164994333	0.0678698845484011	0.115207016950652	0.00272723546779063	0.00521742692791349	0.00203016086764518	0.00785295998721014	0.0043226684477895	0.0294332562222259	0.019202784001994	0.0433742484915284	0.0172807523856975	0.0151720127241277	0.0499487827199283	0.105093451179348	0.0628791200492245	0.0177214169289908	0.0565968270373354	0.0383577766709527	0.0889990082215455	0.00683090151788313	0.0335129204772389	0.00878576792918673	0.0562417088301798	0.0130849679208191	0.00817073947293323	0.0265695214155497	0.0209870378325882	0.0171586661836967	0.00243385296540044	0.0260994255693272	0.00513667343909763	0.0213360525244333	0.0101964207695872	0.0138445728066456	0.01947905222417	0.00530931167038295	0.219329796641355	0.0974870305432578	0.0176353788883135
TEAD1	0.106809885866565	0.119745886698004	0.0463125033104279	0.0753388906035408	0.102164660859672	0.105928429935249	0.0663882289717356	0.133678956168208	0.0134791490872457	0.0157917292487444	0.0444839833400691	0.0515175732466135	0.0015849767476489	0.00320553874527474	0.00108151929571276	0.00306569841873161	0.00131960245437823	0.0262675899631633	0.0178610501206649	0.0601676683230126	0.0181111982950749	0.0194618951953345	0.0147215436393049	0.0216766107613102	0.0596742478991863	0.0101002293847752	0.0353372154735374	0.025604754812811	0.0680210917253232	0.00934259862679854	0.025726861917015	0.00709364544687074	0.0556102739750719	0.0482581001912541	0.0220939467969518	0.00492729825939098	0.00426672743720191	0.00426760800734549	0.000576419837611697	0.0118400652820021	0.00107217926230962	0.00522695634145554	0.00176836347627651	0.00721551419871991	0.00633277348550321	0.00414021858819535	0.0267328585997073	0.015563694699571	0.00206715717876882
TEAD4	0.265321509899035	0.187873741938528	0.106755591407016	0.145564531928396	0.160110468012797	0.177381867917199	0.0855996254930445	0.188947657331145	0.0109085916256817	0.00750642644294097	0.032216127618822	0.050204420576919	0.000842454878932974	0.00207936388970653	0.00105597448308348	0.00342462233521346	0.00117602053761967	0.0159336629458839	0.0235536970105215	0.0273415823203289	0.0112799619928048	0.0110423770366308	0.0222520107341412	0.020893810181754	0.129650984525413	0.0279139824430834	0.0380676229173413	0.0791303269591597	0.196728346328129	0.0142926212630201	0.0500058621825916	0.0282650331050296	0.140744756674975	0.0202665874611088	0.00694542508277252	0.00539084742733542	0.00155021614920647	0.00146804750952167	0.000803184602227391	0.00623885379662292	0.00214403546986319	0.00446729956355063	0.002690312337848	0.0028795648188249	0.00625770692167005	0.00247528740628999	0.0178722158943955	0.00762862253594632	0.00158573018065455
TFCP2L1	0.4929609386594	0.175322024252853	0.112898051877302	0.211070305019199	0.0916987351467946	0.183446497625832	0.0528161467022137	0.159208055403333	0.0338440345985553	0.0524507034749195	0.0978280774650178	0.154425780060615	0.00401749219339487	0.00998257451117857	0.00316871092955617	0.0109956467795782	0.00557202807395196	0.0275752853013389	0.0120574361796842	0.0316843037920858	0.0117739615593462	0.0104914256263846	0.0236300071345381	0.0312849941216714	0.0525080947585594	0.0110386438875689	0.0760428752438544	0.0471525831623097	0.102938536563647	0.00695708991413424	0.0379803464300681	0.012949987571966	0.050333083512196	0.00751977108083945	0.0129086415187538	0.00696219127373787	0.0050236489419031	0.00495535975114259	0.00255934301636285	0.00646248075881872	0.00179553767594598	0.00395770878952995	0.00196765709871083	0.00340953159242985	0.00317771978910453	0.00163896159419741	0.0214445209312845	0.00884765707023116	0.0016470993797788
TFF3	0.117207223102822	0.0839417573477997	0.0456684265811883	0.0524282465900703	0.0676769071657638	0.0741238374589324	0.0395645175326009	0.0898588793449435	0.0114321835283115	0.017051054635141	0.0335585029795219	0.0488638421732552	0.000893757194876943	0.00246916864664293	0.00095748586588984	0.00568980847909883	0.00272746060235407	0.0311854925425001	0.0673558763111807	0.100305292955346	0.0286250422553052	0.0350043643769262	0.0972479410773588	0.0321648068383289	0.164209277818705	0.0581945425967849	0.0554068672117884	0.0393593655399378	0.20169905320475	0.113816313319245	0.0471339723279809	0.0212967127388278	0.214468801900343	0.0294589389309827	0.0167863941866472	0.00632970316673132	0.0101407697935202	0.0132636474895883	0.00114102107431036	0.00806385480579719	0.000414803138574893	0.00545398337281044	0.00326385208920432	0.00403776686052293	0.00391662712490104	0.00125289984559007	0.0141263897634543	0.00694081502600064	0.000828431109582861
TGIF1	0.306252934059716	0.180813787554334	0.214035854201125	0.158398626952016	0.132350473282285	0.201460041725647	0.0745138796046061	0.256409725956382	0.0381132750298854	0.0428000988270205	0.0706237940067269	0.156654537410243	0.00426918335581616	0.00801738623280757	0.00456145127983287	0.0158741429137221	0.00678517493647068	0.0335503587540493	0.0318652852679474	0.0670156847323298	0.0237374399510533	0.0217301334267336	0.0952631201966105	0.0640117654643777	0.100618925715165	0.0375996215833703	0.0696344635838346	0.0348777681622705	0.0886570835768181	0.00643599629696112	0.0267286032786112	0.0116861250208896	0.0884093740967462	0.00437995053585971	0.00700523066697822	0.0398885513328252	0.0343286864527989	0.0279378540349369	0.00356195914482094	0.0201170091762713	0.00363013191358941	0.0138150815253105	0.00644788398348295	0.00953373294570437	0.00771067867098907	0.00327323288206793	0.0395793117832829	0.0194730014521065	0.00357628661604692
TGIF2	0.211969337350191	0.0602403837776353	0.141144467781546	0.0772130237255433	0.0387204997267037	0.0556184995510427	0.0173466735944633	0.0475357407250641	0.0433049968862911	0.0381139947737481	0.0382209272646743	0.0913286883150026	0.00531422609428245	0.0054928150767235	0.00381082217196216	0.0150936683238988	0.00500152556220868	0.0382732102840335	0.0471779449527661	0.0854406090558529	0.0339617700162966	0.0270292212302086	0.0960539156570853	0.0713433507027845	0.134574081140255	0.0427476333504522	0.0719819043426488	0.0324524430597777	0.09175405640732	0.010900960833405	0.0311505600923745	0.0131832557021915	0.14006878448007	0.0142025301559211	0.00906279978570557	0.0368294090918473	0.0201224109845752	0.0192000453415871	0.00345693026493143	0.0428280542840974	0.00689501624204913	0.0171382228885288	0.00883764169695023	0.015329819160848	0.0153703030188926	0.00275822854110919	0.0974093217315445	0.0472836826665304	0.00953256282503556
THRA	0.138661268803433	0.11624242802317	0.0517483928587052	0.0636948861385346	0.087523842520133	0.0891666462482573	0.0510087797468655	0.0960550843372805	0.0535978616206017	0.0529379938860909	0.0858253737259691	0.0691748157220828	0.00423802463082379	0.0077972176189498	0.00344363944800619	0.0152324973692539	0.00940991701784921	0.0225052651487171	0.0234321649669227	0.0694242158025491	0.0229482353756553	0.0225275061845169	0.0275749740258981	0.0407080846557146	0.146507686523431	0.0104042065771135	0.055321106660819	0.0190956884283462	0.0987492215514674	0.00510284138752171	0.0225784951378389	0.00609983190664465	0.0863701521788028	0.0120022078295089	0.0218078935733304	0.0320574219811296	0.0210043446495374	0.0213557373781811	0.00461151390305004	0.0212064279085565	0.00332182860108698	0.00589989693887161	0.00120140801742363	0.00900266701808716	0.00739096220504742	0.00231655909687545	0.026899845980179	0.0203849788471386	0.00221123782150712
TRPS1	0.288966329024726	0.208750273562253	0.142338518265234	0.133852697042661	0.172725996753202	0.188935116914606	0.0960531208733093	0.27845281524385	0.0569255813631901	0.0716020645853542	0.140830234986949	0.152242769225384	0.00623477462489785	0.0101140350241404	0.00402649208791561	0.0131448118064659	0.007233378847608	0.0313127667573103	0.0237722697373828	0.0651056676639903	0.0232776416530782	0.0246731248658595	0.0593057809540254	0.0460802652560588	0.0971429089919471	0.0216896036848889	0.0622571223208548	0.0459317449962036	0.106994652264326	0.00780527962197253	0.038669610748399	0.0108125110045794	0.0846913881982001	0.0140483880280056	0.0111273136009256	0.0182883024827669	0.016827581003856	0.0150679516095673	0.00382518860686898	0.0179111720966434	0.00205129247330604	0.00823788791096791	0.00396924799638843	0.00639589236966343	0.00604529567384848	0.0031279130539088	0.0332176830682788	0.0171915514666992	0.00304250692717112
UNCX	0.062374768157788	0.0724422416768464	0.0110319428082611	0.0294694531055693	0.0695565546464898	0.0476982033135095	0.0419290710955295	0.073832047801496	0.0100152250008938	0.01517584835222	0.0491108044715294	0.0356324270267571	0.00094602432644264	0.00342234088894477	0.00145192236858716	0.00162885219302522	0.00392059146607737	0.0130720960537642	0.0140143300999542	0.0372074934540629	0.0178215137351656	0.0200632654327751	0.0134614358050666	0.027876215114891	0.0638321775006681	0.00886971029913752	0.0335517026374508	0.0171466520817891	0.0565955138444836	0.00642637878583496	0.0191877207530582	0.00684127157980363	0.0432679860587681	0.124984407945089	0.0273803615904371	0.00169913201914129	0.00153271094617513	0.00218128161952347	0.0013543695305388	0.0100605364794657	0.000515450606084711	0.00367491237969286	0.00522201920255672	0.0040884101013936	0.0181979956354099	0.00395532772800566	0.0553840495286875	0.0294493678604899	0.00343131399197261
XBP1	0.255297383952265	0.205717820722251	0.153657324365173	0.129564741766639	0.177030198926587	0.200247086492922	0.10594906637586	0.360215662162543	0.0448766657728442	0.0501705838364834	0.108609844375527	0.130564828712418	0.00444150204475979	0.00722225225829098	0.0032542915742485	0.011537179212525	0.0060064862292748	0.0342184408755168	0.027023329121254	0.0639190368792547	0.0229407459656574	0.0227506978011032	0.0606619564581081	0.0494440285400028	0.096553955043686	0.0242604386876796	0.0575945553573336	0.0418301309061815	0.108047964390487	0.00853598975410641	0.036963543314474	0.0111554699974432	0.0888977650935669	0.0123160269090448	0.0107916317967865	0.0223025987777945	0.0183314163802181	0.0157561785797343	0.00304838085772108	0.021700762119197	0.0027429699189534	0.0105179830702664	0.00651523645158991	0.00816967192751483	0.00809758335712996	0.00452758968461364	0.0412122542570896	0.0198223369611144	0.00369315868378739
ZC3H11A	0.266107437993602	0.216622255831803	0.126243119274003	0.130315275166088	0.179804538419198	0.185039954913008	0.0982896702187003	0.285234712584433	0.0293732779388975	0.0398613426122006	0.0899223974199241	0.123087144589009	0.00306325182113831	0.00652424305460209	0.00199668844476397	0.0070866915943425	0.00351091811738224	0.0366030374513957	0.0274087204101691	0.0775482305749097	0.0288412847223196	0.0283625007171966	0.0513571653932081	0.0524056034513953	0.132097453322872	0.0236561268897009	0.0597699514756147	0.0590941773474686	0.146966651399842	0.0107969979849054	0.0516784135847506	0.0147959935699562	0.12366656602621	0.0141723594452132	0.0135107247544611	0.0229341694809473	0.0200087589854571	0.0165192639876527	0.00207093782178258	0.0226078511994592	0.00302991655048535	0.0122413976290343	0.00665331562466898	0.00872902661439712	0.0106211015416011	0.00373033092721919	0.0596969552314059	0.028009480162794	0.00503184288159331
ZEB1	0.230733177781753	0.164841957309228	0.11839461845534	0.113961432794425	0.131186040755601	0.160883588686206	0.072179940822712	0.22091207088106	0.0238965521454846	0.0255092166126182	0.0590956861996061	0.100516537027617	0.00226678599291041	0.00475844707593864	0.00198457729217538	0.00779487199654261	0.00352137720604384	0.0344638176166023	0.0478171433977286	0.110210236456475	0.0404812798071608	0.0387343262640998	0.103386910768492	0.0636756929698765	0.158719611632757	0.0435411454064982	0.066804897716116	0.0988477476279386	0.230500434215946	0.0169447300717653	0.0835131698290952	0.0268202022183452	0.163778309471101	0.0127157949872737	0.013893564271413	0.0291037160726373	0.0248041943956536	0.0200762465832148	0.00216294349325719	0.0250113681131732	0.00370919803771497	0.0144198894475029	0.00818954454414333	0.00946908579462313	0.0109649373860849	0.00411247248266555	0.0641992042023219	0.03079114419354	0.0057195111155709
ZFP14	0.208484099279746	0.259876924253138	0.121414068938726	0.0759310139307284	0.249435401130088	0.138060923740497	0.122353287948821	0.238109680322773	0.0128673183203329	0.00779553566501723	0.0414667207245633	0.0699424757657963	0.000603961304267653	0.00331233937235109	0.000363450135104415	0.00257415504473646	0.000781201929015651	0.102787031018348	0.0148005411188985	0.0363172067483363	0.0106071102357291	0.013352205576546	0.0144139891528752	0.0271925155587718	0.0474161527114723	0.00788433719927861	0.0357943993791882	0.032133102298773	0.0987822549794961	0.00823089995526205	0.035264091943114	0.00739861814208442	0.0501022101046738	0.0415605305196063	0.0102729557422544	0.0106500210207818	0.00928306593597839	0.0164039149790136	0.000809319026158217	0.0249716143156464	0.00106976108976098	0.00618998867197507	0.00307701278758254	0.00659848217929904	0.00688886621576357	0.00350968468123392	0.0301196584107283	0.0170255104356534	0.00484726512995415
ZFP91-CNTF	0.167259500320807	0.241132106873008	0.110447292179159	0.0706946702079037	0.239984494018438	0.131231179505163	0.130528601869841	0.306439558256881	0.010854959390232	0.00561529298265551	0.0255749274823057	0.0567031558195747	3.53703173168185e-05	0.00140501960667261	0.000434234515319432	0.00571661805833656	0.000967606984033864	0.0189001013147168	0.0287627524353267	0.0177128101588904	0.0200222536897691	0.00944490551062871	0.0145712348216807	0.0296793807575164	0.0353825383621988	0.00741208704448204	0.0291244483668356	0.0156008420628807	0.0504555615619295	0.00557998529164405	0.0222772891215476	0.00405138431797103	0.0335390077389627	0.0203843724357847	0.0379021385958771	0.00669282832511919	0.00457373930091864	0.00281940290106109	0.000696898489956355	0.0130027045178129	0.00101949392799239	0.00741924809350536	0.00466646769102874	0.00743668426797872	0.0118104208105686	0.00469006665449001	0.0530410589016423	0.0248235623291051	0.00418618673893545
ZIC1	0.050760533976254	0.0767664328205693	0.0400849374653345	0.0291457609164467	0.0822423472106415	0.0592808646732204	0.0568054300123438	0.18794077740997	0.0085088848649344	0.00365317330408454	0.0280835707813999	0.0314331213601479	0.00025300077778212	0.0010689158789472	0.000237407778369558	0.00212282397056485	0.000807531878514012	0.00630029805580357	0.0684888106910768	0.202143494285351	0.096912263147124	0.0850681437001803	0.190655753153464	0.0299808860318012	0.0385675859128194	0.0466465465821155	0.0526721920329586	0.00544234987786674	0.0210442241345578	0.00735504033421952	0.00712713549290633	0.00289130472289578	0.0397361218214274	0.0212596423238571	0.00144768609928692	0.00870937205730193	0.00540877239784598	0.00417201872150941	0.00100409723540407	0.00858553801685003	0.000978123039021339	0.00588413429465273	0.00382942767591077	0.00323615973173197	0.00331757767464269	0.000699098626424366	0.00795534784876217	0.0044610559914906	0.00202435486692021
ZIC4	0.226439101876593	0.294621118706591	0.140335197862135	0.0829921184991571	0.270912248129546	0.154636470703308	0.137793004668944	0.264313810226277	0.0154799985182774	0.0133937552983484	0.0372133985236616	0.0661990655573508	0.00163598844588098	0.00506169648364896	0.00227596502512062	0.00746142730084998	0.00150045839526225	0.0230708140867041	0.014253975169911	0.0209836107993133	0.00969356572204116	0.00975587249403742	0.0131542338229858	0.0255946021443644	0.042720143776561	0.00788247115686502	0.0358460648030969	0.0131440016963161	0.0581741926993842	0.00785387403142546	0.0274047898148998	0.00345951021698854	0.0428984563134025	0.0292964203123737	0.00928126178245625	0.00770466329793806	0.00268348848019895	0.00361708181774922	0.000729865127955365	0.0312393153619662	0.00110330029342998	0.00497321194512423	0.00307122518081315	0.00783062827738201	0.00808066381604677	0.00408002831368937	0.0348364505826687	0.0165737727547692	0.00347104628976003
ZNF143	0.101873139781725	0.0983072775583462	0.0602515867943541	0.0684608600528549	0.0882808974450147	0.0861066174443492	0.0543280574544778	0.128188410892504	0.016337805620303	0.01284367251438	0.0418466821719382	0.0543335059963808	0.000983800222069231	0.00309591973956547	0.00123951150683266	0.00380943717924143	0.00290713922287966	0.0203166110361932	0.0120309807133452	0.0256023209661695	0.0130262253877911	0.0119427883690827	0.0193103574603992	0.0301593153231201	0.0523012418106381	0.0104144185619075	0.0326301611373188	0.0212788295541313	0.053631481953987	0.00661945299856548	0.0259437790557479	0.00600314674534086	0.0421993106656637	0.081154491281473	0.0121867821643245	0.0115654366800961	0.00723939967192355	0.0102119180215541	0.00181127628320044	0.0134912142563186	0.00267785867074233	0.00811549931580535	0.00320841176369568	0.00567808367690492	0.00805715996297307	0.0044489580194409	0.0375563063461799	0.0161279852215149	0.00281620320612186
ZNF165	0.309453519432234	0.219174876042578	0.249275543647289	0.160521280533811	0.168412242280156	0.258587357109907	0.105058837025149	0.353182775464626	0.0232107048638992	0.0206014424094805	0.0488265941722856	0.155452699208194	0.00243017420499814	0.0060685294540459	0.0029590570787057	0.013806083538531	0.0041453154016684	0.0204255416630232	0.0104839609834098	0.0165943520877003	0.00224686368243798	0.00475275750907056	0.0248930736291471	0.0544685890843093	0.0336348730021769	0.008234359266311	0.0653165815694166	0.0162625411839397	0.0386555474024042	0.00348190549667415	0.0147785646433065	0.00427212969727686	0.0370256052723792	0.00575513755454105	0.00278648960785355	0.013975904596788	0.00989312906739914	0.0100206404568736	0.00206539234969882	0.00886720975828292	0.00110401708530861	0.00730532941996209	0.0104872637561416	0.00661908000742628	0.00600589616453728	0.00322854217058532	0.0383905406532385	0.0238900581428876	0.00412499758055629
ZNF281	0.231297045391816	0.156885560188749	0.118182295549338	0.120300640220041	0.122063942075051	0.158183549686355	0.0673031738050427	0.207501053488351	0.0268245748027545	0.0267718080058845	0.0672318543886663	0.0998605912408748	0.00241764296813507	0.00479993054536876	0.00261415737588422	0.0100104123628748	0.00393935068707241	0.0372645115175541	0.0505595316040957	0.117892956413756	0.0443366791735085	0.0411126881832491	0.131318584751655	0.0828870956536356	0.119920482508048	0.0480081492957163	0.0658144295539059	0.0857249619911367	0.193633462080176	0.0137626389954648	0.0631104982670587	0.0229806087161655	0.112344711825697	0.0113245662644129	0.0133882026083008	0.0613555733401698	0.0518169693207042	0.0475839245895173	0.00317245169150804	0.0296780779223496	0.00517799619527259	0.0205938526635174	0.0111125765657623	0.0126879296659346	0.0135180501782511	0.00499256671268078	0.0714750526812657	0.0375366703239584	0.00691868808623419
ZNF354C	0.0415433083744527	0.0499771610204258	0.00990989021607414	0.0242101226295679	0.0469714748716115	0.0340844684218744	0.0293654492775646	0.0416019955850975	0.00474335448295693	0.00382160091202577	0.0204987938791135	0.0202035291729026	0.00111400810024098	0.00211529943521627	0.000236480945607243	0.000839173465739584	-4.44089209850063e-16	0.0108070215417968	0.00870993068015347	0.0201022775869739	0.00924809804662963	0.011565996688691	0.0044885843766771	0.0122360093636477	0.0328075909591632	0.00491084136224351	0.016790343426626	0.0153575305843094	0.0419667469999865	0.00624295411289266	0.0227918050816707	0.00717322276517296	0.024124214475604	0.0805161879502225	0.00986993139756498	0.00296358706000266	0.00588567888506164	0.00219408404107235	0.00204072006944733	0.00985520363819115	0.00197829156814988	0.0198788145688575	-6.66133814775094e-16	0.00239483314739153	0.0102349444270706	0.00627417625620252	0.0251788828441586	0.00802521734358863	0.00125589300408024
ZNF394	0.230986282436826	0.218224655132694	0.142615779775529	0.0873304601852565	0.194835401972962	0.152988030705896	0.10322182121867	0.259514125830497	0.021495796592827	0.0186635101806438	0.0520138063018145	0.105582515877194	0.00207796092645818	0.00399662431199066	0.00122995883471044	0.00665112139243429	0.00318197566494705	0.02210814698688	0.0133375463937297	0.0297066000573395	0.0107308172176523	0.0122859611647268	0.023758985086663	0.085933909785213	0.0564580433707781	0.00817007063282182	0.0506220627378583	0.0332291097089819	0.0886593153160036	0.00618916478831122	0.0319107198864935	0.00727641337575347	0.0527873097308269	0.0107298714382342	0.0064067710026724	0.0251572056637678	0.0162743193587721	0.0118250435686994	0.00232790327132815	0.0273570939157673	0.00442078613309416	0.023192523092638	0.0171919710015648	0.0178220897179479	0.0253453088942556	0.0050008140235438	0.178897169404326	0.0768776660584648	0.0155158501665974
ZNF536	0.0729070153073564	0.0957892440561297	0.00890320664775412	0.0364682147363953	0.0868958044782726	0.0514261669069921	0.0522864832894988	0.0864919033713569	0.00616696697775487	0.00363248969621988	0.0276756944390891	0.0273944867105563	8.4280268382031e-06	0.00382970924331372	0.000522505139869178	0.000229021563849074	-2.22044604925031e-16	0.0146915901727692	0.00875586063657663	0.0308949287532323	0.0237151325684463	0.0163963055841934	0.00503190525682284	0.0108020557297395	0.0244847421239767	0.00818571731020967	0.0292300342458229	0.00968485653378015	0.0395983736863108	0.0044162368147409	0.0155272718089081	0.00558244465532964	0.017287873717051	0.0985218136923618	0.305421264844093	0.00113639879239691	0.000583152664512143	0.000814578527260634	1.99840144432528e-15	0.00860561250731762	0.00113125828531535	0.00265509319983415	0.00161642365421566	0.0027420288811103	0.00676299019003701	0.00194927513287468	0.0241742371998035	0.0128158126266723	0.00122443194904021
ZNF570	0.0783610838693025	0.0787485546497089	0.0267687182979319	0.0460131680423006	0.0733689258576129	0.0622754231961813	0.0478187895610263	0.102787085082677	0.0116904410552636	0.0146598977762344	0.0369343892862678	0.0431385128328778	0.000553640335197558	0.00238022640371716	0.000280486361473709	0.0022009402284171	0.00188552892142257	0.0223211514612651	0.0176522135524836	0.0426394172052973	0.0170233505581373	0.0336893276927115	0.0218054801425382	0.0201916665029566	0.0625094069074299	0.0105778676596626	0.0336308812368278	0.0413254227433502	0.0635278284536611	0.00583954996804792	0.0264928589143794	0.00743266166684509	0.0508749133836168	0.0472207557447669	0.031933530772432	0.00604519310355767	0.00399216175210348	0.00538224197718096	0.000160841371263487	0.0143708750405647	0.00278111461989505	0.00618674364429705	0.00230321114518395	0.00373694547289571	0.00384248852099989	0.00138277112809171	0.0307746003334888	0.0138874256723474	0.0033180424835747
ZNF573	0.0966446055318479	0.145355222288948	0.0322865236527812	0.0439232937741463	0.148669851832318	0.0763973524504969	0.0676677108728647	0.110174870257743	0.00709669022541115	0.00727229844011346	0.0346778847202188	0.0399397446145338	1.89620837824922e-05	0.00224706919470918	9.23875871453594e-05	0.000226614490318466	0.000512562632968061	0.0190217065097462	0.0106700134030639	0.0235001308377645	0.0129931114266715	0.00773333592968661	0.0073209295983323	0.0146405138417837	0.031168897856786	0.00914145466502736	0.0217963671342341	0.0119737429699981	0.0362859841896204	0.00538776693389076	0.015690956171692	0.00549794800088121	0.0283793398992342	0.131001970965549	0.0131769837638427	0.000891708021224291	0.000490226912299052	0.000785041621989668	0.000503016723226501	0.0124521460994568	0.00180233886141601	0.00479704278257387	0.0020075889887774	0.00380197312159281	0.011440096232507	0.00361839895460103	0.0377891315055487	0.0164725131813908	0.0018727036795827
ZNF616	0.0885252496796475	0.0837871766693585	0.0276872974367814	0.0417043709592521	0.0779284783797034	0.0642320308196822	0.0500241680021603	0.09554714362971	0.0131190346241568	0.00879762370806225	0.0458272686281583	0.0428851936734458	0.000778708036959674	0.00293273641006819	0.000556504892076592	0.00160336505170711	0.00061780394893729	0.0149565917884072	0.0158124025415105	0.0386883167751151	0.0193297575287299	0.0144705931198705	0.0236612742643703	0.0222128179795024	0.0371838251854101	0.0127122919881281	0.0319144368487503	0.0292065799408141	0.10701527531114	0.00594652208516577	0.0419284517648673	0.0168714805511099	0.0300489425580488	0.118974884553854	0.0249444027657754	0.002633122459204	0.00104277952127352	0.0014696638493894	0.000186324726467513	0.010832725757167	0.000727512258276497	0.00540998052785779	0.00206024961605733	0.00514078339927204	0.00822692970067651	0.00204883517890431	0.0369778560398649	0.018266359512024	0.00317024808621791
ZNF835	0.144352575825123	0.209205440901036	0.150136832026637	0.0770222207453449	0.207335986974071	0.183772384658981	0.113573664872355	0.290746498821319	0.0111289978832068	0.0041790375076558	0.0348107937367984	0.0894454039785033	0.00111266834518498	0.00222999278647373	0.00165583264277314	0.00838710178730639	0.000811305003884488	0.01116348752387	0.00716108504376956	0.00724655020754483	0.00426753504431865	0.00489858937065246	0.00967264087036368	0.017732472140276	0.014970847844803	0.00487910968936789	0.0246225571084924	0.018036477179274	0.0332080652398739	0.00398154861106381	0.0163077891298962	0.00280070276251299	0.0176390985556414	0.0186070696156684	0.00248871617196444	0.00302688137560136	0.00136645493779486	0.00156512313561175	0.000408039859316922	0.00435956151400885	0.000651193126116612	0.00198066871545222	0.00084428865459385	0.00326886741637844	0.00328410553795999	0.00212513919855528	0.0139332577630333	0.00499914974109616	0.00100874602759549
